query,city,title,description,url,domain,is_directory
(Sanitärinstallateur OR Heizungsinstallateur OR Kältetechnik) Berlin,Berlin,Kempinger GmbH aus Berlin - Heizung | Sanitär | Bad,"Bei uns finden Sie maßgeschneiderte Lösungen für Badsanierung und Bäderbau, egal ob es sich um Altbau, Neubau oder Gewerbeimmobilien handelt. Wir verstehen, ...",https://www.kempinger.de/,kempinger.de,no
(Sanitärinstallateur OR Heizungsinstallateur OR Kältetechnik) Berlin,Berlin,Kältetechnik Richter & Scholz GmbH | Berlin | Home,Wir sind Ihre Experten rund um das Thema Klimatechnik & Klimatisierung - Jetzt anrufen und beraten lassen!,https://www.kaeltetechnikberlin.de/,kaeltetechnikberlin.de,no
(Sanitärinstallateur OR Heizungsinstallateur OR Kältetechnik) Berlin,Berlin,Heizung und Sanitär | Berlin | A + M Heizung-Sanitär GmbH,Wir sind ein Meisterbetrieb für alles rund um Ihre Heiz- und Sanitäranlagen. Unser Schwerpunkt sind Reparatur- und Sanierungsarbeiten an bestehenden Systemen ...,https://www.heizungsanitaer-berlin.de/,heizungsanitaer-berlin.de,no
(Sanitärinstallateur OR Heizungsinstallateur OR Kältetechnik) Berlin,Berlin,Sanitärinstallation M. Schulze seit 1947,"M. Schulze Sanitärinstallation, Blücherstr. 57a, 10961 Berlin, Tel.: 0306929655 - Schon über 70 Jahre bieten wir unseren Service an.",https://sanitaerinstallation.berlin/,sanitaerinstallation.berlin,no
(Sanitärinstallateur OR Heizungsinstallateur OR Kältetechnik) Berlin,Berlin,Heizung Sanitär in Berlin - Berliner Branchen,"Heizung Sanitär in Berlin ; A.E.S. GmbH. Tempelhofer Weg 36, 12347 Berlin (Britz) ; Abel. Ordensmeisterstr. 52, 12099 Berlin (Tempelhof) ; Achim Grahlmann.",https://www.berlinerbranchen.com/heizung-sanitaer/berlin/,berlinerbranchen.com,no
(Sanitärinstallateur OR Heizungsinstallateur OR Kältetechnik) Berlin,Berlin,Theodor Bergmann aus Berlin - Heizung | Sanitär | Bad,"Bei uns finden Sie maßgeschneiderte Lösungen für Badsanierung und Bäderbau, egal ob es sich um Altbau, Neubau oder Gewerbeimmobilien handelt. Wir verstehen, ...",https://www.theodor-bergmann.de/,theodor-bergmann.de,no
(Sanitärinstallateur OR Heizungsinstallateur OR Kältetechnik) Berlin,Berlin,Schwalm Heizung & Sanitär GmbH: Ihr Sanitär- und Heizungsprofi ...,"Entdecken Sie unser vielfältiges Angebot in den Bereichen Heizung, Sänitär und Gas. Ob Wartung, Reparatur oder Neubau - profitieren Sie von unserer langjährigen ...",https://www.schwalm-berlin.info/,schwalm-berlin.info,no
(Sanitärinstallateur OR Heizungsinstallateur OR Kältetechnik) Berlin,Berlin,"Installateur Sanitär Heizung | Haustechnik Werner, Berlin","Haustechnik Werner – Ihr Installateur für Sanitär, Heizung und effiziente Anlagen zur Nutzung erneuerbarer Energien rund um Berlin.",https://www.ht-werner.de/,ht-werner.de,no
(Sanitärinstallateur OR Heizungsinstallateur OR Kältetechnik) Berlin,Berlin,"Best Heizung & Sanitär near Berlin, Germany - Yelp","Best Heizung & Sanitär near Berlin, Germany · M. Schulze Sanitärtechnik · Mielczarek H.-P. · Berens - Gas, Heizung & Sanitär · Beuthers · Kuban Luft-, ...",https://m.yelp.com/search?find_desc=Heizung+%26+Sanit%C3%A4r&find_loc=Sch%C3%B6neberg%2C+Berlin,m.yelp.com,no
(Sanitärinstallateur OR Heizungsinstallateur OR Kältetechnik) Berlin,Berlin,"Heizung, Wärmepumpe & Klimaanlage Berlin | Meisterbetrieb","Meisterbetrieb für Heizung, Wärmepumpe & Klimaanlagen in Berlin. Installation, Wartung & Reparatur vom Fachbetrieb. Jetzt anfragen & Angebot sichern inkl.",https://reichert-haustechnik.de/,reichert-haustechnik.de,no
(Sanitärinstallateur OR Heizungsinstallateur OR Kältetechnik) Berlin,Berlin,Kältetechnik Berlin Brandenburg - WOWI Luft- und Klimatechnik GmbH,"Splitanlagen mit bis zu 10 Innengeräten an einem gemeinsamen Außengerät werden für die direkte Kühlung von Wohnräumen, Arztpraxen, Restaurants, Verkaufsräumen, ...",https://www.wowi-luk.de/leistungen/kaeltetechnik,wowi-luk.de,no
(Sanitärinstallateur OR Heizungsinstallateur OR Kältetechnik) Berlin,Berlin,Stephan Haffner - Professioneller Heizungsbau in Berlin,"Unter Telefon 030 / 35 13 78 30 sind wir für Sie da. Montag bis Donnerstag, immer von 07:00 – 15:00 Uhr und Freitag von 07:00 – 14:00 Uhr. Oder Sie nutzen das ...",https://stephan-haffner.de/,stephan-haffner.de,no
(Sanitärinstallateur OR Heizungsinstallateur OR Kältetechnik) Berlin,Berlin,GSH Berlin,"Telefon: 030 880 64 795 · E-Mail: info@gsh-kaeltetechnik.de · Anschrift: Brunsbütteler Damm 115, 13581 Berlin.",https://www.gsh-kaeltetechnik.de/,gsh-kaeltetechnik.de,no
(Sanitärinstallateur OR Heizungsinstallateur OR Kältetechnik) Berlin,Berlin,Willkommen im Standort Berlin | CLIMATECH Firmengruppe,"Planung und Ingenieuring; Montage und Installation sowie; Wartungen. von Kälte-, Lüftungs-, Heizungs- und Sanitäranlagen. Die Produktpalette reicht von äußerst ...",https://www.climatech.de/klima-lueftung-berlin/,climatech.de,no
(Sanitärinstallateur OR Heizungsinstallateur OR Kältetechnik) Berlin,Berlin,Wir bauen Ihre Klimaanlagen in Berlin ein | Lubotek GmbH,"Wir übernehmen Ihr Zuhause, Büros und Gewerbeflächen. Entdecken Sie unser ganzes Spektrum an Kältetechnik und Klimaanlagen in Berlin. Qualitative Klimatechnik.",https://lubotek-klima.de/,lubotek-klima.de,no
(Sanitärinstallateur OR Heizungsinstallateur OR Kältetechnik) Berlin,Berlin,Scheimann Haustechnik GmbH & Co KG die Haustechnik Experten,"Scheimann Haustechnik GmbH & Co KG -Ihr zuverlässiger Handwerker für Haustechnik, Installation und Rohrreinigung in Berlin.",https://scheimann.net/,scheimann.net,no
(Sanitärinstallateur OR Heizungsinstallateur OR Kältetechnik) Berlin,Berlin,SANA-TEC GmbH: Willkommen,SANA-TEC GmbH Gas-Wasser-Heizung Installateur in Berlin und Brandenburg. Mo – Fr von 8:00 – 16:00 Uhr. 030 531 122 65.,https://sana-tec.de/,sana-tec.de,no
(Sanitärinstallateur OR Heizungsinstallateur OR Kältetechnik) Berlin,Berlin,Patzwaldt – Heizung und Sanitärbetrieb in Berlin Schöneberg ...,Unsere Handwerksfirma ist spezialisiert auf Wärmepumpen und bietet Ihnen eine umfassende Beratung und professionelle Installation. Mit unserem Fachwissen und ...,https://www.patz-sanitaer.de/,patz-sanitaer.de,no
(Sanitärinstallateur OR Heizungsinstallateur OR Kältetechnik) Berlin,Berlin,"Haustechnik Berlin, Gebrüder Schlaf, Gas - Wasser - Heizung","Heizungsmodernisierung mit energieeffizienter Haustechnik, hoher Komfort auch bei der Warmwasserbereitung, ausgereifte Systeme von Markenherstellern, ...",https://www.haustechnik-schlaf.de/,haustechnik-schlaf.de,no
(Sanitärinstallateur OR Heizungsinstallateur OR Kältetechnik) Berlin,Berlin,Heizung und Sanitär | Berlin | Grimm & Mielke Ingenieurges.,"Sanitär und Heizung. Unsere Leistungen umfassen komplette Sanierungen, Heizungsinstallationen wie auch ein zuverlässiger Notfalldienst bei Rohrbrüchen und ...",https://www.grimm-mielke.de/,grimm-mielke.de,no
(Sanitärinstallateur OR Heizungsinstallateur OR Kältetechnik) Berlin,Berlin,Uwe Latzke - Ihr Partner für Heizungs- & Sanitärinstallation in Berlin!,"Ihr Berliner Partner für Heizung und Sanitär! Durch jahrelange Erfahrung und Wissen auf den Gebieten der Installation, Wartung und Reparatur unterschiedlicher ...",http://www.firma-latzke.de/,firma-latzke.de,no
(Sanitärinstallateur OR Heizungsinstallateur OR Kältetechnik) Berlin,Berlin,FKL Heizung Sanitär Lüftung Klima - 12555 Berlin-Köpenick,"Ihre Spezialisten für Heizung Sanitär Lüftung und Klima aus Berlin-Köpenick. Installation, Wartung, Badsanierung, Badumbau, Energieoptimierung, Klempner,..",https://www.fkl-heizung-sanitaer.de/startseite/,fkl-heizung-sanitaer.de,no
(Sanitärinstallateur OR Heizungsinstallateur OR Kältetechnik) Berlin,Berlin,Manfred Nischke GmbH - Berlin,Ihr Partner für Heizung - Lüftung - Klima - Sanitär · Der Meisterbetrieb aus dem Kreuzberger-Kiez für die ganze Stadt · Badrenovierung · Heizung · Trocknung.,https://www.nischke.de/,nischke.de,no
(Sanitärinstallateur OR Heizungsinstallateur OR Kältetechnik) Berlin,Berlin,Reinhard Tietz: Sanitär Heizung Berlin,"In der Sanitär und Heizungstechnik erfüllen wir alle Aufträge in Berlin, Hamburg und Bernau mit größter Sorgfalt und nach den anerkannten Regeln ...",https://www.tietz-sanitaer-heizung.de/,tietz-sanitaer-heizung.de,no
(Sanitärinstallateur OR Heizungsinstallateur OR Kältetechnik) Berlin,Berlin,SEK Scheer & Ehrke | Kälte. Klima. Wärmepumpen. Technik.,"Ihr Spezialist für Kältetechnik, Klimatechnik, gewerbliche Wärmepumpen und Kaltwassererzeugung in Brandenburg und Berlin. 24/7 Hotline: ☎ 03301 522 87 87.",https://www.sek-kaelte.de/,sek-kaelte.de,no
(Sanitärinstallateur OR Heizungsinstallateur OR Kältetechnik) Berlin,Berlin,"S.H.E. Haustechnik GmbH: Sanitär, Heizung & Elektrotechnik","Ob neues Bad, moderne Heizung oder sichere Elektroinstallation – wir beraten persönlich, arbeiten präzise und bieten Leistungen aus einer Hand.",https://www.shehaustechnik.de/,shehaustechnik.de,no
(Sanitärinstallateur OR Heizungsinstallateur OR Kältetechnik) Berlin,Berlin,Heizungstechnik | Berlin | Kröger Heizungs- und Sanitärtechnik,"Sie suchen Heizungssysteme für Ihr Zuhause oder Ihren Betrieb? Unser erfahrenes Team hilft Ihnen gern bei der Installation, Wartung und Reparatur.",https://www.kroegerhaustechnik.de/,kroegerhaustechnik.de,no
(Sanitärinstallateur OR Heizungsinstallateur OR Kältetechnik) Berlin,Berlin,Heizungsdoc GmbH – Sanitär und Heizung Berlin,"Ihr Installateur und Heizungsbauer in Berlin. Wir sind Ihr kompetenter Partner rund um die Themen Heiztechnik, Bad, Wartung und Service im Raum Berlin.",https://heizungsdoc.de/,heizungsdoc.de,no
(Sanitärinstallateur OR Heizungsinstallateur OR Kältetechnik) Berlin,Berlin,"Klimaanlagen, Klimageräte, Luftreiniger in Berlin-Weißensee","Wir bieten Ihnen die Wartung und Reparatur von mobilen Klimaanlagen zum Netto-Pauschalpreis von 100,- € zuzüglich ggf. erforderlicher Kosten für Ersatzteile und ...",https://bienert-gmbh.de/,bienert-gmbh.de,no
(Sanitärinstallateur OR Heizungsinstallateur OR Kältetechnik) Berlin,Berlin,Kälteanlagen Berlin | Lüftung und Klima - BBS Gebäudetechnik GmbH,"Wir kümmern uns bei unserer tagtäglichen Arbeit um die erfolgreiche Einrichtung Ihrer effizienten und nachhaltigen Lösung der Klimatechnik, Kältetechnik und Co.",https://www.bbsgebaeudetechnik.de/kaelteanlagen-berlin,bbsgebaeudetechnik.de,no
(Sanitärinstallateur OR Heizungsinstallateur OR Kältetechnik) Berlin,Berlin,André Langner - Heizung - Lüftung - Sanitär,"Heizung & Bad vom Fachmann. Als „Vaillant Kompetenzpartner“ stehen wir für höchste Qualität in Beratung, Umsetzung und Service.",https://www.heizungberlin.de/,heizungberlin.de,no
(Sanitärinstallateur OR Heizungsinstallateur OR Kältetechnik) Berlin,Berlin,Ludwig & Sohn Kälte-Klimatechnik e.K. - Startseite,"Ludwig & Sohn – Ihr Ansprechpartner für Kälte- und Klimaanlagen. Sind Sie auf der Suche nach einem Handwerksunternehmen im Raum Berlin, welches Sie kompetent ...",https://www.ludwigundsohn.de/,ludwigundsohn.de,no
(Sanitärinstallateur OR Heizungsinstallateur OR Kältetechnik) Berlin,Berlin,"Zimmermann  Meisterbetrieb für Sanitär, Heizung & Umwelttechnik ...","Zimmermann Sanitär, Heizung & Umwelttechnik – Ihr Meisterbetrieb für Sanitär, Heizung & Umwelttechnik in Berlin & Brandenburg. 030 94 88 99 01.",https://www.zimmermann-installation.de/,zimmermann-installation.de,no
(Sanitärinstallateur OR Heizungsinstallateur OR Kältetechnik) Berlin,Berlin,Schmidtchen Haustechnik | Berlin | Heizung Wasser Bad Solar ...,Helmut Schmidtchen e.K. – Haustechnik. Als zertifizierter Vaillant Kompetenzpartner sind wir Ihr Ansprechpartner für moderne Heizungen und Bäder.,https://www.schmidtchen-haustechnik.de/,schmidtchen-haustechnik.de,no
(Sanitärinstallateur OR Heizungsinstallateur OR Kältetechnik) Berlin,Berlin,Zernikow Heizungsbau - Installateurhandwerk in Berlin und ...,"Für Ihre Sanitär- und/oder Heizungsanlagen bieten wir einen kompletten Service - alles aus einer Hand. Ob Reparatur, Austausch, Erneuerung oder Wartung, wir ...",https://www.heizung-in-berlin.de/,heizung-in-berlin.de,no
(Sanitärinstallateur OR Heizungsinstallateur OR Kältetechnik) Berlin,Berlin,Firma Weise Kälte-Technik,Willkommen bei der Firma Weise Kälte-Technik GmbH. Ihr Spezialist im Bereich Kälte- und Klimatechnik für Umgebung Berlin Brandenburg. Wir sind Ihr ...,https://www.weise-kaeltetechnik-berlin.de/,weise-kaeltetechnik-berlin.de,no
(Sanitärinstallateur OR Heizungsinstallateur OR Kältetechnik) Berlin,Berlin,Hesat – Heizungs- und Sanitärtechnik GmbH - Berlin,"+ Im Bereich der Sanitär-, Heizungstechnik steht durch die Firma HESAT ein Dienstleistungsunternehmen zur Verfügung, das ein kompetenter Gesprächspartner im ...",https://hesat-gmbh.de/,hesat-gmbh.de,no
(Sanitärinstallateur OR Heizungsinstallateur OR Kältetechnik) Berlin,Berlin,Beringer GmbH - Sanitär & Heizung in Berlin,Mit über 20-jähriger Erfahrung als Sanitärunternehmen und Heizungsbauer in Berlin sind wir der richtige Ansprechpartner für Ihr Anliegen.,https://www.beringer-gmbh.de/,beringer-gmbh.de,no
(Sanitärinstallateur OR Heizungsinstallateur OR Kältetechnik) Berlin,Berlin,Heizung Sanitär in Berlin | kleinanzeigen.de,"Halo, Wir bieten komplettes Wasser, Heizung umbau in Wohnung, Haus oder Gewerbe. Wenn sie brauchen Gastherme anschließen, Fußboden Heiz... Anlagenmechaniker (m ...",https://www.kleinanzeigen.de/s-berlin/heizung-sanit%C3%A4r/k0l3331,kleinanzeigen.de,no
(Sanitärinstallateur OR Heizungsinstallateur OR Kältetechnik) Berlin,Berlin,Heizung und Sanitär in Berlin: W. Steiner GmbH Berlin,"Impressum · Kontakt, Herzlich Willkommen auf unserer Website! Die w.steiner gmbh führt seit 1986 Komplettlösungen rund um Haustechnik, Wärme-, Wasser-, ...",https://www.steiner-gmbh.de/,steiner-gmbh.de,no
(Sanitärinstallateur OR Heizungsinstallateur OR Kältetechnik) Berlin,Berlin,"Heizung, Sanitär und vieles mehr in Berlin - Schwiete Anlagen",Heizung · Sanitär · Lüftung · Erneuerbare Energien. Kontaktieren Sie uns! Schwiete Anlagen-Versorgungs-Technik GmbH. Forckenbeckstraße 1 14199 Berlin - ...,https://www.schwiete.net/anlagen-versorgungs-technik-berlin,schwiete.net,no
(Sanitärinstallateur OR Heizungsinstallateur OR Kältetechnik) Berlin,Berlin,TTD Kälte- & Klimatechnik Berlin / TTD Tessmann,"Wir sind der richtige Ansprechpartner für die Klimatisierung von Industriegebäuden, Serverräumen oder Gastronomie, um Ihren Anforderungen gerecht zu werden.",https://xn--ttdklteklima-jcb.de/kalte-klimatechnik/,xn--ttdklteklima-jcb.de,no
(Sanitärinstallateur OR Heizungsinstallateur OR Kältetechnik) Berlin,Berlin,Heizung - Firma Benjamin Vaßen,No information is available for this page. · Learn why,https://berlin-sanitaer.de/heizung/,berlin-sanitaer.de,no
(Sanitärinstallateur OR Heizungsinstallateur OR Kältetechnik) Berlin,Berlin,Heizungsservice & Luxusbad Sanierungen Berlin: S & T,"Durch eine individuelle Beratung und maßgeschneiderte Lösungen, finden wir für jeden das passende Konzept in den Bereichen Sanitär-, Heizungs-, Gas- und ...",https://www.stgmbh.de/,stgmbh.de,no
(Sanitärinstallateur OR Heizungsinstallateur OR Kältetechnik) Berlin,Berlin,Thermatik: Die Helden der Heizung,"Als echte Helden bieten wir dir maßgeschneiderte Lösungen für erstklassige Gebäudetechnik. Ob Heizung, Lüftung oder Sanitär — wir planen und realisieren ...",https://www.thermatik.de/,thermatik.de,no
(Sanitärinstallateur OR Heizungsinstallateur OR Kältetechnik) Berlin,Berlin,"Kallenbach Klimatechnik, für Geschäfte, Büros, Praxen ...","... Praxen, Wintergärten, Wohnen und Schlafen und für Technik und EDV beraten wir Sie - professionell und setzen Ihre Klimaanlage handwerklich fundiert um - Berlin.",https://www.hauptstadtklima.de/,hauptstadtklima.de,no
(Sanitärinstallateur OR Heizungsinstallateur OR Kältetechnik) Berlin,Berlin,dedatec Klimatechnik: Wir bauen Ihre Klimaanlage in Berlin ...,"Wir sind dedatec Klima – Ihr zuverlässiger Partner für Kälte- und Klimatechnik in Berlin. Bei uns erhalten Sie nicht nur hochwertige Markengeräte, sondern auch ...",https://dedatec.de/,dedatec.de,no
(Sanitärinstallateur OR Heizungsinstallateur OR Kältetechnik) Berlin,Berlin,Kälte - WOWI Haustechnik GmbH,"WOWI Haustechnik GmbH Berlin, Kältetechnik. Kühle Köpfe und zuverlässige Rechner auch im Sommer. Kälte. Die Kältetechnik stellt bei den heute sehr ...",https://www.wowi-haustechnik.de/leistungen/kaelte,wowi-haustechnik.de,no
(Sanitärinstallateur OR Heizungsinstallateur OR Kältetechnik) Berlin,Berlin,"Heizung Berlin, Sanitär Berlin, Klima Berlin - regional.de","Sie erhalten professionelle Heizungs- und Sanitärtechnik in Berlin und Umland. Seit 1998 realisieren wir Projekte für private und gewerbliche Kunden. Wir bauen, ...",https://www.regional.de/Berlin/Handwerk-und-Bauen/Heizung-und-Sanitaer-und-Klima.html,regional.de,no
(Sanitärinstallateur OR Heizungsinstallateur OR Kältetechnik) Berlin,Berlin,Wasser installateur - Kategorien - Berlin - STILPUNKTE®,"STILPUNKTE® Unternehmen, welche die Kategorie ""Wasser installateur"" in Berlin / Brandenburg anbieten · Heiko Hegewisch Heizung Sanitär Solar Klima · Lenke – ...",https://www.stilpunkte.de/berlin/kategorien/wasser-installateur/1/,stilpunkte.de,no
(Sanitärinstallateur OR Heizungsinstallateur OR Kältetechnik) Berlin,Berlin,Junge & Pichler GmbH - Sanitäre Anlagen ...,"Wir sind der richtige Partner in Sachen sanitäre Anlagen, Badsanierung, Heizungsinstallation und Montage von Versorgungstechnik in Berlin ... Sanitär und Heizung.",https://junge-pichler.de/,junge-pichler.de,no
(Sanitärinstallateur OR Heizungsinstallateur OR Kältetechnik) Berlin,Berlin,Schenk - Berlin,"Wir planen Sanitär- und Heizungsnetze und -installationen, Elektroinstallationen aller Arten, Beleuchtungs- und Steuerungssysteme, Gasinstallationen, Lüftungs- ...",https://schenk-shk.de/,schenk-shk.de,no
(Sanitärinstallateur OR Heizungsinstallateur OR Kältetechnik) Berlin,Berlin,Heizungsbau in Berlin | Hier Angebote erhalten - Heizung-Regional,Firmen für den Heizungsbau in Berlin · 1.GENA-Generalbau und Haustechnik GmbH · ABBV GmbH · ABIA IT-Service GmbH · Adamovic GmbH · AEH Ingenieure Ingenieurbüro ...,https://www.heizung-regional.de/Heizungsbauer/berlin,heizung-regional.de,no
(Sanitärinstallateur OR Heizungsinstallateur OR Kältetechnik) Berlin,Berlin,Unternehmen - Bachmann Heizung- und Sanitär GmbH,No information is available for this page. · Learn why,https://xn--wasser-wrme-luft-2nb.com/unternehmen/,xn--wasser-wrme-luft-2nb.com,no
(Sanitärinstallateur OR Heizungsinstallateur OR Kältetechnik) Berlin,Berlin,https://muk-sanitaer.de/unternehmen,No information is available for this page. · Learn why,https://muk-sanitaer.de/unternehmen,muk-sanitaer.de,no
(Elektriker OR Gebäudetechnik OR Sicherheitstechnik OR Rohrreinigung) Berlin,Berlin,GTB Gebäudetechnik Berlin GmbH,"GTB Gebäudetechnik Berlin steht für erstklassigen Service, Bereichen der Sanitär-, Heizungs-, Elektro- und Klimatechnik ob im privaten oder gewerblichen ...",https://www.gtb-gebaeudetechnik.de/,gtb-gebaeudetechnik.de,no
(Elektriker OR Gebäudetechnik OR Sicherheitstechnik OR Rohrreinigung) Berlin,Berlin,"Elektriker und Elektromeister in Berlin – fachkundig, zuverlässig ...","Zuverlässiger Elektriker in Berlin. Erfahrene, fachkundige Elektriker seit 34 Jahren. Wir sanieren Altbauwohnungen, reparieren Elektroanlagen, Treppenlicht, ...",https://elektro-reibsch.de/,elektro-reibsch.de,no
(Elektriker OR Gebäudetechnik OR Sicherheitstechnik OR Rohrreinigung) Berlin,Berlin,Ihr Nr. 1 Ansprechpartner für technische Gebäudeausrüstung | m+m ...,"m+m Gebäudetechnik plant, installiert und betreut die mechanischen Gewerke der technischen Gebäudeausrüstung. Dazu gehören Heizung, Kälte, Lüftung, Sanitär, ...",https://www.mmgebaeudetechnik.de/,mmgebaeudetechnik.de,no
(Elektriker OR Gebäudetechnik OR Sicherheitstechnik OR Rohrreinigung) Berlin,Berlin,Eichler Elektro - Elektrofachmann seit 1950 in Berlin,"Wir bieten Ihnen optimale Qualität und schnellen Service in den Bereichen: Elektro-, Licht- und Kraftanlagen sowie Reparaturen und Überprüfungen.",https://www.elektro-eichler.de/,elektro-eichler.de,no
(Elektriker OR Gebäudetechnik OR Sicherheitstechnik OR Rohrreinigung) Berlin,Berlin,Elektro-SORO,"Unsere Elektriker stehen Ihnen rund um die Uhr zur Verfügung, unabhängig von der Tages- oder Nachtzeit! Montag – Freitag: 09:00 - 18:00 Uhr.",https://elektrosoro.de/,elektrosoro.de,no
(Elektriker OR Gebäudetechnik OR Sicherheitstechnik OR Rohrreinigung) Berlin,Berlin,Mein Rohrreinigung Berlin – 24h Notdienst | My Gebäudetechnik ...,Abfluss verstopft oder Wasser staut sich? Wir sorgen schnell und zuverlässig für freie Rohre – mit moderner Technik und 24h Notdienst in Berlin. ​​​​​ ...,https://mein-rohrreinigung.de/,mein-rohrreinigung.de,no
(Elektriker OR Gebäudetechnik OR Sicherheitstechnik OR Rohrreinigung) Berlin,Berlin,SGE Berlin: Startseite,"Die SGE GmbH (Service für Gebäudetechnik und Energiemanagement) ist eines der führenden Unternehmen in Berlin, wenn es um technische Gebäudeausrüstung (TGA) bei ...",https://www.buero-sge.de/,buero-sge.de,no
(Elektriker OR Gebäudetechnik OR Sicherheitstechnik OR Rohrreinigung) Berlin,Berlin,Ausbildungsberufe - Elektro-Innung Berlin,"Nähere Informationen, wie Ausbildungsinhalte, Ausbildungsgehalt und Ausbildungsdauer findest du bei den Details zum jeweiligen Ausbildungsberuf. ELEKTRONIKER/- ...",https://www.elektroinnung.berlin/ausbildungsberufe.html,elektroinnung.berlin,no
(Elektriker OR Gebäudetechnik OR Sicherheitstechnik OR Rohrreinigung) Berlin,Berlin,Elektroniker für Energie- und Gebäudetechnik (m/w/d) - R+S Group,Elektroniker für Energie- und Gebäudetechnik (m/​w/​d) · Einsatzort: Berlin · Eintrittsdatum: ab sofort möglich · Fachbereich: Elektrotechnik.,https://www.rs-group.de/job/elektroniker-fuer-energie-und-gebaeudetechnik-m-w-d-4/,rs-group.de,no
(Elektriker OR Gebäudetechnik OR Sicherheitstechnik OR Rohrreinigung) Berlin,Berlin,RR-GmbH | Gebäudetechnik,Wir sind ein zertifizierter Fachbetrieb zur Installation von Sicherheitstechnik. ... Häufig gestellte Fragen. Kontakt.. Haynauerstrasse 65–67 12249 Berlin.,https://rr-gmbh.net/,rr-gmbh.net,no
(Elektriker OR Gebäudetechnik OR Sicherheitstechnik OR Rohrreinigung) Berlin,Berlin,Ausbildung Elektroniker/in für Energie- und Gebäudetechnik in Berlin,Freie Ausbildungsplätze als Elektroniker/in für Energie- und Gebäudetechnik in Berlin. Große Auswahl ✓ Aktuell ✓ Online bewerben ✓ Jetzt Stelle finden!,https://www.ausbildung.de/staedte/berlin/elektroniker-energie-und-gebaeudetechnik/,ausbildung.de,no
(Elektriker OR Gebäudetechnik OR Sicherheitstechnik OR Rohrreinigung) Berlin,Berlin,AN Elektrotechnik - Ihr Elektriker in Berlin und Umgebung,"Wir bieten Ihnen das komplette Leistungsspektrum aus einer Hand: · Telefonanlagen und Netzwerktechnik · Klingel-, Gegensprech- und Videoanlagen · KNX Steuerung.",https://an-elektrotechnik-berlin.de/,an-elektrotechnik-berlin.de,no
(Elektriker OR Gebäudetechnik OR Sicherheitstechnik OR Rohrreinigung) Berlin,Berlin,Jobs fürs Leben in Berlin und Umgebung finden!,Elektriker (m/w/d). Bernau. ab sofort. Unternehmenslogo. Elektriker (m/w/d). Berlin. ab sofort. Unternehmenslogo. Elektriker (m/w/d) im Schaltschrankbau. Berlin.,https://www.koenig-fachpersonal.de/de/berlin/lieblingsjob-finden,koenig-fachpersonal.de,no
(Elektriker OR Gebäudetechnik OR Sicherheitstechnik OR Rohrreinigung) Berlin,Berlin,Elektroniker Energie und Gebäudetechnik gesucht (m/w),Sie suchen eine neue Herausforderung mit Verdienst ab 2000 Euro/Monat + Überstundenbezahlung/ Weihnachtsmarkt- und Urlaubsgeld / bis zu 30 Tage Urlaub?,https://www.elmlinger-personalservice.de/bewerber/offene-stellen-im-bereich-handwerk-in-berlin-und-potsdam/elektroniker-energie-und-geb%C3%A4udetechnik-m-w/,elmlinger-personalservice.de,no
(Elektriker OR Gebäudetechnik OR Sicherheitstechnik OR Rohrreinigung) Berlin,Berlin,Machnik Elektro Ihr kompetenter Elektriker +49 30 40393373,"Herzlich Willkommen. Elektik und Elektroinstallationen aller Art. Multimedia-Installation, Komfort und Sicherheitstechnik ... 10435 Berlin-Prenzlauer Berg. Tel: + ...",https://machnik-elektro.de/,machnik-elektro.de,no
(Elektriker OR Gebäudetechnik OR Sicherheitstechnik OR Rohrreinigung) Berlin,Berlin,Elektroniker/in für Energie- & Gebäudetechnik (m/w/d),Beschreibung · Wartung und Instandsetzung von modernen und innovativen gebäudetechnischen Anlagen im elektronischen Bereich mit · Schwerpunkt Photovoltaik Anlagen ...,https://stellenboerse.stuzubi.de/public/listing/6970a1a8a3d317eb2ea60cbe/elektronikerin-fuer-energie-und-gebaeudetechnik-spie-efficient-facilities-gmbh-berlin,stellenboerse.stuzubi.de,no
(Elektriker OR Gebäudetechnik OR Sicherheitstechnik OR Rohrreinigung) Berlin,Berlin,https://moseskonto.tu-berlin.de/moses/modultransfe...,No information is available for this page. · Learn why,https://moseskonto.tu-berlin.de/moses/modultransfersystem/bolognamodule/beschreibung/anzeigen.html;jsessionid=dZWSKPhWY2bRhs3wc3qd2jMQ1H9RpryCFet8O-AU.moseskonto?nummer=61326&version=1&sprache=1,moseskonto.tu-berlin.de,no
(Elektriker OR Gebäudetechnik OR Sicherheitstechnik OR Rohrreinigung) Berlin,Berlin,"Elektriker Berlin, Elektrotechnik Berlin, Elektroinstallateur Berlin,","Wir bieten kompetente Beratung in allen Sektoren der Elektroinstallation. Unser Know-how umfasst neben allen alten Standards auch die neuesten Techniken, so ...",https://elektro-berlin.info/,elektro-berlin.info,no
(Elektriker OR Gebäudetechnik OR Sicherheitstechnik OR Rohrreinigung) Berlin,Berlin,Steinberg EST GmbH: Elektrotechnik-Unternehmen in Berlin,Steinberg Energie- und Sicherheitstechnik GmbH. Michael Steinberg. Kiekemaler.Str. 7a. 12623 Berlin Telefon: 49 (30)4036437-0. E-Mail: info@steinberg-est.de.,https://www.steinberg-est.de/,steinberg-est.de,no
(Elektriker OR Gebäudetechnik OR Sicherheitstechnik OR Rohrreinigung) Berlin,Berlin,Elektroniker - Humboldt-Universität zu Berlin,"Als Elektroniker*in planen und installieren Sie nicht nur Sicherungen und Anschlüsse für Haushaltsgeräte sondern auch Beleuchtungs-, Antennen-, ...",https://www.hu-berlin.de/universitaet/arbeiten-an-der-hu/ausbildung/berufe/elektroniker,hu-berlin.de,no
(Elektriker OR Gebäudetechnik OR Sicherheitstechnik OR Rohrreinigung) Berlin,Berlin,Bereit einen neuen Job anzutreten? Werden Sie Teil unseres ...,"Starten Sie Ihre berufliche Zukunft in Berlin und verstärken Sie unser Facility Services Team als Projektleiter, Projektkaufmann, Ingenieur, ...",https://www.engie-deutschland.de/de/berlin-facility-services,engie-deutschland.de,no
(Elektriker OR Gebäudetechnik OR Sicherheitstechnik OR Rohrreinigung) Berlin,Berlin,Jobs für Instandhaltung Gebäudetechnik in Berlin-Charlottenburg,"Elektriker / Elektroniker Gebäudetechnik (m/w/d) ab € 3.500, geregelte Arbeitszeiten. Trigon Gruppe GmbH. Berlin. € 3.500 pro Monat.",https://www.careerjet.de/stellenangebote-instandhaltung-gebaudetechnik/Berlin-Charlottenburg,careerjet.de,no
(Elektriker OR Gebäudetechnik OR Sicherheitstechnik OR Rohrreinigung) Berlin,Berlin,RETA Elektrotechnik: Ihr Partner für Elektroinstallationen,"Entdecken Sie RETA Elektrotechnik, Ihren zuverlässigen Partner für Elektroinstallationen in Berlin und Brandenburg. Qualität und Präzision stehen bei uns an ...",https://reta-gmbh.de/,reta-gmbh.de,no
(Elektriker OR Gebäudetechnik OR Sicherheitstechnik OR Rohrreinigung) Berlin,Berlin,Stelle Sicherheitstechnik - Eltec Service Gmbh | Berlin,Servicetechniker Elektroniker für Sicherheitstechnik (m/w/d) · Selbständige Abwicklung von Projekten nach technischen Vorlagen und Plänen in Abstimmung mit dem ...,https://www.eltec-berlin.de/bewerbung-sicherheitstechnik,eltec-berlin.de,no
(Elektriker OR Gebäudetechnik OR Sicherheitstechnik OR Rohrreinigung) Berlin,Berlin,Elektrotechnik Berlin - A.Leyrer Elektro & Sicherheit,"Elektrotechnik Berlin - Profitieren Sie von unserer langjährigen Praxiserfahrung in den Bereichen der Haus-, Elektro- und Sicherheitstechnik.",https://www.leyrer-berlin.de/,leyrer-berlin.de,no
(Elektriker OR Gebäudetechnik OR Sicherheitstechnik OR Rohrreinigung) Berlin,Berlin,Elektriker / Elektroniker (m/w/d) für Gebäudetechnik und ...,"Werden Sie Teil unseres Teams! Die **Service Fabrik Nord GmbH** ist ein zuverlässiger Partner für technisches Gebäudemanagement, Instandhaltung und Facility ...",https://portal.oproma.de/jobs/elektriker-elektroniker-m-w-d-fuer-gebaeudetechnik-und-instandhaltung-ID-11587184,portal.oproma.de,no
(Elektriker OR Gebäudetechnik OR Sicherheitstechnik OR Rohrreinigung) Berlin,Berlin,Lars Schüler Elektroinstallationen,Seit 1990 sind wir als Fachbetrieb für Gebäudetechnik mit einem umfassenden >> Leistungsspektrum in Berlin und Umland tätig. Als Mitglied der Elektro-Innung ...,https://www.fa-schueler.de/,fa-schueler.de,no
(Elektriker OR Gebäudetechnik OR Sicherheitstechnik OR Rohrreinigung) Berlin,Berlin,Elektro-Bergemann – Gebäude/System/Technik,Wir sind die Spezialisten für: · STARKSTROMTECHNIK · Sicherheitstechnik · IT- und Kommunikationstechnik · Gebäudesteuerung · Schaltanlagenbau.,https://www.elektro-bergemann.de/,elektro-bergemann.de,no
(Elektriker OR Gebäudetechnik OR Sicherheitstechnik OR Rohrreinigung) Berlin,Berlin,Jobangebote - Leschke Elektrotechnik,info@leschke-berlin.de · +49 (0) 30 4747 5727 ... Sie sollten eine abgeschlossene Ausbildung als Elektriker/-in Fachrichtung Energie- und Gebäudetechnik bzw.,https://www.leschke-berlin.de/de/Karriere/Jobangebote.html,leschke-berlin.de,no
(Elektriker OR Gebäudetechnik OR Sicherheitstechnik OR Rohrreinigung) Berlin,Berlin,Energie-System-Technik GmbH – Ingenieurbüro Gebäudetechnik,EST Energie-System-Technik GmbH – Ingenieurbüro für Gebäudetechnik & TGA‑Planung seit 1992. Jetzt Projekte & Karrierechancen entdecken ... © 2026 EST Berlin. Alle ...,https://est-berlin.de/,est-berlin.de,no
(Elektriker OR Gebäudetechnik OR Sicherheitstechnik OR Rohrreinigung) Berlin,Berlin,Rüsch - Berlin,Ihr Partner für Elektroinstallation & Sicherheitstechnik in Berlin. HIER BEWERBEN.,https://ruesch-berlin.de/,ruesch-berlin.de,no
(Elektriker OR Gebäudetechnik OR Sicherheitstechnik OR Rohrreinigung) Berlin,Berlin,"Elektroniker für Energie- und Gebäudetechnik in Vollzeit (w,m,d)","Am Standort Berlin suchen wir einen Elektroniker für Energie- und Gebäudetechnik (w,m,d). Bewerben Sie sich noch heute!",https://www.universal-dienstleistungen.de/elektroniker-fuer-energie-und-gebaeudetechnik-in-vollzeit/,universal-dienstleistungen.de,no
(Elektriker OR Gebäudetechnik OR Sicherheitstechnik OR Rohrreinigung) Berlin,Berlin,Elektroniker für Energie- und Gebäudetechnik - Ideal Project Berlin,"Tätigkeitsbereiche. Inbetriebnahme, Funktionsprüfung, Wartung und Instandsetzungen sowie die Erweiterung von Elektroanlagen für den gesamten Bereich der ...",https://ideal-project-berlin.de/elektroniker-fuer-energie-und-gebaeudetechnik,ideal-project-berlin.de,no
(Elektriker OR Gebäudetechnik OR Sicherheitstechnik OR Rohrreinigung) Berlin,Berlin,MANU Elektrobau GmbH Elektro- und Reinigungsmeisterbetrieb,Immer für Sie da: Ihr Elektro- & Reinigungsmeisterbetrieb 24/7 in Berlin und Umgebung. Qualität & Zuverlässigkeit - Vertrauen Sie auf unsere Expertise.,https://www.elektrikerundreinigung.de/,elektrikerundreinigung.de,no
(Elektriker OR Gebäudetechnik OR Sicherheitstechnik OR Rohrreinigung) Berlin,Berlin,Herhold Gebäudetechnik,"Wer fachgerechte Elektroinstallationen oder umweltfreundliche und energiesparende Heizungssysteme sucht, ist hier richtig. Im Falle einer Störung sind wir mit ...",https://www.herholdgebaeudetechnik.de/,herholdgebaeudetechnik.de,no
(Elektriker OR Gebäudetechnik OR Sicherheitstechnik OR Rohrreinigung) Berlin,Berlin,Ausbildung Elektroniker (Berlin) - Uwe Schmidt Elektroinstallation Gas,"Fehlersuche beim Auslösen der Sicherung, Austausch einer vorhandenen Steckdose oder das neuverlegen von Leitung bei Sanierung/Instandsetzung gehören hier in den ...",https://elektroschmidtberlin.de/stellenangebote/ausbildung/,elektroschmidtberlin.de,no
(Elektriker OR Gebäudetechnik OR Sicherheitstechnik OR Rohrreinigung) Berlin,Berlin,"Haustechnik Berlin - Elektrik, Licht, Heizung & Sanitär","Ingo Noack schreibt hier Texte über Elektriker Themen, Elektroinstallationen und Elektrik Sicherheit. Artikel über Strom sparen, Elektrik Geräte Überprüfung und ...",https://elektro-elektroinstallation.de/haustechnik-berlin/,elektro-elektroinstallation.de,no
(Elektriker OR Gebäudetechnik OR Sicherheitstechnik OR Rohrreinigung) Berlin,Berlin,"Berliner Meisterbetrieb für Elektrotechnik, Sanitär- und ...","Der Meisterbetrieb Elektro AS Seidel, bietet kompetente Beratung und Durchführung in den Bereichen Elektrotechnik, Sanitär- und Heizungsanlagen.",https://www.haustechnik-seidel.de/,haustechnik-seidel.de,no
(Elektriker OR Gebäudetechnik OR Sicherheitstechnik OR Rohrreinigung) Berlin,Berlin,gnadtec.de - Berlin,"Die gnadtec GmbH hat sich in mehr als 15 Jahren den Ruf als günstiger, kompetenter und zuverlässiger Elektrofachbetrieb / Elektriker mit Sitz im Südwesten ...",https://www.gnadtec.de/,gnadtec.de,no
(Elektriker OR Gebäudetechnik OR Sicherheitstechnik OR Rohrreinigung) Berlin,Berlin,RW Elektrotechnik Berlin GmbH - Unternehmen,Ihr Elektriker - in Berlin und Brandenburg: - Installation und Wartung von Elektroanlagen - Wartung und Reparatur bestehender Elektroanlagen ...,https://www.rwelektrotechnik.de/,rwelektrotechnik.de,no
(Elektriker OR Gebäudetechnik OR Sicherheitstechnik OR Rohrreinigung) Berlin,Berlin,Elektroniker/-in für Gebäude- und Infrastruktursysteme - IHK Berlin,"Ausbildungsdauer: Die Ausbildungszeit beträgt 3,5 Jahre. Berufsschule: Oberstufenzentrum TIEM Technische Informatik, Industrieelektronik, Energiemanagement",https://www.ihk.de/berlin/ausbildung/ausbildungsberufe-von-a-bis-z/elektroniker-fuer-gebaeude-und-infrastruktursysteme-2262314,ihk.de,no
(Elektriker OR Gebäudetechnik OR Sicherheitstechnik OR Rohrreinigung) Berlin,Berlin,Elektroniker - auf bildung4u,Im Rahmen der dreieinhalbjährigen Ausbildung zum Elektroniker/in - FR Energie- und Gebäudetechnik ... Bildungs- und Technologiezentrum der Handwerkskammer Berlin,"https://www.bildung4u.de/artikel/elektroniker-3911,0,60.html",bildung4u.de,no
(Elektriker OR Gebäudetechnik OR Sicherheitstechnik OR Rohrreinigung) Berlin,Berlin,Protech | Heizungsdienst und Sanitärtechnik Berlin,"Fachkompetente Installation von Heizungsanlagen und Sanitärtechnik. Protech Berlin bietet einen herausragenden Kundenservice für Privatkunden, ...",https://www.protech-berlin.de/,protech-berlin.de,no
(Elektriker OR Gebäudetechnik OR Sicherheitstechnik OR Rohrreinigung) Berlin,Berlin,Installateur Berlin | Savci SHK-Technik Meisterbetrieb – 24h Notdienst,"Wartung und Reparatur von Heizungs- und Feuerungsanlagen für Funktionalität, optimale Effizienz und Sicherheit. Rohrreinigung. Sorgfältige Reinigung verstopfter ...",https://savci-shk.de/,savci-shk.de,no
(Elektriker OR Gebäudetechnik OR Sicherheitstechnik OR Rohrreinigung) Berlin,Berlin,Kuzey Haustechnik Sanitär und Rohrreinigung Notdienst,"Top Qualität in Rohrreinigung, Kanaluntersuchung & Sanitärdiensten in Berlin. 24/7 verfügbar! Tel: 0178 576 17 68.",https://www.kuzeyhaustechnik.de/,kuzeyhaustechnik.de,no
(Elektriker OR Gebäudetechnik OR Sicherheitstechnik OR Rohrreinigung) Berlin,Berlin,Technisches Gebäudemanagement Berlin - Piepenbrock,"Für den Betrieb Ihrer Gebäudeinfrastruktur schicken wir Ihnen Fachpersonal wie Elektriker, Sanitär-, Heizungs-, Klima- sowie Kältetechniker. In unseren ...",https://www.piepenbrock.de/standorte/berlin/technisches-gebaeudemanagement-berlin/,piepenbrock.de,no
(Elektriker OR Gebäudetechnik OR Sicherheitstechnik OR Rohrreinigung) Berlin,Berlin,13 Berlin jobs - Work from home - Glassdoor,Service Gebäudetechnik & Energiemanagement GmbH. Werkstudent/in / Praktikant/in · Service Gebäudetechnik & Energiemanagement GmbH. Technischer Zeichner / ...,"https://www.glassdoor.ie/Job/berlin-service-f%C3%BCr-geb%C3%A4udetechnik-and-energiemanagement-gmbh-jobs-SRCH_IL.0,6_IC2622109_KW7,60.htm",glassdoor.ie,no
(Elektriker OR Gebäudetechnik OR Sicherheitstechnik OR Rohrreinigung) Berlin,Berlin,Fachrichtung Energie- und Gebäudetechnik (m/w/d) - Knobelsdorf,Auszubildenden zum Elektroniker – Fachrichtung Energie- und Gebäudetechnik (m/w/d) ... 12621 Berlin; Mo-Do: 8 - 16.30 Uhr Fr: 8 - 15.30 Uhr. Services. Jobs ...,https://knobelsdorf.de/jobs/ausbildung-elektroniker-energie-gebaeudetechnik/,knobelsdorf.de,no
(Elektriker OR Gebäudetechnik OR Sicherheitstechnik OR Rohrreinigung) Berlin,Berlin,Meisterbetrieb - Anlagen-Sicherheitstechnik Kutzner,"Rhinstraße 2, 10315 Berlin. Anlagen-Sicherheitstechnik Kutzner. Referenzen · Aktuelle News · Produkte & Leistungen · Das Unternehmen · Wir über uns ...",https://www.ast-kutzner.de/index.php?artikel=19,ast-kutzner.de,no
(Elektriker OR Gebäudetechnik OR Sicherheitstechnik OR Rohrreinigung) Berlin,Berlin,Elektroinstallationen & Sicherheitstechnik Berlin | SFC,"Elektrotechnik Berlin: SFC Facility Management bietet Elektroinstallationen, Lichttechnik, Netzwerktechnik & Sicherheitstechnik für Privat & Gewerbe.",https://www.sfc-berlin-brandenburg.de/leistungen/elektrotechnik,sfc-berlin-brandenburg.de,no
(Elektriker OR Gebäudetechnik OR Sicherheitstechnik OR Rohrreinigung) Berlin,Berlin,"Wrobel Haustechnik – Bad, Heizung & Haustechnik in Kaarst","Sie entscheiden, wie Sie mit uns in Kontakt treten wollen. Unter Telefon 030 84 5239 36 sind wir freundlich, gewissenhaft und ehrlich für Ihre Wünsche und ...",https://haustechnik-wrobel.de/,haustechnik-wrobel.de,no
(Elektriker OR Gebäudetechnik OR Sicherheitstechnik OR Rohrreinigung) Berlin,Berlin,My WordPress,"Unser umfassendes Angebot an professionellen Dienstleistungen richtet sich an einen breit gefächerten Kundenkreis, der von Hausbesitzern bis hin zu gewerblichen ...",https://rohrfreund.de/,rohrfreund.de,no
(Elektriker OR Gebäudetechnik OR Sicherheitstechnik OR Rohrreinigung) Berlin,Berlin,Elektrik & Sanitärarbeiten Berlin - VS-ExpressBau GmbH,"Möchten Sie Ihre Wohn- oder Gewerberäume in Berlin modernisieren? Mit professionellen Elektrik- und Sanitärarbeiten sorgen Sie für Sicherheit, Komfort und ...",https://vs-expressbau.de/leistung/elektrik-sanitaerarbeiten/,vs-expressbau.de,no
(Elektriker OR Gebäudetechnik OR Sicherheitstechnik OR Rohrreinigung) Berlin,Berlin,Elektrische Wartung und Reparatur – TE-K BERLIN,Elektrische Sanierung · Elektrische Wartung und Reparatur · Elektroinstallation in gewerblichen/industriellen Bereichen.,https://te-kberlin.de/elektrische-wartung-und-reparatur/,te-kberlin.de,no
(Elektriker OR Gebäudetechnik OR Sicherheitstechnik OR Rohrreinigung) Berlin,Berlin,Ing. Murowicki: Dipl.,"* Verstopfte Rohre und Toiletten: Wir erledigen die Rohrreinigung und beseitigen Verstopfungen, Abflussverstopfungen. * Leckage und undichte Abflüsse: Sie haben ...",http://www.murowicki.de/,murowicki.de,no
(Elektriker OR Gebäudetechnik OR Sicherheitstechnik OR Rohrreinigung) Berlin,Berlin,Elektroinstallation - Berlin - e.t. elektrobau GmbH,"Wir bieten Ihnen zu unseren gewöhnlichen Geschäftszeiten einen umfassenden Entstörungsdienst für die Bereiche Elektrotechnik, Fernsehempfang, und Sprechanlagen.",https://www.et-elektrobau.de/elektroinstallation/,et-elektrobau.de,no
(Elektriker OR Gebäudetechnik OR Sicherheitstechnik OR Rohrreinigung) Berlin,Berlin,Ausbildung Berlin Elektroniker/in - Gebäude- und Infrastruktursysteme,Ausbildung zum Elektroniker Fachrichtung Energie- und Gebäudetechnik bei LKF (m/w/d) in Berlin Piepenbrock Service GmbH + Co. KG. 01.09.2026; 13127 Berlin ...,https://www.azubiyo.de/ausbildung/berlin/gebaeude-infrastruktursysteme/,azubiyo.de,no
(Elektriker OR Gebäudetechnik OR Sicherheitstechnik OR Rohrreinigung) Berlin,Berlin,Unternehmen - EGU Energietechnik - Gebäudetechnik,"Von da an agierte die Gesellschaft mit wachsendem Erfolg auf dem bundesdeutschen Markt, insbesondere natürlich im Umfeld von Berlin. Zu nennen ...",https://www.egu-berlin.de/unternehmen/,egu-berlin.de,no
(Elektriker OR Gebäudetechnik OR Sicherheitstechnik OR Rohrreinigung) Berlin,Berlin,Sachverständiger Haustechnik und Trinkwasserhygiene - HMS-tec,"habil Dieter Kreysig, Berlin sowie Herrn Professor Friedrich Tiefenbrunner, Universität Innsbruck. Weitere 3 Jahre Berufserfahrung im Bereich der ...",https://www.hms-tec.de/team/,hms-tec.de,no
(Sanitärinstallateur OR Heizungsinstallateur OR Kältetechnik) Hamburg,Hamburg,Kältetechnik Hamburg - 18 Adressen - hamburg.de,Ihr Fachbetrieb für moderne Klima- und Kältetechnik. Wir installieren und warten Kälte- und Klimaanlagen für Privatkunden und Gewerbe. Telefon-Nr. 040 / 528 850 ...,https://www.hamburg.de/branchenbuch/hamburg/k__c3__a4ltetechnik/,hamburg.de,no
(Sanitärinstallateur OR Heizungsinstallateur OR Kältetechnik) Hamburg,Hamburg,Bärenkälte GmbH - Kälte- und Klimatechnik in Hamburg,"Ihr professioneller Partner rund um das Thema Klimatisierung, Klimatechnik, Klimaanlagen, Klimageräte und Wärmepumpen ▻ Jetzt mehr erfahren.",https://baerenkaelte.de/,baerenkaelte.de,no
(Sanitärinstallateur OR Heizungsinstallateur OR Kältetechnik) Hamburg,Hamburg,Dieter Werner GmbH | Sanitär Heizung Klima Hamburg,"Dieter Werner GmbH - Ihr Installateur für Sanitär und Heizung im Raum Hamburg, Wandsbeek, Billstedt, Barsbüttel und Umgebung. Badezimmer-Konfigurator. Grafik ...",https://www.dieter-werner.de/,dieter-werner.de,no
(Sanitärinstallateur OR Heizungsinstallateur OR Kältetechnik) Hamburg,Hamburg,Knipping - Kälte & Klimatechnik GmbH: Startseite,"Ob gewerblich oder privat – wir sind Ihre Experten für Kälte-, Klima- oder Lüftungstechnik. Neben wirtschaftlichen und zukunftsorientieren Lösungen bieten wir ...",https://www.knipping-klima.de/,knipping-klima.de,no
(Sanitärinstallateur OR Heizungsinstallateur OR Kältetechnik) Hamburg,Hamburg,Lütge Haustechnik: Heizung Sanitär Solar Lüftung Hamburg,"Unsere Leistungen im Überblick · Beratung, Planung, Installation von Heizungsanlagen, Sanitäranlagen, Solaranlagen und Lüftungsanlagen · Neubau und Wartung von ...",https://www.sanitaer-heizung-notdienst.de/,sanitaer-heizung-notdienst.de,no
(Sanitärinstallateur OR Heizungsinstallateur OR Kältetechnik) Hamburg,Hamburg,Luth Sanitärtechnik GmbH – Bad & Heizung in Hamburg,"Ihr Partner für Bad, Heizung & Haustechnik in Hamburg. Luth Sanitärtechnik – Sanierung, Modernisierung & Installation mit Qualität und Service.",https://luth-sanitaer.de/,luth-sanitaer.de,no
(Sanitärinstallateur OR Heizungsinstallateur OR Kältetechnik) Hamburg,Hamburg,10 erfahrene Sanitärbetriebe in Hamburg - hamburg-magazin.de,10 erfahrene Sanitärbetriebe in Hamburg · 1. Drägert Gebäudetechnik · 2. Böge Haustechnik · 3. Kutay Sanitär Klempner Heizung · 4. Zempel ...,https://www.hamburg-magazin.de/artikel/sanitaerinstallateure-in-hamburg,hamburg-magazin.de,no
(Sanitärinstallateur OR Heizungsinstallateur OR Kältetechnik) Hamburg,Hamburg,"Kälte Bast GmbH: Klima, Klimageräte, Klimatechnik Hamburg","Kälte-Bast: Professionelle Klimatechnik aus Hamburg. Ein Schwerpunkt unserer Arbeit ist der Anlagenbau für Bürogebäude, Laborbetriebe, Ladengeschäfte, Hotels, ...",https://www.kaelte-bast.de/,kaelte-bast.de,no
(Sanitärinstallateur OR Heizungsinstallateur OR Kältetechnik) Hamburg,Hamburg,August Kahl: Heizung-Sanitär- und Elektrotechnik Hamburg und ...,"AugustKahl agiert in den Bereichen Heizung-, Sanitär und Elektrotechnik in Hamburg und Schlesin in Mecklenburg- Vorpommern.",https://www.august-kahl.de/,august-kahl.de,no
(Sanitärinstallateur OR Heizungsinstallateur OR Kältetechnik) Hamburg,Hamburg,ElbHandWerk I Sanitär I Heizung I Hamburg,"Das ElbHandWerk bietet sämtliche Dienstleistungen rund um Sanitär und Heizung im Haus. TraumBad, Badumbau, Barrierefrei, Heizungsstörungen, Rohrbruch, ...",https://www.elbhandwerk.com/,elbhandwerk.com,no
(Sanitärinstallateur OR Heizungsinstallateur OR Kältetechnik) Hamburg,Hamburg,Heinz Kell Sanitär- und Heizungstechnik GmbH | Hamburg,"Privat · Wärmepumpen · Heizungen & Heizsysteme · Badezimmer · Erneuerbare Energien · Klimaanlagen · Trink-, Regen- und Abwasser · Wasserschäden & ...",https://www.kell-online.de/,kell-online.de,no
(Sanitärinstallateur OR Heizungsinstallateur OR Kältetechnik) Hamburg,Hamburg,"Lüdemann Haustechnik, Hamburg: Installateur Sanitär Heizung","Lüdemann Haustechnik – Ihr Installateur für Sanitär, Heizung und effiziente Anlagen zur Nutzung erneuerbarer Energien rund um Hamburg.",https://www.haustechnik-luedemann.de/,haustechnik-luedemann.de,no
(Sanitärinstallateur OR Heizungsinstallateur OR Kältetechnik) Hamburg,Hamburg,kniffke.de: Kniffke Sanitärtechnik in Hamburg,Leistungen · Sanitär · Gas/Heizung · Klempnerei/Dach · Full-Service · Ausstellung · Notfall? Stellenangebote · Kontakt · 040 - 27 37 37; mail@kniffke.de ...,https://www.kniffke.de/,kniffke.de,no
(Sanitärinstallateur OR Heizungsinstallateur OR Kältetechnik) Hamburg,Hamburg,Kontakt | Meister in Hamburg,Footer - Kontaktdaten und Öffnungszeiten. Kontakt. Heizung & Sanitärservice Dieter Haller GmbH. Wendlohstraße 83 22459 Hamburg ... Klima- und Kältetechnik ...,https://dh-sanitaerservice.de/kontakt,dh-sanitaerservice.de,no
(Sanitärinstallateur OR Heizungsinstallateur OR Kältetechnik) Hamburg,Hamburg,Karl Krüger: Home,"Wir sind Ihr moderner Fachbetrieb für professionelle Haustechnik in Hamburg! Als Meisterbetrieb für Heizungs-, Sanitär- u. Klempnertechnik mit Sitz im ...",https://www.karl-krueger.de/,karl-krueger.de,no
(Sanitärinstallateur OR Heizungsinstallateur OR Kältetechnik) Hamburg,Hamburg,"SHS Alstertherm GmbH | Heizung, Sanitär, Solar, Klima | Hamburg",SHS Alstertherm GmbH - Wir bringen Zuverlässigkeit und Fachkompetenz in Einklang mit Kundennähe. Meisterbetrieb & Partner aus Hamburg!,https://alstertherm.de/,alstertherm.de,no
(Sanitärinstallateur OR Heizungsinstallateur OR Kältetechnik) Hamburg,Hamburg,Kälte- & Klimatechnik in Hamburg |,"Seit über 25 Jahren ist Nitema als Spezialist für Kälte-, Klima- und Lüftungstechnik im Großraum Hamburg aktiv. Der Handwerksbetrieb mit Standort in ...",https://www.abendblatt.de/unternehmen/kaelte-klimatechnik,abendblatt.de,no
(Sanitärinstallateur OR Heizungsinstallateur OR Kältetechnik) Hamburg,Hamburg,Home • Gehrke Hamburg,"Planung und Ausführung von Bädern, Heizungsanlagen, Komplettsanierung in bewährter Zusammenarbeit mit unseren Partnern. Für private Wohneigentümer und ...",https://www.gehrke-hamburg.de/,gehrke-hamburg.de,no
(Sanitärinstallateur OR Heizungsinstallateur OR Kältetechnik) Hamburg,Hamburg,Eilk Sanitärtechnik OHG | Heizungsmodernisierung in Hamburg,"Wir sind Ihr Partner für Heizungsmodernisierung in Hamburg. Wir sorgen für wohlige Wärme für Ihr Zuhause durch Solar, Wärmepumpe oder Gasheizung.",https://eilk.de/,eilk.de,no
(Sanitärinstallateur OR Heizungsinstallateur OR Kältetechnik) Hamburg,Hamburg,Andreas Giessen Sanitär GmbH - Profi für Haustechnik in Hamburg,"Seit 1992 sind wir Ihr Fachbetrieb aus Hamburg für Haustechnik. Vertrauen Sie uns als Experten für Bad, Heizung, Wärmepumpen & barrierefreie Bäder.",https://ag-sanitaer.de/,ag-sanitaer.de,no
(Sanitärinstallateur OR Heizungsinstallateur OR Kältetechnik) Hamburg,Hamburg,"Installateur Sanitär Heizung | Hamburg, Sanitärtechnik Pönicke","Sanitärtechnik Pönicke – Ihr Installateur für Sanitär, Heizung und effiziente Anlagen zur Nutzung erneuerbarer Energien rund um Hamburg.",https://www.poenicke-haustechnik.de/,poenicke-haustechnik.de,no
(Sanitärinstallateur OR Heizungsinstallateur OR Kältetechnik) Hamburg,Hamburg,Distelmaier GmbH: Fachhandwerker Haustechnik | Hamburg,"Ihre Spezialisten für Sanitär, Heizung und Klimatechnik und vielem mehr aus Hamburg - Distelmaier GmbH.",https://www.distelmaier.com/,distelmaier.com,no
(Sanitärinstallateur OR Heizungsinstallateur OR Kältetechnik) Hamburg,Hamburg,"Scholz Bergmann Sanitärtechnik Hamburg | Sanitär, Klempner ...","Als Ihr Heizungsbauer im Hamburger Westen realisieren wir Neubau, Modernisierung und Heizungswartung – vom Altbau in Blankenese bis zum Effizienzhaus in Osdorf.",https://scholzbergmann.de/,scholzbergmann.de,no
(Sanitärinstallateur OR Heizungsinstallateur OR Kältetechnik) Hamburg,Hamburg,Klempner Hamburg - Nord | Heizung · Klima · Sanitär,"Klempner-Meisterbetrieb für Heizung, Klima und Sanitärtechnik im Norden von Hamburg ✓ Korbus Meisterbetrieb ✓ Sanitärtechnik ✓ Klimatechnik ...",https://www.klempner-hamburg-nord.de/,klempner-hamburg-nord.de,no
(Sanitärinstallateur OR Heizungsinstallateur OR Kältetechnik) Hamburg,Hamburg,kws-hamburg.de: Kälteanlagen Heizungsanlagen Wärmepumpen,"Meisterbetrieb für Planung, Montage und Service für Kälteanlagen, Heizungsanlagen, Wärmepumpen und Solaranlagen in Hamburg (auch Bremen, Kiel, Lübeck, ...",https://www.kws-hamburg.de/,kws-hamburg.de,no
(Sanitärinstallateur OR Heizungsinstallateur OR Kältetechnik) Hamburg,Hamburg,Woltemath Sanitär- & Heizungstechnik | Heizung & Sanitär,"Woltemath Sanitär- & Heizungstechnik | Ihr Fachbetrieb für Heizung, Sanitär und Erneuerbare Energien. Wir installieren Heizungsanlagen und Bäder nach Maß.",https://www.woltemath-heizungsbau.de/,woltemath-heizungsbau.de,no
(Sanitärinstallateur OR Heizungsinstallateur OR Kältetechnik) Hamburg,Hamburg,Degler Haustechnik GmbH: Home,"IHR EXPERTE FÜR HEIZUNGS-, SANITÄR- UND ENERGIELÖSUNGEN IM GROßRAUM HAMBURG. Sie möchten Ihr Zuhause zukunftssicher, energieeffizient und modern gestalten? Dann ...",https://degler-haustechnik.de/,degler-haustechnik.de,no
(Sanitärinstallateur OR Heizungsinstallateur OR Kältetechnik) Hamburg,Hamburg,Haustechnik & Dachtechnik in Hamburg,Heitsch GmbH Sanitärtechnik. Ihrem Meisterbetrieb in Hamburg seit 1982. Wir sind seit 1982 Ihr kompetenter Partner im Bereich der Haustechnik und Dachtechnik.,https://www.haustechnik-hamburg.de/,haustechnik-hamburg.de,no
(Sanitärinstallateur OR Heizungsinstallateur OR Kältetechnik) Hamburg,Hamburg,"MK Haustechnik: Installateur Sanitär Heizung, Hamburg","MK Haustechnik – Ihr Installateur für Sanitär, Heizung und moderne Anlagen zur Nutzung erneuerbarer Energien rund um Hamburg.",https://www.mkhaustechnik.hamburg/,mkhaustechnik.hamburg,no
(Sanitärinstallateur OR Heizungsinstallateur OR Kältetechnik) Hamburg,Hamburg,GK Sanitärtechnik: Ihr Experte für Bad & Heizung in Hamburg,"Wir installieren und modernisieren Heizungsanlagen für Wohn- und Gewerbeobjekte. Egal ob Gas, Öl oder moderne Hybridlösungen – unser Team sorgt für effiziente ...",https://gksanitaertechnik.de/,gksanitaertechnik.de,no
(Sanitärinstallateur OR Heizungsinstallateur OR Kältetechnik) Hamburg,Hamburg,"Mein Klempner Hamburg: Klempner Hamburg | Sanitär, Heizung ...","Klempner Hamburg ✓ Meisterbetrieb für Sanitär, Heizung, Badsanierung & 24/7 Notdienst. Über 20 Jahre Erfahrung, 976+ Bewertungen. ☎ 040 74 30 39 69.",https://mein-klempner.hamburg/,mein-klempner.hamburg,no
(Sanitärinstallateur OR Heizungsinstallateur OR Kältetechnik) Hamburg,Hamburg,Sanitär / Heizung - LKS Gebäudetechnik für Hamburg und Umgebung,"Wir installieren und warten Ihre Klimaanlagen, Heizungen und raumlufttechnischen Anlagen von Cuxhaven über Ahrensburg, Norderstedt, Hamburg, Lübeck, Lüneburg, ...",https://www.lks-klima.de/sanitaer-heizung,lks-klima.de,no
(Sanitärinstallateur OR Heizungsinstallateur OR Kältetechnik) Hamburg,Hamburg,Sanitärtechnik Jörgen Muhs GmbH,"Um unsere Webseite für Sie optimal zu gestalten und fortlaufend verbessern zu können, verwenden wir Cookies. Durch die weitere Nutzung der Webseite stimmen ...",https://www.sanitaer-muhs.de/,sanitaer-muhs.de,no
(Sanitärinstallateur OR Heizungsinstallateur OR Kältetechnik) Hamburg,Hamburg,"Sanitär Heizung Bedachung | Brandt-Haustechnik, Hamburg","Brandt-Haustechnik – Ihr Installateur für Sanitär, Heizung und moderne Anlagen zur Nutzung erneuerbarer Energien rund um Hamburg.",https://www.brandt-haustechnik.de/,brandt-haustechnik.de,no
(Sanitärinstallateur OR Heizungsinstallateur OR Kältetechnik) Hamburg,Hamburg,Sanitär & Heizungsbau in Hamburg | LK Hamburg – Meisterbetrieb ...,"LK Hamburg: Sanitär, Heizung, Wärmepumpe und Solar. Meisterbetrieb seit 1985 in Hamburg. Badsanierung, Reparatur, Wartung. Jetzt Angebot anfordern.",https://www.lkhamburg.de/,lkhamburg.de,no
(Sanitärinstallateur OR Heizungsinstallateur OR Kältetechnik) Hamburg,Hamburg,Kaminski Sanitärtechnik | Sanitär- und Heizungstechnik - Hamburg,"Sie planen die Modernisierung einer Immobilie? Wir sind Ihr kompetenter Partner für die Installation von Heizflächen, der Nachrüstung von Fußbodenheizungen und ...",https://kaminski-shk.de/,kaminski-shk.de,no
(Sanitärinstallateur OR Heizungsinstallateur OR Kältetechnik) Hamburg,Hamburg,Start - Dirk Richter Haus- und Sanitärtechnik,"Sanitär-, Klempner- und Bedachungsarbeiten ... 22529 Hamburg. Telefax: 040-55 260 501 Telefon: +040-55 260 630.",https://www.richter-sanitaertechnik.de/,richter-sanitaertechnik.de,no
(Sanitärinstallateur OR Heizungsinstallateur OR Kältetechnik) Hamburg,Hamburg,Jürgen Tiedtke Heizungs- und Lüftungstechnik GmbH: Startseite,Telefon. 040 – 64 22 11 38 ; Fax. 040 – 64 22 13 56 ; E-mail. info@juergen-tiedtke.de ; Anschrift · Haldesdorfer Str. 50 ; Ort. 22179 Hamburg.,https://www.juergen-tiedtke.de/startseite/,juergen-tiedtke.de,no
(Sanitärinstallateur OR Heizungsinstallateur OR Kältetechnik) Hamburg,Hamburg,Thomas Schönfelder Sanitärtechnik - Hamburg,HAMBURG WASSER Konzession. Mitglied Gasgemeinschaft HH e.V.. Kurzinfo. Vom ... Heizung und Sanitär · Badezimmerplanung · Heizkessel · Raumtrocknung · Klempner ...,https://gebaeudetechnik-hamburg.de/,gebaeudetechnik-hamburg.de,no
(Sanitärinstallateur OR Heizungsinstallateur OR Kältetechnik) Hamburg,Hamburg,"Fiete Haustechnik, Hamburg: Meisterbetrieb für Wärme und Wasser",Fiete Haustechnik ist Ihr Ansprechpartner für durchdachte Heizungs- und Sanitärsysteme im Großraum Hamburg. Seit 2021 bieten wir für Gewerbetreibende wie für ...,https://www.fiete-haustechnik.de/,fiete-haustechnik.de,no
(Sanitärinstallateur OR Heizungsinstallateur OR Kältetechnik) Hamburg,Hamburg,Thies GmbH,No information is available for this page. · Learn why,http://www.thies-heizung.de/,thies-heizung.de,no
(Sanitärinstallateur OR Heizungsinstallateur OR Kältetechnik) Hamburg,Hamburg,Anbieter für Sanitär / Sanitärtechnik in Hamburg-Nord finden...,"Solaranlage, Wannenabtrennungen, Solarheizung, Solar, Solarwärme, Wärme, Solarkollektoren, Energietechnik, Brauchwasseraufheizung, Sanitär, Hamburg, Badezimmer,.",https://www.sanitaertechnikhamburg.de/nord/index.html,sanitaertechnikhamburg.de,no
(Sanitärinstallateur OR Heizungsinstallateur OR Kältetechnik) Hamburg,Hamburg,Heizungsanlagenbau / Installationsunternehmen in Hamburg,Mohn Jürgen GmbH · Naeve Sanitär und Heizungstechnik GmbH · Otto Fülle - Dipl. Ing. e. K. · Otto Plessen · Paul Folleher · Payk & Bethge Sanitärinstallation- ...,https://www.firmenabc.com/firmen/hamburg_ejupc/heizungsanlagenbau-installationsunternehmen_ijo/4,firmenabc.com,no
(Elektriker OR Gebäudetechnik OR Sicherheitstechnik OR Rohrreinigung) Hamburg,Hamburg,DeinElektriker | Hamburg,"Von unserem Elektrofachbetrieb aus Hamburg erhältst Du Qualitätslösungen aus einer Hand – maßgefertigt, zukunftsorientiert, termintreu.",https://deinelektriker.hamburg/,deinelektriker.hamburg,no
(Elektriker OR Gebäudetechnik OR Sicherheitstechnik OR Rohrreinigung) Hamburg,Hamburg,Elektro Hartmann | Elektrotechnik & Installationen Hamburg,"Bei uns erhalten Sie Planung, Ausführung, Überwachung und Wartung Ihrer Anlage aus einer Hand. Sorgfältige Werks- und Montageplanung bilden die Grundlage ...",http://hartmann-elektro-gmbh.de/,hartmann-elektro-gmbh.de,no
(Elektriker OR Gebäudetechnik OR Sicherheitstechnik OR Rohrreinigung) Hamburg,Hamburg,MKT Energie- und Gebäudetechnik - Ihr Meisterbetrieb in Hamburg,"In Hamburg sind wir Ihr Partner für Heizung, Wärmepumpen, Elektroinstallation & Bäder. Mit Qualität und Kompetenz kümmern wir uns um Ihr Projekt!",https://mkt-technik.de/,mkt-technik.de,no
(Elektriker OR Gebäudetechnik OR Sicherheitstechnik OR Rohrreinigung) Hamburg,Hamburg,Gebäudetechnik-Experte in Hamburg,"Gebäudetechnik-Experte in Hamburg: Dechow GmbH und Dunckel GmbH bieten umfassende Lösungen für Wartung, Instandhaltung und Gebäudetechnik.",https://www.gebaeude-technik.info/unternehmen/standorte/hamburg/,gebaeude-technik.info,no
(Elektriker OR Gebäudetechnik OR Sicherheitstechnik OR Rohrreinigung) Hamburg,Hamburg,Elektriker aus Hamburg für moderne Elektrotechnik - Piotr Zalewski,"Als Elektriker in Hamburg stehen wir für fachgerechte Elektrotechnik, saubere Arbeit und persönliche Beratung – vom kleinen Kundendienst bis zur kompletten ...",https://z-elektriker.hamburg/,z-elektriker.hamburg,no
(Elektriker OR Gebäudetechnik OR Sicherheitstechnik OR Rohrreinigung) Hamburg,Hamburg,KÖPKE ELEKTROMONTAGEN - Elektrotechnik Region Hamburg,"Wir bieten Ihnen Elektroinstallationen, Datennetze, Sicherheitstechnik und Kommunikationstechnik. Ihr Partner im Bereich Elektromontagen!",https://www.koepke-elektromontagen.de/,koepke-elektromontagen.de,no
(Elektriker OR Gebäudetechnik OR Sicherheitstechnik OR Rohrreinigung) Hamburg,Hamburg,HEGt Hamburger Elektro- und Gebäudetechnik GmbH,"HEGt ist seit 2008 Ihr Partner in Hamburg für Elektrotechnik, Gebäudetechnik, Beleuchtungstechnik, Sicherheitstechnik, Datentechnik und Telekommunikation.",https://www.hegt.de/,hegt.de,no
(Elektriker OR Gebäudetechnik OR Sicherheitstechnik OR Rohrreinigung) Hamburg,Hamburg,Elektrotechnik Hamburg - Roland Gageur,"Ihr Experte für Elektrotechnik in Hamburg. Photovoltaik, Smart Home, Wallbox, E-Installationen etc. ✓Jetzt direkt anfragen!",https://gageur-elektrotechnik.de/,gageur-elektrotechnik.de,no
(Elektriker OR Gebäudetechnik OR Sicherheitstechnik OR Rohrreinigung) Hamburg,Hamburg,Elektriker Hamburg | E-CHECK - H. Cummerow e. K.,"Qualifizierter Innungsfachbetrieb für E-CHECK • Prüfung elektrischer Anlagen und Geräte • Cummerow Elektro-Anlagen, Hamburg, Tel.: 040 475568.",https://cummerow-elektro.de/elektriker-hamburg-echeck-elektro-check,cummerow-elektro.de,no
(Elektriker OR Gebäudetechnik OR Sicherheitstechnik OR Rohrreinigung) Hamburg,Hamburg,Gebäudetechnik Hamburg: Stellenangebote & Jobs,Gebäudetechnik Jobs in Hamburg: Top-Arbeitgeber ✓ aktuell ✓ lokal ✓ große Auswahl ➤ jetzt Stellenangebote in deiner Nähe finden!,https://www.karriere-hamburg.de/stellenangebote-gebaeudetechnik,karriere-hamburg.de,no
(Elektriker OR Gebäudetechnik OR Sicherheitstechnik OR Rohrreinigung) Hamburg,Hamburg,Energie-& Gebäudeelektronik - Hamburg - JIA,"Sie entwickeln Lösungen für technische Herausforderungen und arbeiten oft an maßgeschneiderten Projekten, die Ihre kreativen Fähigkeiten herausfordern.",https://jia-hamburg.de/energie-gebaudeelektronik/,jia-hamburg.de,no
(Elektriker OR Gebäudetechnik OR Sicherheitstechnik OR Rohrreinigung) Hamburg,Hamburg,Karriere bei NRT Hamburg,Mittelständiges Unternehmen bietet komplette Bandbreite fachkundiger Rohr- und Kanalreinigungs- sowie Sanierungstechniken JETZT BEWERBEN ☎ 040/53932303.,https://www.rohr-frei-hamburg.de/karriere.html,rohr-frei-hamburg.de,no
(Elektriker OR Gebäudetechnik OR Sicherheitstechnik OR Rohrreinigung) Hamburg,Hamburg,Elektriker | Scholz Elektrobau | Hamburg,Scholz Elektrobau Ihr Elektriker in und um Hamburg seit über 40 Jahren. Ausführungen von Elektroarbeiten für Privat und Gewerbe.,https://www.scholz-elektrobau.de/,scholz-elektrobau.de,no
(Elektriker OR Gebäudetechnik OR Sicherheitstechnik OR Rohrreinigung) Hamburg,Hamburg,Ihr Partner für Elektrotechnik in Hamburg | elektrohamburg AS GmbH,Wir sind Ihr top Ansprechpartner in Sachen Elektrotechnik in Hamburg! ✔️ über 20 Jahre Erfahrung ✔️ 5 Jahre Gewährleistung ✔️ kostenlose Beratung.,https://www.elektrohamburg.de/,elektrohamburg.de,no
(Elektriker OR Gebäudetechnik OR Sicherheitstechnik OR Rohrreinigung) Hamburg,Hamburg,TG Elektrotechnik | Elektroinstallateure im Raum Hamburg,"Geben Sie die Elektroinstallation in unsere professionellen Hände! Wir installieren Wallboxen, Photovoltaikanlagen, Blitzschutz. Alarmanlagen Installation.",https://www.grulke-elektrotechnik.de/,grulke-elektrotechnik.de,no
(Elektriker OR Gebäudetechnik OR Sicherheitstechnik OR Rohrreinigung) Hamburg,Hamburg,Elektronikerinnen und Elektroniker für Gebäude,So erreichen Sie uns: Email service@handelskammer-hamburg.de; Telefonnummer +49 40 36138-138 · Facebook ...,https://www.handelskammer-hamburg.de/aus-und-weiterbildung/ausbildung-und-umschulung/ausbildungsberufsbilder-und-ansprechpartner/elektrotechnik/elektroniker-gebaeudesysteme-infrastruktursysteme-6776056,handelskammer-hamburg.de,no
(Elektriker OR Gebäudetechnik OR Sicherheitstechnik OR Rohrreinigung) Hamburg,Hamburg,Lübbersmeyer Elektrobau GmbH: Home,"Als erfahrene Spezialisten für Elektrotechnik sind wir ein zuverlässiger Partner für große renommierte Unternehmen in Hamburg, z.B. den Flughafen oder die ...",https://luebbersmeyer.com/,luebbersmeyer.com,no
(Elektriker OR Gebäudetechnik OR Sicherheitstechnik OR Rohrreinigung) Hamburg,Hamburg,Ausbildung zum Elektroniker für Energie- und Gebäudetechnik (m/w/d),Aktuelles Ausbildungsangebot als Ausbildung zum Elektroniker für Energie- und Gebäudetechnik (m/w/d) in Hamburg bei der Firma Bodo Wascher Elektrotechnik,https://www.wascher-karriere.de/stellenangebote/details/ausbildung-zum-elektroniker-f%C3%BCr-energie-und-geb%C3%A4udetechnik-m-w-d10681.html,wascher-karriere.de,no
(Elektriker OR Gebäudetechnik OR Sicherheitstechnik OR Rohrreinigung) Hamburg,Hamburg,Gellert Energie- & Gebäudetechnik: Ihr Elektriker in Wentorf bei ...,"Ihr Partner im Bereich Elektrotechnik. Von der Elektro Planung bis zur Inbetriebnahme. Bei Ihrer ElektroInstallation, sowie der zuverlässigen Betreuung.",https://www.gellert-energie.de/,gellert-energie.de,no
(Elektriker OR Gebäudetechnik OR Sicherheitstechnik OR Rohrreinigung) Hamburg,Hamburg,und Gebäudetechniker (m/w/d) | Ausbildung zum/zur Elektroniker/in ...,"Den Elektroniker in der Fachrichtung Energie- und Gebäudetechnik (m/w/d) bilden wir in Hamburg aus. Start: 01.08.2023 Dauer: 3,5 Jahre. Schulabschluss: guter ...",https://karriere.nass-gruppe.de/karriere/details/energie-und-geb%C3%A4udetechnik-m-w-d-ausbildung-zum-zur-elektroniker-in-im-bereich,karriere.nass-gruppe.de,no
(Elektriker OR Gebäudetechnik OR Sicherheitstechnik OR Rohrreinigung) Hamburg,Hamburg,Elektrotechnik Schulz - Professionelle Elektroinstallationen,Willkommen bei Elektrotechnik Schulz aus Hamburg. Professionelle Elektroinstallationen und Lösungen für Privat- und Geschäftskunden.,https://e-technik-schulz.de/,e-technik-schulz.de,no
(Elektriker OR Gebäudetechnik OR Sicherheitstechnik OR Rohrreinigung) Hamburg,Hamburg,Peter Warnicke Elektro in Hamburg,Von der klassischen Elektroinstallation über moderne Haustechnik bis hin zu E-Mobilität und Sicherheitslösungen – bei uns erhalten Sie alles aus einer Hand.,https://www.warnicke.de/,warnicke.de,no
(Elektriker OR Gebäudetechnik OR Sicherheitstechnik OR Rohrreinigung) Hamburg,Hamburg,Unser Netzwerk - Energie-Gemeinschaft Hamburg,"Unser Netzwerk besteht aus Fachbetrieben für Elektro-, Sanitär- und Heizungstechnik, Groß- und Einzelhandel, Herstellern, Innungen und Verbänden.",https://www.eghh.de/unser-netzwerk/,eghh.de,no
(Elektriker OR Gebäudetechnik OR Sicherheitstechnik OR Rohrreinigung) Hamburg,Hamburg,Elektroniker Gebäudesystemintegration Ausbildung Hamburg,Werde zum Digitalisierungs-Profi für perfekte Vernetzung - mit der dualen Ausbildung zum Elektroniker Gebäudesystemintegration (m/w/d) ▻ Jetzt informieren!,https://www.elektro-jobs-hamburg.de/startseite/elektroniker-gebaudesystemintegration-ausbildung/,elektro-jobs-hamburg.de,no
(Elektriker OR Gebäudetechnik OR Sicherheitstechnik OR Rohrreinigung) Hamburg,Hamburg,"SG Gebäudetechnik GmbH, Hamburg und Elmshorn: Meisterbetrieb ...","SG Gebäudetechnik GmbH: Ihr Meisterbetrieb für moderne Heiztechnik und Warmwasser in Hamburg und Elmshorn. Brennwert, Wärmepumpe, Solarthermie ...",https://www.sgg-shk.de/,sgg-shk.de,no
(Elektriker OR Gebäudetechnik OR Sicherheitstechnik OR Rohrreinigung) Hamburg,Hamburg,"Service - Elektrotechnik, Installation und Wartung von Elektronik","Wir sind Ihr kompetenter Elektriker in Hamburg und übernehmen die Installation, Reparatur und Wartung Ihrer Elektronik. Ob klein oder groß, ...",https://www.elektrikerhamburg.de/service-elektriker-hamburg/,elektrikerhamburg.de,no
(Elektriker OR Gebäudetechnik OR Sicherheitstechnik OR Rohrreinigung) Hamburg,Hamburg,Elektroniker/in für Energie - Hamburg - Flatau Elektrotechnik GmbH,"Unsere Projekte sind weitesgehend gewerblich, wir bedienen aber auch den gehobenen, privaten Haushalt. Zu unseren Kunden zählen z. B. auch namhafte Unternehmen ...",https://www.flatau-elektro.de/?page_id=166,flatau-elektro.de,no
(Elektriker OR Gebäudetechnik OR Sicherheitstechnik OR Rohrreinigung) Hamburg,Hamburg,[PDF] Haustechniker / Elektroniker EGT / Elektriker im Raum Hamburg (w ...,Raum Hamburg (w/m/d). Zur Verstärkung unseres Teams im Bereich des ... Gebäudetechnik / Elektriker oder eine vergleichbare Ausbildung.,https://www.rapiro.de/wp-content/uploads/2020/11/Haustechniker_Raum_Hamburg.pdf,rapiro.de,no
(Elektriker OR Gebäudetechnik OR Sicherheitstechnik OR Rohrreinigung) Hamburg,Hamburg,Ihr Experte für Elektrotechnik: Die Albertsen Elektro GmbH aus ...,"Albertsen Elektro aus Hamburg ist Ihr zuverlässiger Partner für die Bereiche Elektrotechnik, Sicherheitstechnik, Kommunikationstechnik und Baustrom.",https://albertsen-elektro.de/,albertsen-elektro.de,no
(Elektriker OR Gebäudetechnik OR Sicherheitstechnik OR Rohrreinigung) Hamburg,Hamburg,Elektroniker für Energie- und Gebäudetechnik (M/W/D) | LADWIG,Schau Dir Deine Vorteile an! Jetzt Jobangebot erhalten. Ab sofort in Hamburg. Erhalte Dein Jobangebot ⚡. Jetzt in 20 Sekunden Dein Job-Angebot erhalten ...,https://ladwiggmbh.de/elektroniker-fuer-energie-gebaeudetechnik-hamburg/,ladwiggmbh.de,no
(Elektriker OR Gebäudetechnik OR Sicherheitstechnik OR Rohrreinigung) Hamburg,Hamburg,Ausbildung zum Elektroniker für Energie- und Gebäudetechnik (m/w/d),Die Bodo Wascher Elektrotechnik Hamburg GmbH ist ein spezialisiertes Unternehmen für elektrotechnische Dienstleistungen. Es bietet maßgeschneiderte Lösungen in ...,https://www.wascher-hamburg.de/details/ausbildung-zum-elektroniker-f%C3%BCr-energie-und-geb%C3%A4udetechnik-m-w-d10681.html,wascher-hamburg.de,no
(Elektriker OR Gebäudetechnik OR Sicherheitstechnik OR Rohrreinigung) Hamburg,Hamburg,DKE Technik – Elektrotechniker – Hamburg – Moderne ...,"Von Reparaturservice, Planung und Umsetzung von Neubauten, Gebäudeautomatisierung, KNXSysteme, Kostenschätzungen… Sprechen Sie mich gerne an und ich berate Sie ...",https://dke-technik.com/,dke-technik.com,no
(Elektriker OR Gebäudetechnik OR Sicherheitstechnik OR Rohrreinigung) Hamburg,Hamburg,Elektrotechnik - ELEKTRO NORD,"Wir sind Ihr Gebäudetechnik Fachbetrieb für Lübeck, Hamburg und Umgebung. ... © Copyright 2026 | ELEKTRO NORD Gebäudetechnik GmbH | Made by ...",https://www.elektro-nord.de/elektrotechnik/,elektro-nord.de,no
(Elektriker OR Gebäudetechnik OR Sicherheitstechnik OR Rohrreinigung) Hamburg,Hamburg,Bartsch Elektrotechnik GmbH in Hamburg,"Seit über 50 Jahren verlässliche Auftragsabwicklung, innovative Ideen und kaufmännisches Geschick - ein leistungsstarkes Unternehmen für Großprojekte in Hamburg ...",https://www.bartsch-elektro.de/,bartsch-elektro.de,no
(Elektriker OR Gebäudetechnik OR Sicherheitstechnik OR Rohrreinigung) Hamburg,Hamburg,"Richard Flumm GmbH – Sanitär, Heizung & Elektro Hamburg ...","Von Heizung und Sanitär bis Leckageortung, Rohrservice und moderner Gebäudetechnik – wir bieten zuverlässige Lösungen für Privatkunden, Hausverwaltungen und ...",https://flumm.com/,flumm.com,no
(Elektriker OR Gebäudetechnik OR Sicherheitstechnik OR Rohrreinigung) Hamburg,Hamburg,Karl Körner Haustechnik GmbH | Familienbetrieb seit 1938 aus ...,"Sprechen Sie mit uns. Wir sind Ihr Partner in Hamburg, Hamburg und Umgebung für alle Fragen rund um die Badsanierung, Heizungsmodernisierung, Haustechnik und ...",https://karlkoerner.de/,karlkoerner.de,no
(Elektriker OR Gebäudetechnik OR Sicherheitstechnik OR Rohrreinigung) Hamburg,Hamburg,AN Elektrotechnik in Hamburg!,"Willkommen bei AN Elektrotechnik GmbH, Ihrem zuverlässigen Elektriker in Hamburg. Wir bieten professionelle Elektrodienstleistungen für Privat- und ...",https://www.anelektrotechnik.de/,anelektrotechnik.de,no
(Elektriker OR Gebäudetechnik OR Sicherheitstechnik OR Rohrreinigung) Hamburg,Hamburg,Berufs-Umschulung zum Elektroniker - BZE,Die Umschulung Elektroniker Fachrichtung Energie- und Gebäudetechnik wird im BZE Bildungszentrum Elektrotechnik Hamburg durchgeführt. Vermittelt werden in ...,https://www.bze-hamburg.de/weiterbildung/gefoerderte-seminare/berufs-umschulung-zum-elektroniker,bze-hamburg.de,no
(Elektriker OR Gebäudetechnik OR Sicherheitstechnik OR Rohrreinigung) Hamburg,Hamburg,Technische Gebäudeausrüstung | HPM DIE HANDWERKSGRUPPE,"Sicherheitstechnik. Notbeleuchtungssysteme, Brand- und Einbruchmeldeanlagen ... Der TGA Campus in Hamburg ist das sparteneigene Weiterbildungszentrum ...",https://handwerksgruppe.de/unsere-betriebe/technische-gebaeudeausruestung,handwerksgruppe.de,no
(Elektriker OR Gebäudetechnik OR Sicherheitstechnik OR Rohrreinigung) Hamburg,Hamburg,Leistungen Michael von Karger in Hamburg,"Vom schönen Schalter bis zur kompletten Elektroinstallation für Haus, Wohnung oder Unternehmen: Wir bieten umfassenden Service - vor allem aber Sicherheit.",https://www.elektriker-von-karger.de/leistungen,elektriker-von-karger.de,no
(Elektriker OR Gebäudetechnik OR Sicherheitstechnik OR Rohrreinigung) Hamburg,Hamburg,106 Elektroniker Gebäudetechnik Jobs in Hamburg,Willkommen bei der Bodo Wascher Gruppe einem familiengeführten Unternehmensverbund mit über 28 Betrieben. Unsere Expertise liegt in den Bereichen Elektrotechnik ...,https://www.online-stellenmarkt.net/stellenangebote/elektroniker-geb%C3%A4udetechnik/hamburg-hamburg.html,online-stellenmarkt.net,no
(Elektriker OR Gebäudetechnik OR Sicherheitstechnik OR Rohrreinigung) Hamburg,Hamburg,Rainer Aue Gebäudetechnik: Startseite,"Wir kümmern uns um die Programmierung und Inbetriebnahme von Automatisierungssystemen für den sicheren, zuverlässigen und effizienten Betrieb Deiner Anlagen.",https://www.gebaeudetechnik-hh.de/,gebaeudetechnik-hh.de,no
(Elektriker OR Gebäudetechnik OR Sicherheitstechnik OR Rohrreinigung) Hamburg,Hamburg,Seibel365 Hamburg ❤️ Gebäudetechnik für Hausverwaltungen,"Unsere Leistungsbereiche · Elektroinstallation & Elektro-Notdienst · Sanitär-, Heizungs- und Warmwassertechnik (inkl. Notdienst) · Schlüsseldienst / ...",https://seibel-hamburg.de/,seibel-hamburg.de,no
(Elektriker OR Gebäudetechnik OR Sicherheitstechnik OR Rohrreinigung) Hamburg,Hamburg,Versorgungstechnik & Anlagenbau für Gewerbekunden in Hamburg,"Gebäudetechnik. Unsere Experten stehen Ihnen stets zur Seite wenn es um Heizungstechnik, erneuerbare Energien, Versorgungssysteme, Lüftungsanlagen ...",https://www.heitger.de/gewerbekunden/,heitger.de,no
(Elektriker OR Gebäudetechnik OR Sicherheitstechnik OR Rohrreinigung) Hamburg,Hamburg,Hamburg - Empfehlungen zu Installation - cleverspots-Handwerker,"Spezialisten für Elektrotechnik und Haustechnik in Hamburg - Installation, Wartung & Kundenservice für Großprojekte oder Privathaushalte. Geöffnet - schließt ...",https://handwerker.cleverspots.de/hamburg/installation/,handwerker.cleverspots.de,no
(Elektriker OR Gebäudetechnik OR Sicherheitstechnik OR Rohrreinigung) Hamburg,Hamburg,Gebäudetechnik Hamburg: Elektroinstallation & Modernisierung,Unsere Leistungen: Gebäudetechnik in Hamburg · Sanierung und Modernisierung von Bestandsanlagen · Stromverteilung und Verteilungsanlagen · Kabelverlegung und - ...,https://hanseelektrotechnik.de/gebaeudetechnik/,hanseelektrotechnik.de,no
(Elektriker OR Gebäudetechnik OR Sicherheitstechnik OR Rohrreinigung) Hamburg,Hamburg,V & S Haustechnik GmbH,,http://www.v-s-h.de/,v-s-h.de,no
(Elektriker OR Gebäudetechnik OR Sicherheitstechnik OR Rohrreinigung) Hamburg,Hamburg,Elektroniker-Stellenangebote in Hamburg - Berufe-liste.de,"Elektriker (d/m/w) Kundendienst - Arbeitszeit beginnt im Auto Hamburg ... 6 Gründe warum Sie zu uns kommen sollten: Attraktive Vergütung von bis zu 3.750,-€ ...",https://www.berufe-liste.de/jobs-in-Hamburg,berufe-liste.de,no
(Sanitärinstallateur OR Heizungsinstallateur OR Kältetechnik) München,München,"Installation, Sanitär München und in der Nähe","Hervorragende Übersicht auf dem offiziellen Stadtportal für Installation, Sanitär München. 396 Einträge mit Infos, Öffnungszeiten, Bewertungen, Adressen und ...",https://www.muenchen.de/service/branchenbuch/I/189.html,muenchen.de,no
(Sanitärinstallateur OR Heizungsinstallateur OR Kältetechnik) München,München,Klimaanlagen München – für gewerbliche und private Kunden,"Ihre Profis für Klimaanlagen in München, gewerblich und privat - Beratung, Planung, Installation und Wartung vom Fachbetrieb.",https://www.xn--mnchnerklte-s8a81a.de/,xn--mnchnerklte-s8a81a.de,no
(Sanitärinstallateur OR Heizungsinstallateur OR Kältetechnik) München,München,C. Klein Bad Heizung GmbH: Sanitär Heizung | München,"Sie planen ein neues Bad oder eine neue Heizung? Dann sprechen Sie mit uns. Neubau, Umbau oder Sanierung - wir beraten Sie dabei zu allen Themen rund um Sanitär ...",https://www.claus-klein.de/,claus-klein.de,no
(Sanitärinstallateur OR Heizungsinstallateur OR Kältetechnik) München,München,Werner Ostermaier: Sanitär Heizung München,"Durch unsere langjährige Erfahrung können wir Ihnen einen Rundumservice für die Heizungs- und Sanitärtechnik bieten. Besonders bei Gasheizungen, Gasthermen, das ...",https://www.ostermaier-gmbh.de/,ostermaier-gmbh.de,no
(Sanitärinstallateur OR Heizungsinstallateur OR Kältetechnik) München,München,Heizung Obermeier: Sanitär Heizung München,"Wir von Heizung Obermeier sind Ihr zuverlässiger Heizungs- und Sanitärinstallateur für München und Umgebung. Seit vielen Jahren arbeiten wir eng mit Bauherren, ...",https://www.heizung-obermeier.de/,heizung-obermeier.de,no
(Sanitärinstallateur OR Heizungsinstallateur OR Kältetechnik) München,München,Klimaanlagen - Lüftungstechnik | KKS GmbH München,"Ihr Fachmann für Klimaanlagen, Kältetechnik und Lüftungsanlagen. DAIKIN Fachpartner. ☏ Tel: +49 (0)89 / 157 88 20.",https://www.kks-klima.de/,kks-klima.de,no
(Sanitärinstallateur OR Heizungsinstallateur OR Kältetechnik) München,München,"Durmus Haustechnik | Altbausanierung, Heizung und Sanitär in ...","Durmus Haustechnik in München: Spezialist für Altbausanierung, Heizung und Sanitärtechnik. Termintreu, zuverlässig und jahrelange Erfahrung.",https://durmus-haustechnik.de/,durmus-haustechnik.de,no
(Sanitärinstallateur OR Heizungsinstallateur OR Kältetechnik) München,München,Top Installateure und Heizungsbauer in München finden - Handwerker,Jetzt geprüfte Installateure und Heizungsbauer in München vergleichen ✓ Bewertungen & Leistungen auf einen Blick ✓ Passende Profis für Ihr Projekt finden ...,https://handwerk.check24.de/craftsmen/installateur-heizungsbauer/by/muenchen/top-profis,handwerk.check24.de,no
(Sanitärinstallateur OR Heizungsinstallateur OR Kältetechnik) München,München,"Stadnik GmbH | Heizung, Sanitär & Badsanierung in München","Ihr Meisterbetrieb in München für Heizung, Sanitär, Badsanierung und Wärmepumpen. Persönlich, zuverlässig & zukunftssicher – jetzt informieren!",https://stadnikgmbh.de/,stadnikgmbh.de,no
(Sanitärinstallateur OR Heizungsinstallateur OR Kältetechnik) München,München,"Klimatechnik | Kältetechnik | Klimaanlage München, Erding und ...","Die Kälte- und Klimaprofis der Kälte- und Klimatechnik H. Metzger beraten Sie zu Kälteanlagen und finden Ihre individuelle Lösung in Finsing, München, Erding, ...",https://www.klimatechnik-metzger.de/,klimatechnik-metzger.de,no
(Sanitärinstallateur OR Heizungsinstallateur OR Kältetechnik) München,München,ST Kälte- und Klimatechnik GmbH: Home,"Eigenständige Installation von Kälte-, Klimaanlagen und Wärmepumpen; Identifikation und fundierte Diagnose sowie zeitnahe Instandsetzung bei ...",https://st-kaeltetechnik.de/,st-kaeltetechnik.de,no
(Sanitärinstallateur OR Heizungsinstallateur OR Kältetechnik) München,München,Gröbmair Kälte- und Klimatechnik Meisterbetrieb aus München,Kälte- und Klimatechnik Meisterbetrieb aus München. Montage ✓ Wartung ✓ Reparatur ✓ von Ihrer Klimaanlage oder Kälteanlage ➜ Jetzt Anfragen.,https://www.groebmair-kaelte.de/,groebmair-kaelte.de,no
(Sanitärinstallateur OR Heizungsinstallateur OR Kältetechnik) München,München,Jan Schmidt - Wasser und Wärme,"IHR MEISTERBETRIEB FÜR SANITÄR- UND HEIZUNGSTECHNIK IN MÜNCHEN · WASSER IN BAD, KÜCHE UND IM GANZEN HAUS · HEIZUNGSANLAGEN - BEHAGLICHE WÄRME · BAD SANIERUNG VOM ...",https://www.bad-schmidt.de/,bad-schmidt.de,no
(Sanitärinstallateur OR Heizungsinstallateur OR Kältetechnik) München,München,Anton Ostler aus München - Heizung | Sanitär | Bad | Lüftung,"Bei uns finden Sie maßgeschneiderte Lösungen für Badsanierung und Bäderbau, egal ob es sich um Altbau, Neubau oder Gewerbeimmobilien handelt. Wir verstehen, ...",https://www.anton-ostler.de/,anton-ostler.de,no
(Sanitärinstallateur OR Heizungsinstallateur OR Kältetechnik) München,München,Kießling Sanitäre Anlagen: Sanitär Heizung | München,"Ihr Installateur für Sanitär und Heizung aus München. Kießling Sanitäre Anlagen, Ihr Partner für Wasser und Wärme. Schöne Bäder, effiziente Heizungsanlagen, ...",https://www.kiessling-sanitaer.de/,kiessling-sanitaer.de,no
(Sanitärinstallateur OR Heizungsinstallateur OR Kältetechnik) München,München,Schmid GmbH Sanitäre Anlagen | Bad & Heizung aus München,"Schmid GmbH Sanitäre Anlagen ist Ihr kompetenter Handwerksspezialist für Heizungssanierung, Badmodernisierung und Gas in München und Umgebung.",https://xn--schmid-sanitr-mfb.de/,xn--schmid-sanitr-mfb.de,no
(Sanitärinstallateur OR Heizungsinstallateur OR Kältetechnik) München,München,https://muenchen.branchen-info.net/fp_3123976.php,No information is available for this page. · Learn why,https://muenchen.branchen-info.net/fp_3123976.php,muenchen.branchen-info.net,no
(Sanitärinstallateur OR Heizungsinstallateur OR Kältetechnik) München,München,Mönner GmbH – Bäder & Heiztechnik in München | Mönner GmbH ...,"Mönner GmbH aus München plant und realisiert individuelle Bäder und moderne Heizsysteme – persönlich, stilvoll und aus einer Hand.",https://www.moenner.de/,moenner.de,no
(Sanitärinstallateur OR Heizungsinstallateur OR Kältetechnik) München,München,"Peter Schmitt Heizungs- und Lüftungsanlagenbau, München ...",Bei uns ist der Chef selbst mit vor Ort – aus Prinzip! Als Ihr Meisterbetrieb für Heizung und Sanitär legen wir größten Wert auf ausgezeichnete Qualität bei ...,https://www.peterschmittheizungsbau.de/,peterschmittheizungsbau.de,no
(Sanitärinstallateur OR Heizungsinstallateur OR Kältetechnik) München,München,"Schönberger Heizung Sanitär Solartechnik, München","Unsere umfassenden Dienstleistungen im Bereich Sanitär umfassen die Installation, Reparatur und Wartung von Sanitäranlagen jeglicher Art. Wir sorgen dafür, dass ...",https://www.schoenberger-heizung.de/,schoenberger-heizung.de,no
(Sanitärinstallateur OR Heizungsinstallateur OR Kältetechnik) München,München,Installateure in München und Umgebung - Heizung.de.,Informieren Sie sich über Heizungsbauer rund um München und wählen Sie die besten Spezialisten aus. Jetzt unsere Installateursuche nutzen!,https://www.heizung.de/installateur-finden.suffix.html/areaId=M%C3%BCnchen.html,heizung.de,no
(Sanitärinstallateur OR Heizungsinstallateur OR Kältetechnik) München,München,"KälteSchmid Klima- und Kälteanlagen, Kältetechnik & Klimaanlagen",KälteSchmid: Ihr Spezialist für Klima- und Kältetechnik | Klimatechnik und Klimaanlagen | Von der Beratung bis zur Montage – alles aus einer Hand!,https://klimaanlagen-muenchen.de/,klimaanlagen-muenchen.de,no
(Sanitärinstallateur OR Heizungsinstallateur OR Kältetechnik) München,München,Sanitär und Heizung München. Altbausanierung und Wartung.,Sanitär und Heizung München. Altbausanierung und Wartung. Sanitärinstallation und Heizung - seit 60 Jahren ihm Dienst für Sie.,https://www.baehr-muenchen.de/,baehr-muenchen.de,no
(Sanitärinstallateur OR Heizungsinstallateur OR Kältetechnik) München,München,"Klaus Kogelmiller - Ihr Installateur für Heizung, Sanitär und Elektro","Seit über 25 Jahren ist Klaus Kogelmiller Ihr Meisterbetrieb für Heizungsmodernisierung, Badsanierung und Elektrotechnik im Großraum München.",https://kogelmiller.de/,kogelmiller.de,no
(Sanitärinstallateur OR Heizungsinstallateur OR Kältetechnik) München,München,Installateur München | Sanitär - Heizung,VKG-Haustechnik - Ihr Installateur für Sanitär und Heizung im Raum München und Umgebung. Sie suchen einen zuverlässigen Installateur in München?,https://vkg-haustechnik.de/installateur-muenchen-sanitaer-heizung/,vkg-haustechnik.de,no
(Sanitärinstallateur OR Heizungsinstallateur OR Kältetechnik) München,München,Heizung Sanitär München Nord ab 58€ | Installateur & Notdienst,"Heizung Sanitär München Nord Fachgerechte Installation, Wartung und Reparatur von Heizungs- und Sanitäranlagen. Jetzt Termin sichern Service ab 58€",https://xn--klempner-roland-mnchen-8lc.de/heizung-sanitar-munchen-nord/,xn--klempner-roland-mnchen-8lc.de,no
(Sanitärinstallateur OR Heizungsinstallateur OR Kältetechnik) München,München,Heizungsbauer München - Ihr Meisterbetrieb für Heizung,"Wir planen und realisieren individuelle Heizsysteme wie Fußbodenheizungen, Wärmepumpen sowie innovative Heiz- und Kühllösungen für Privat- und Gewerbekunden.",https://heizungsbauermuenchen.de/,heizungsbauermuenchen.de,no
(Sanitärinstallateur OR Heizungsinstallateur OR Kältetechnik) München,München,Gebäudetechnik Bauer GmbH,"Ihr SHK-Partner in München für Heizungssanierung, Wärmepumpen & Komplettsanierung. Meisterbetrieb mit Handschlagqualität. Jetzt Beratung sichern.",https://xn--gebudetechnik-bauer-iwb.de/,xn--gebudetechnik-bauer-iwb.de,no
(Sanitärinstallateur OR Heizungsinstallateur OR Kältetechnik) München,München,SHK München GmbH - Sänitar | Heizung | Klima | Lüftung | Wellnes,"Ihr Spezialist für Sanitär, Heizung und Klima in München und Umgebung mit über 30 Jahren Erfahrung · Professionelle Installation · Qualität vom Fachmann ...",https://shkmuenchen.de/,shkmuenchen.de,no
(Sanitärinstallateur OR Heizungsinstallateur OR Kältetechnik) München,München,Klimaanlagen München – Meisterbetrieb Gregor Wiegand,"Bei uns als Kälte Klima Fachbetrieb können Sie sich auf eine einwandfreie, fachmännische Montage Ihres Klimageräts verlassen. Alle unsere Klimatechniker ...",https://gregor-wiegand.de/,gregor-wiegand.de,no
(Sanitärinstallateur OR Heizungsinstallateur OR Kältetechnik) München,München,Schmidt Klimatechnik GmbH für Klimaanlagen & Wärmepumpen,"Ausgehend von unserem Firmensitz in Freising bedienen wir neben den angrenzenden Landkreisen Dachau, Pfaffenhofen, Landshut, Erding und München das gesamte ...",https://www.schmidt-klimatechnik.de/,schmidt-klimatechnik.de,no
(Sanitärinstallateur OR Heizungsinstallateur OR Kältetechnik) München,München,S&M Gebäudetechnik ug | Anlagemechaniker | München ...,"Ob Neubau oder Renovierung, Heizung oder Bad – in unserem Meisterbetrieb in München arbeiten erfahrene Installateure und Heizungsbauer, die Ihnen rund um ...",http://www.xn--sum-gebudetechnik-wqb.de/,xn--sum-gebudetechnik-wqb.de,no
(Sanitärinstallateur OR Heizungsinstallateur OR Kältetechnik) München,München,"Kauf jetzt Sanitär, Heizung & Klimatechnik in deiner Nähe!","Kontaktiere uns jetzt unter +49 6043 556 0467 oder info@haustechnik-muenchen.de, um dein Projekt zu starten. Moderne Haustechnik. Direkt. Fair. Zukunftssicher.",https://haustechnik-muenchen.de/,haustechnik-muenchen.de,no
(Sanitärinstallateur OR Heizungsinstallateur OR Kältetechnik) München,München,Installation & Service für Wärmepumpe in München,"Seit 1994 steht Schmidt Klimatechnik für Kompetenz in den Bereichen Wärmepumpen, Klima- und Kältetechnik. Als Fachpartner führender Hersteller bieten wir Ihnen ...",https://xn--wrmepumpe-muenchen-ltb.de/,xn--wrmepumpe-muenchen-ltb.de,no
(Sanitärinstallateur OR Heizungsinstallateur OR Kältetechnik) München,München,Ihre Heizung- und Sanitäranlagen lassen uns nicht kalt.,In uns finden Sie Ihren zuverlässigen Partner rund um Heizung- und Sanitärtechnik. Wir bieten auch Wartungsarbeiten für Ihre Anlagen.,https://www.sanitherm-technik.de/,sanitherm-technik.de,no
(Sanitärinstallateur OR Heizungsinstallateur OR Kältetechnik) München,München,heizung-sanitaer-muenchen.com,Der Wartungsmodus ist eingeschaltet. Site will be available soon. Thank you for your patience! © heizung-sanitaer-muenchen.com ...,http://heizung-sanitaer-muenchen.com/,heizung-sanitaer-muenchen.com,no
(Sanitärinstallateur OR Heizungsinstallateur OR Kältetechnik) München,München,Kälte- & Klimatechnik München - Unternehmen in Stuttgart,"Kälte- & Klimatechniken in München: 0 Anbieter mit Adresse, Kontakt ... Die besten Kälte- & Klimatechniken in München. Weitere Kategorien entdecken.",https://unternehmen.stuttgarter-zeitung.de/kaelte-klimatechnik/muenchen,unternehmen.stuttgarter-zeitung.de,no
(Sanitärinstallateur OR Heizungsinstallateur OR Kältetechnik) München,München,Heizungsbau in München | Top Anbieter & Bewertungen,"Hier ein Überblick über die gängigsten Leistungen: Installation und Wartung von Heizungsanlagen: Egal ob Neubau oder Sanierung, Heizungsbauer planen und ...",https://suche-handwerk.de/betrieb/gewerk/heizungsbau/muenchen/,suche-handwerk.de,no
(Sanitärinstallateur OR Heizungsinstallateur OR Kältetechnik) München,München,ST Kälte- und Klimatechnik GmbH - muenchen.de,"Ihr Fachbetrieb für Kälte-& Klimatechnik aus München. Beratung, Planung, Verkauf und Montage von Kälteanlagen und Klimaanlagen rund um die Kältetechnik in ...",https://branchenbuch.portal.muenchen.de/mhp/127191/,branchenbuch.portal.muenchen.de,no
(Elektriker OR Gebäudetechnik OR Sicherheitstechnik OR Rohrreinigung) München,München,Elektriker München | Elektrotechnik von Pittroff,Pittroff Elektrotechnik ist Ihr Elektriker in München ⭐️ Innovative Elektrotechnik & Elektroinstallationen ✓ Persönlicher Service -> Kontakt aufnehmen!,https://www.pittroff.de/,pittroff.de,no
(Elektriker OR Gebäudetechnik OR Sicherheitstechnik OR Rohrreinigung) München,München,BROCHIER Gebäudetechnik München: Startseite,Die BROCHIER Gebäudetechnik München ist der Experte rund um Sanierung und innovative Haus- und Gebäudetechnik in der Metropolregion München.,https://www.brochier-gebaeudetechnik-muenchen.de/,brochier-gebaeudetechnik-muenchen.de,no
(Elektriker OR Gebäudetechnik OR Sicherheitstechnik OR Rohrreinigung) München,München,Elektroniker für Energie- und Gebäudetechnik,für München und Oberbayern Max-Joseph-Straße 4 80333 München. Telefon 089 5119-0. Fax 089 5119-295 info@hwk-muenchen.de · Handwerk kompakt - unser Newsletter,"https://www.hwk-muenchen.de/artikel/elektroniker-fuer-energie-und-gebaeudetechnik-74,0,9975.html",hwk-muenchen.de,no
(Elektriker OR Gebäudetechnik OR Sicherheitstechnik OR Rohrreinigung) München,München,KG Elektrotechnik - Ihr Elektriker in München,"Wir bieten für jede nur denkbare Aufgabe im Bereich von Elektroinstallationen, Netzwerk- und Kommunikationslösungen, Haustechnik und intelligenter Haussteuerung ...",https://kg-elektrotechnik.de/,kg-elektrotechnik.de,no
(Elektriker OR Gebäudetechnik OR Sicherheitstechnik OR Rohrreinigung) München,München,Elektriker München | Elektrotechniker & Meister 20 Jahre Erfahrung,"Elektriker für Elektroinstallationen in München. Planung, Installation und Sanierung vom Fachbetrieb. Schnell, zuverlässig und Normgerecht.",https://sb-etech.de/,sb-etech.de,no
(Elektriker OR Gebäudetechnik OR Sicherheitstechnik OR Rohrreinigung) München,München,Ihr kompetenter Partner - Elektro Graser München,"Zuverlässig, schnell und kompetent. Wir setzen auf Qualität und Dienstleistungsbereitschaft · Gebäudeautomation · Kundendienst, Wartung u.",https://elektro-graser.com/,elektro-graser.com,no
(Elektriker OR Gebäudetechnik OR Sicherheitstechnik OR Rohrreinigung) München,München,Elektro-Wutz - Ihr Partner rund um Elektro seit 1931,"Elektro Wutz ist Ihr kompetenter Partner rund um alle Fragen der Elektroinstallation,Kommunikations- & Sicherheitstechnik.",https://www.elektro-wutz.de/,elektro-wutz.de,no
(Elektriker OR Gebäudetechnik OR Sicherheitstechnik OR Rohrreinigung) München,München,Städt. Berufsschule für elektrische Anlagen- und Gebäudetechnik ...,Telefon. 089 233-34400. Icon für Telefon ; E-Mail. bs-anlagen-gebaeude@muenchen.de. Icon für Mail ; Adresse. Städt. Berufsschule für elektrische Anlagen- und ...,https://bs-eagt.m-bildung.de/,bs-eagt.m-bildung.de,no
(Elektriker OR Gebäudetechnik OR Sicherheitstechnik OR Rohrreinigung) München,München,Ausbildung: Elektroniker:in für Energie- und Gebäudetechnik,"Ausbildungsdauer. 3,5 Jahre · Benötigter Schulabschluss. mind. qualifizierender Abschluss der Mittelschule · Ausbildungsbeginn. 01. September · Arbeitszeiten.",https://karriere-barmherzige-muenchen.de/ausbildung-berufseinstieg/ausbildung-elektronik,karriere-barmherzige-muenchen.de,no
(Elektriker OR Gebäudetechnik OR Sicherheitstechnik OR Rohrreinigung) München,München,Intelligente Gebäude - Kraus Elektro- & Sicherheitstechnik München,"Wir beraten rund um Gebäudeautomation, intelligentes Wohnen, vernetzte Haussteuerung für mehr Komfort, größere Sicherheit, Energieeinsparung – Smart Home.",https://www.kraus-elektro.de/moderne-geb%C3%A4udetechnik/,kraus-elektro.de,no
(Elektriker OR Gebäudetechnik OR Sicherheitstechnik OR Rohrreinigung) München,München,Energie- und Gebäudetechnik - Elektroniker/in - bayern.jobs,Abgeschlossene Ausbildung zum/zur Meister*in / Techniker*in im Bereich der Gebäudetechnik oder vergleichbarer Fachrichtungen · Berufserfahrung ...,https://www.bayern.jobs/job/techniker-hls-als-pruefer-gebaeudetechnik-w-m-d-17244576,bayern.jobs,no
(Elektriker OR Gebäudetechnik OR Sicherheitstechnik OR Rohrreinigung) München,München,Home - Hauner Elektrotechnik,Sie benötigen eine neue Sprechanlage oder Zähleranlage? Wir bieten diese sowie viele weitere Installationsarbeiten rund um Ihr Haus oder Ihre Wohnungen an.,https://hauner-elektrotechnik.de/,hauner-elektrotechnik.de,no
(Elektriker OR Gebäudetechnik OR Sicherheitstechnik OR Rohrreinigung) München,München,Elektroniker (m/w/d) für Energie- und Gebäudetechnik,Tätigkeitsbereich: Elektroniker (m/w/d) der Fachrichtung Energie- und Gebäudetechnik beschäftigen sich mit der elektrotechnischen Energieversorgung und ...,https://www.berufsausbildung.tum.de/berufsausbildung/ausbildungsberufe/elektroniker-mwd-fr-energie-und-gebaeudetechnik/,berufsausbildung.tum.de,no
(Elektriker OR Gebäudetechnik OR Sicherheitstechnik OR Rohrreinigung) München,München,IK Elektroanlage: Elektrotechnik München,Wir beraten Sie bei ✓ Stark- und Schwachstromanlagen ✓ Gebäudeautomation ✓ Beleuchtungskonzepten ✓ Videoüberwachung ✓ Netzersatzanlagen ✓ u.v.m.,https://www.ik-elektroanlagen.de/,ik-elektroanlagen.de,no
(Elektriker OR Gebäudetechnik OR Sicherheitstechnik OR Rohrreinigung) München,München,Gebäudetechnik München | Smart Home und Steuerung,"Gebäudetechnik in München für Beleuchtung, Sicherheit und Steuerung. Smart Home Lösungen für Haus und Gewerbe. Jetzt anfragen.",https://dech-elektrotechnik.de/leistungen/gebaeudetechnik/,dech-elektrotechnik.de,no
(Elektriker OR Gebäudetechnik OR Sicherheitstechnik OR Rohrreinigung) München,München,Elektroniker (m/w/d) Fachrichtung Energie- und Gebäudetechnik,"Wir sind ein familiengeführter Handwerksbetrieb in München, Nähe des Rotkreuzplatzes mit über 50 Jahren Erfahrung im Bereich Elektroinstallationen jeglicher ...",https://www.elektroinnung-muenchen.de/stellenanzeigen/freie-ausbildungsstellen/elektroniker-mwd-fachrichtung-energie-und-gebaeudetechnik.html,elektroinnung-muenchen.de,no
(Elektriker OR Gebäudetechnik OR Sicherheitstechnik OR Rohrreinigung) München,München,Stellenangebot Elektroniker Fachrichtung Energie & Gebäudetechnik,Fachrichtung Energie & Gebäudetechnik. Wir sind ein familiengeführter Handwerksbetrieb für elektrische Installationstechnik mit Sitz in München.,https://berghammer-gmbh.de/stellenangebote/jobs/,berghammer-gmbh.de,no
(Elektriker OR Gebäudetechnik OR Sicherheitstechnik OR Rohrreinigung) München,München,Elektriker München,"Elektroanlagen Wilhelm - Ihr Elektriker aus München für Beleuchtungstechnik, Elektroinstallation, Gebäudetechnik, Netzwerktechnik, E-Check, Energieeffizienz ...",https://wilhelm-elektroanlagen.de/,wilhelm-elektroanlagen.de,no
(Elektriker OR Gebäudetechnik OR Sicherheitstechnik OR Rohrreinigung) München,München,Ausbildung: Elektroniker:in (m/w/d) für den Bereich Energie,"Die Zausinger GmbH & Co. KG ist eines der führenden Elektrounternehmen in und um München: Rund 200 Fachleute, über 95 Jahre Erfahrung und genau der richtige ...",https://zausinger.jobs.personio.de/job/592152?language=de,zausinger.jobs.personio.de,no
(Elektriker OR Gebäudetechnik OR Sicherheitstechnik OR Rohrreinigung) München,München,Deine Ausbildung in der Elektrotechnik - Bohle Gruppe – Karriere,"In München bilden wir dich zum Elektroniker für Gebäude- und Energietechnik aus – mit vielfältigen Lernmöglichkeiten, spannenden Erfahrungen und der Chance, ...",https://karriere.bohle-gruppe.com/ausbildung/elektrotechnik,karriere.bohle-gruppe.com,no
(Elektriker OR Gebäudetechnik OR Sicherheitstechnik OR Rohrreinigung) München,München,AUSBILDUNG ELEKTRONIKER/IN FÜR ENERGIE - J.Baumgartner,"Konzipierung, Planung und Installation von Elektro- und Sicherheitstechnik; Montage von elektrotechnischen Anlagen; Dokumentation von Schaltplänen und ...",https://www.j-baumgartner.de/ausbildung-zum-elektroniker-m-w-d-fuer-energie-und-gebaeudetechnik/,j-baumgartner.de,no
(Elektriker OR Gebäudetechnik OR Sicherheitstechnik OR Rohrreinigung) München,München,Elektrotechnik & Gebäudetechnik in München,"Unser #TeamBAUER plant, prüft und optimiert Elektrotechnik und Elektroinstallationen für Gewerbe, Industrie und öffentliche Auftraggeber in München – ...",https://www.bauer-netz.de/unternehmen/standorte/standort-muenchen/,bauer-netz.de,no
(Elektriker OR Gebäudetechnik OR Sicherheitstechnik OR Rohrreinigung) München,München,EF Gebäudetechnik,"Wir führen Elektroprüfungen nach DGUV Vorschrift 3 und 4 durch, um die Sicherheit Ihrer elektrischen Anlagen und Betriebsmittel zu gewährleisten. mehr ...",https://xn--ef-gebudetechnik-0nb.de/,xn--ef-gebudetechnik-0nb.de,no
(Elektriker OR Gebäudetechnik OR Sicherheitstechnik OR Rohrreinigung) München,München,Wir bilden aus: Elektriker:in Energie- und Gebäudetechnik (w/m/d),81477 München. Mehr über uns. Weitere Stellenangebote. Über uns. Unser Leistungsspektrum. info@licht-technik.biz · 089.544 030 97. Meglingerstr. 60 81477 ...,https://www.licht-technik.biz/de/karriere/elektroniker-in-energie-und-gebaudetechnik/,licht-technik.biz,no
(Elektriker OR Gebäudetechnik OR Sicherheitstechnik OR Rohrreinigung) München,München,SK Elektrotechnik in München,"Sicherheitstechnik, Alarmanlagen, Sensortechnik und Videoüberwachung; Photovoltaikanlagen und Solartechnik; E-Tankstellen/Wallboxen; Überprüfung elektrischer ...",https://www.sk-etechnik.de/,sk-etechnik.de,no
(Elektriker OR Gebäudetechnik OR Sicherheitstechnik OR Rohrreinigung) München,München,Stellenangebote Anlagenmechaniker | AS Gebäudetechnik GmbH,"Du suchst einen Job als Anlagenmechaniker/in Sanitär- u. Heizungstechnik in München? Du möchtest bei einer jungen, erfolgreichen Firma arbeiten? Nimm deine ...",https://www.as-gebaeudetechnik.de/ueberuns/karriere/,as-gebaeudetechnik.de,no
(Elektriker OR Gebäudetechnik OR Sicherheitstechnik OR Rohrreinigung) München,München,Elektroniker/-in Gebäude- und Infrastruktursysteme - IHK München,"Im Rahmen Deiner Tätigkeit betreust Du unter anderem Heizungsanlagen, Lichttechnik, Belüftungsanlagen, Klimatechnik oder die Sicherheitstechnik. Dabei ...",https://www.ihk-muenchen.de/ausbildung-fortbildung/berufsorientierung/ausbildungsberufe/technische-berufe/elektroniker-in-gebaeude-infrastruktursysteme/,ihk-muenchen.de,no
(Elektriker OR Gebäudetechnik OR Sicherheitstechnik OR Rohrreinigung) München,München,Elektroniker für Energie- und Gebäudetechnik (m/w/d) - Weigerstorfer,Elektroniker für Energie- und Gebäudetechnik (m/w/d) · Ab sofort · Freyung oder München · Vollzeit · Gut bezahlt · Deine Aufgaben bei uns.,https://weigerstorfer.de/karriere/elektroniker-energie-und-gebaeudetechnik/,weigerstorfer.de,no
(Elektriker OR Gebäudetechnik OR Sicherheitstechnik OR Rohrreinigung) München,München,EGF GmbH Heizung - Sanitär | Ihr Münchner Fachbetrieb für ...,"Wir bringen hochwertige Gebäudetechnik nach München – zuverlässig, sauber und effizient. Unsere Arbeit steht für Vertrauen, Qualität und echte Kundennähe ...",https://egfgmbh.de/,egfgmbh.de,no
(Elektriker OR Gebäudetechnik OR Sicherheitstechnik OR Rohrreinigung) München,München,gebaeudetechnik Jobs in München - Mai 2026 - Jobware,... Gebäudetechnik (m/w/d) - München. STRABAG Property and Facility Services GmbH. Die Ausbildung Elektroniker:in für Energie- und Gebäudetechnik bietet dir ...,https://www.jobware.de/jobs/gebaeudetechnik/m%C3%BCnchen,jobware.de,no
(Elektriker OR Gebäudetechnik OR Sicherheitstechnik OR Rohrreinigung) München,München,Home | Elektro-Nit | Elektriker München | Notdienst Elektriker,"Elektro-Nit – Ihr Elektriker in München mit 24/7 Notdienst. Zuverlässige Elektroinstallationen, Reparaturen & Smart-Home-Lösungen. Jetzt anrufen!",https://www.elektro-nit.com/,elektro-nit.com,no
(Elektriker OR Gebäudetechnik OR Sicherheitstechnik OR Rohrreinigung) München,München,Jobs als Anlagenmechaniker in München oder Monteur Ausbildung,Werde Anlagenmechaniker Heizung Sanitär in München. Starte deine Gebäudetechnik Karriere bei uns und bewirb dich jetzt.,https://muenchner-gebaeudetechnik.de/karriere/,muenchner-gebaeudetechnik.de,no
(Elektriker OR Gebäudetechnik OR Sicherheitstechnik OR Rohrreinigung) München,München,Gebäudetechnik Muriqi | Meisterbetrieb für SHK & Gebäudetechnik,"Saubere Installationen, moderne Heiztechnik und zuverlässiger Service in München und Umgebung. ... SHK-Meisterbetrieb Sanitär, Bad, Heizung und Klima aus einer ...",https://www.gebaeudetechnik-muriqi.de/,gebaeudetechnik-muriqi.de,no
(Elektriker OR Gebäudetechnik OR Sicherheitstechnik OR Rohrreinigung) München,München,"Elektro Sanitär Heizung | SAL - Haustechnik GmbH, München","Der Fachmann für Elektroinstallationen, Sanitär- und Heizungsanlagen, Lüftungs- und Klimatechnik in München. Wir stehen für Kundenzufriedenheit, da ...",https://www.sal-haustechnik.com/,sal-haustechnik.com,no
(Elektriker OR Gebäudetechnik OR Sicherheitstechnik OR Rohrreinigung) München,München,und Gebäudetechnik / Elektroinstallateur (m/w/d) - adzuna.de,"Die Göpfert Elektrotechnik GmbH ist ein inhabergeführtes, mittelständisches Familienunternehmen im Bereich Energie- und Gebäudetechnik mit Sitz in München- ...",https://www.adzuna.de/details/5789128175,adzuna.de,no
(Elektriker OR Gebäudetechnik OR Sicherheitstechnik OR Rohrreinigung) München,München,Ihr Elektro-Spezialist - R.O.S Elektrotechnik GmbH München,"Kundendienst rund um die Elektrik, Umbauten Teil- und Vollsanierungen, Geräteprüfung nach D GUV V, E-Check in Neuinstallation & Prüfung.",https://roselektrotechnik.de/,roselektrotechnik.de,no
(Elektriker OR Gebäudetechnik OR Sicherheitstechnik OR Rohrreinigung) München,München,Ausbildung | Energie- & Gebäudetechnik,"Das erwartet dich: · Lernumfeld mit abwechslungsreichen Aufgaben in den Bereichen elektrische Gebäudeinstallation, EMA, BMA, KNX und Videoüberwachung · Aussicht ...",https://esr-elektroanlagen-stadler.de/ausbildung/,esr-elektroanlagen-stadler.de,no
(Elektriker OR Gebäudetechnik OR Sicherheitstechnik OR Rohrreinigung) München,München,Städt. Berufsschule für elektrische Anlagen- und Gebäudetechnik,"Referat für Bildung und Sport Städt. Berufsschule für elektrische Anlagen- und Gebäudetechnik. Bergsonstraße 109, 81245 München. Kontakt ...",https://stadt.muenchen.de/service/info/stadt-berufsschule-fur-elektrische-anlagen-und-gebaudetechnik/1052396/,stadt.muenchen.de,no
(Elektriker OR Gebäudetechnik OR Sicherheitstechnik OR Rohrreinigung) München,München,Ausbildung Anlagenmechaniker SHK / Elektroniker (m/w/d) München,Ausbildung Anlagenmechaniker SHK oder Elektroniker für Energie- und Gebäudetechnik (m/w/d) im Raum München — übertariflich ab 1.200 €.,https://diegreinerei.de/karriere/ausbildung/,diegreinerei.de,no
(Elektriker OR Gebäudetechnik OR Sicherheitstechnik OR Rohrreinigung) München,München,Innungsbetriebe finden - SHK Innung München,"... Gebäudetechnik. Installateur und Heizungsbauer. Glogauer Pl. 11, 80997 München. ambs-muenchen@arcor.de. Tel.: 089 13998986. Fax.: 089 13998987. Webseite.",https://shk-innung-muenchen.de/innungsbetrieb-finden,shk-innung-muenchen.de,no
(Elektriker OR Gebäudetechnik OR Sicherheitstechnik OR Rohrreinigung) München,München,JP Haustechnik München - Ihr Partner für Heizungsbau ...,"Als innovatives Unternehmen beraten wir Sie gerne, wenn es um zukunftsfähige Heizungsanlagen oder moderne Badsanierungen geht!",https://jp-haustechnik-muenchen.de/,jp-haustechnik-muenchen.de,no
(Elektriker OR Gebäudetechnik OR Sicherheitstechnik OR Rohrreinigung) München,München,Untitled,"Elektroniker/-in Energie und Gebäudetechnik - Teilqualifizierung 4: Montage und Installation von Steuerungen. Termin anfragen, 80337 München. weiter. 1; 2; 3 ...",https://www.fortbildung24.com/info.html?e=58802291,fortbildung24.com,no
(Elektriker OR Gebäudetechnik OR Sicherheitstechnik OR Rohrreinigung) München,München,Sachverständiger Elektrotechnik | Vds Sachverständiger,Von der Handwerkskammer für München/Obb. öffentlich bestellter und vereidigter Sachverständiger für das Elektrotechnikerhandwerk sowie Elektroinstallateur - ...,https://xn--elektrosachverstndiger-g5b.de/index.php,xn--elektrosachverstndiger-g5b.de,no
(Elektriker OR Gebäudetechnik OR Sicherheitstechnik OR Rohrreinigung) München,München,Sanitär und Elektroinstallationen München – Fachgerecht & Aus ...,Als Generalunternehmen bieten wir in München professionelle Sanitär- und Elektroinstallationen für Neubauten und Renovierungsprojekte an. Unsere Leistungen ...,https://www.bayazid-innenausbau.de/dienstleistungen/sanitaer-und-elektroinstallationen,bayazid-innenausbau.de,no
(Sanitärinstallateur OR Heizungsinstallateur OR Kältetechnik) Köln,Köln,"Subzero-Kälte – Kälteanlagen, Klimaanlagen & Gewerbekühlung für ...","Unser Team zeichnet sich durch Planung, Bau und Installation modernster Kühlanlagen und Klimaanlagen aus, die ideal auf die Bedürfnisse unserer Kunden ...",https://subzero-kaelte.de/,subzero-kaelte.de,no
(Sanitärinstallateur OR Heizungsinstallateur OR Kältetechnik) Köln,Köln,Helmut Hinz GmbH & Co. | Hinz - Fachbetrieb für Sanitär- und ...,"Als professioneller Fachbetrieb mit über 75 Jahren Erfahrung bieten wir umfassende Dienstleistungen in der Heizungs-, Sanitär- und Lüftungstechnik.",https://www.hinz-koeln.de/,hinz-koeln.de,no
(Sanitärinstallateur OR Heizungsinstallateur OR Kältetechnik) Köln,Köln,"Sanitär, Heizung, Klima Köln und in der Nähe","Hervorragende Übersicht auf dem offiziellen Stadtportal für Sanitär, Heizung, Klima Köln. 56 Einträge mit Infos, Öffnungszeiten, Bewertungen, Adressen und ...",https://www.koeln.de/branchen/sanitaer-heizung-klima/s/2360,koeln.de,no
(Sanitärinstallateur OR Heizungsinstallateur OR Kältetechnik) Köln,Köln,Marc Schmitz GmbH - Köln,"Sanitär, Klima und Elektro - wir sind Ihr kompetenter Fachbetrieb in Köln. - und Kältetechnik für Privat und Gewerbe in Köln. Ihr Sanitärfachbetrieb in Köln … ...",https://www.marcschmitz.de/,marcschmitz.de,no
(Sanitärinstallateur OR Heizungsinstallateur OR Kältetechnik) Köln,Köln,Die 10 Besten für ᐅ Klimatechnik in Köln 2026 ᐅ Kölner Branchen,Klimatechnik in Köln · Mai Haustechnik GmbH · Heizung Sanitär Köln | Ebis Haustechnik · Heizung Sanitär Köln | Ebis Haustechnik EHT · HKK GmbH · Schmitz HSK GmbH & ...,https://www.koelnerbranchen.de/klimatechnik/koeln/,koelnerbranchen.de,no
(Sanitärinstallateur OR Heizungsinstallateur OR Kältetechnik) Köln,Köln,Installateur Köln | Schwane Sanitär- und Heizungstechnik GmbH,"Als Fachbetrieb für Heizung, Sanitär und Klimatechnik betreuen wir zudem die Heizungsanlage in Ihrem Haus und sind als Installateur für Wasser, Gas und Heizung ...",https://www.schwane.info/,schwane.info,no
(Sanitärinstallateur OR Heizungsinstallateur OR Kältetechnik) Köln,Köln,DOM Haustechnik: Heizung Sanitär Lüftung Köln und Umgebung,"Ihr Installateur für Heizung, Sanitär & Lüftung in Köln – Zuverlässig, kompetent und schnell bei Wartung, Reparatur und Badsanierungen.",https://dom-haustechnik.de/,dom-haustechnik.de,no
(Sanitärinstallateur OR Heizungsinstallateur OR Kältetechnik) Köln,Köln,Yilmaz Sanitär- und Heizungstechnik Köln | Alles aus einer Hand,Wir haben uns auf Sanitär- und Heizungstechnik spezialisiert. Durch langjährige Erfahrung sind wir ein kompetenter Ansprechpartner für Sanitär und Heizung.,https://yilmaz-sht.de/,yilmaz-sht.de,no
(Sanitärinstallateur OR Heizungsinstallateur OR Kältetechnik) Köln,Köln,Gerd Klein GmbH - Ihr Fachbetrieb aus Köln für Haustechnik seit 1968,"Gerd Klein GmbH – Ihr Partner für Wohnumfeldverbessernde Maßnahmen, Betreuung und Erstellung von Heizungsanlagen und Sanitäranlagen ... Wie sieht das Bad Ihrer ...",https://gerdkleingmbh.de/,gerdkleingmbh.de,no
(Sanitärinstallateur OR Heizungsinstallateur OR Kältetechnik) Köln,Köln,K3 Kälte Klima Köln GmbH,"Umfassendes Leistungsspektrum mit Expertenwissen. Von Kälte- und Lüftungsanlagen über Komfortklima, Wärmepumpen bis zu Mess-, Steuer- und Regelungstechnik ...",https://kaelte-klima-koeln.de/,kaelte-klima-koeln.de,no
(Sanitärinstallateur OR Heizungsinstallateur OR Kältetechnik) Köln,Köln,Heizung und Sanitär Köln - EBI's Haustechnik Klempner Fachbetrieb,"Ebi's Haustechnik – Ihr Fachbetrieb in Köln und Umgebung für Sanitär, Heizung, Badsanierungen und Solartechnik. Professionell, faire Preise, Top-Beratung.",https://www.ebis-haustechnik.de/,ebis-haustechnik.de,no
(Sanitärinstallateur OR Heizungsinstallateur OR Kältetechnik) Köln,Köln,Krause Sanitär & Heizung - Das ist mein Installateur!,Leistungen. Sanitär. Badsanierung · Barrierefreies Badezimmer · Wasseraufbereitung · Rohrbruchbehebung · Rohrreinigung. Heizung.,https://krause-sanitaer.koeln/,krause-sanitaer.koeln,no
(Sanitärinstallateur OR Heizungsinstallateur OR Kältetechnik) Köln,Köln,Holthausen integrative Gebäudetechnik für moderne Gebäude ...,"Wir planen und realisieren Gebäudetechnik mit ganzheitlichem Ansatz: Heizung & Sanitär, Kälte- Klima & Lüftungstechnik, Regeltechnik, Elektrotechnik u. v. m..",https://www.holthausengmbh.info/,holthausengmbh.info,no
(Sanitärinstallateur OR Heizungsinstallateur OR Kältetechnik) Köln,Köln,KKL Klimatechnik Köln | Maßgeschneiderte Klimalösungen,KKL ist Ihr Partner für maßgeschneiderte Klimalösungen sowie Kälte- und Wärmepumpentechnik für Privat- und Gewerbekunden im Raum Köln und Umgebung.,https://www.kkl.de/standort-koeln/,kkl.de,no
(Sanitärinstallateur OR Heizungsinstallateur OR Kältetechnik) Köln,Köln,Sanitärtechnik & Heizungstechnik in Köln - Ossendorf,"Ihr Sanitär & Heizung Meisterbetrieb in Köln Ossendorf. Meisterbetrieb in Köln mit den Schwerpunkten auf Heizung, Klima, Sanitär und regenerative Energien.",https://stoecker-koeln.de/,stoecker-koeln.de,no
(Sanitärinstallateur OR Heizungsinstallateur OR Kältetechnik) Köln,Köln,SHK KYRIAKIDIS – SANITÄR & HEIZUNG – Installateur und ...,"Wir sind seit 1993 für Sie im Bereich Sanitär, Heizung und Klima tätig. Als Fachbetrieb liegt uns hohe Qualität, Zuverlässigkeit und Termintreue sehr am Herzen.",https://shk-heizungsmonteur-koeln.de/,shk-heizungsmonteur-koeln.de,no
(Sanitärinstallateur OR Heizungsinstallateur OR Kältetechnik) Köln,Köln,Kälte Und Klimatechnik Köln — Kölner Lüftungssysteme GmbH,"️Kühlzellen✓️Klimaanlagen ✓️Lüftungssysteme✓️Industriekälteanlagen ✓️Verkauf in Köln. Ob Klimaanlage oder Kälteanlage, wir beraten Sie gerne.",https://koelner-lueftungssysteme.de/,koelner-lueftungssysteme.de,no
(Sanitärinstallateur OR Heizungsinstallateur OR Kältetechnik) Köln,Köln,luetzenkirchen-koeln.de,"Wir bieten unseren Kunden die komplette Dienstleistung rund um Heizung, Lüftung, Klima, Sanitär und Badgestaltung und stellen dabei Kundenzufriedenheit und ...",https://www.luetzenkirchen-koeln.de/,luetzenkirchen-koeln.de,no
(Sanitärinstallateur OR Heizungsinstallateur OR Kältetechnik) Köln,Köln,Haustechnik | Sanitär | Heizung | Köln,"Unser Angebot deckt alle Arbeiten aus den Bereichen Sanitär, Klimatechnik und Heizung ab. Wir installieren Bad- und Sanitäreinrichtungen und montieren ...",https://kkm-kreuser.com/,kkm-kreuser.com,no
(Sanitärinstallateur OR Heizungsinstallateur OR Kältetechnik) Köln,Köln,Aref Scholz GmbH,,https://www.sanitaer-heizung-koeln.de/,sanitaer-heizung-koeln.de,no
(Sanitärinstallateur OR Heizungsinstallateur OR Kältetechnik) Köln,Köln,"AZK GmbH Sanitär & Heizungsgrosshandel: Sanitär, Heizung ...","Der Heizkörper, der leckt, oder das Siphon, das tropft, wir helfen. Unser Montageservice besteht aus Fachbetrieben unsrer Kundschaft die gerne kurzfristig auch ...",https://www.azk-koeln.de/,azk-koeln.de,no
(Sanitärinstallateur OR Heizungsinstallateur OR Kältetechnik) Köln,Köln,Heizung | Sanitär | Gebäudetechnik WISA Köln,Heizung- Sanitär- Gebäudetechnik SHK Meisterbetrieb ▷ Ihr Installateur in der Nähe bei Rohrbruch/Heizungsausfall⎮ Badezimmermodernisierung✓ kurzfristige ...,https://www.wisa-koeln.de/,wisa-koeln.de,no
(Sanitärinstallateur OR Heizungsinstallateur OR Kältetechnik) Köln,Köln,Die Experten für moderne Haustechnik in Köln,"Horst Brand Sanitär Heizung GmbH in Köln – Ihr zuverlässiger Partner für exklusive Badsanierungen, moderne Heizsysteme und professionelle Sanitärlösungen.",https://horstbrand.de/,horstbrand.de,no
(Sanitärinstallateur OR Heizungsinstallateur OR Kältetechnik) Köln,Köln,Innungsbetrieb suchen - Die Innung Sanitär Heizung Klima Köln,"Sie suchen einen zuverlässigen SHK-Fachbetrieb? Nutzen Sie unsere Innungssuche, um qualifizierte Mitgliedsbetriebe in Ihrer Region zu finden.",https://shk-innung-koeln.de/verbraucherinfos/innungsbetrieb-suchen/,shk-innung-koeln.de,no
(Sanitärinstallateur OR Heizungsinstallateur OR Kältetechnik) Köln,Köln,Bad- und Heizungsprofis - Stallberg in Köln-Dellbrück,In Köln sind wir die freundlich-kompetenten Bad- und Heizungsprofis. Fragen Sie uns an: 0221.960356-0. Stallberg Sanitär- u. Heizungstechnik.,https://stallberg.com/,stallberg.com,no
(Sanitärinstallateur OR Heizungsinstallateur OR Kältetechnik) Köln,Köln,"und Sanitärtechnik in Köln - Heizung, Sanitär & Klima | HeicoSan","Wir sind in ganz Köln für Sie da und übernehmen Ihre Heizungs-, Sanitär- und Klimaarbeiten in Chorweiler, Ehrenfeld, Innenstadt, Kalk, Lindenthal, Nippes, Porz, ...",https://heicosan.de/koeln/,heicosan.de,no
(Sanitärinstallateur OR Heizungsinstallateur OR Kältetechnik) Köln,Köln,Sanitec - Köln,Sanitec - Sanitär Gasanlagen Rohrreinigungs GmbH - Köln.,https://www.sanitec-koeln.de/,sanitec-koeln.de,no
(Sanitärinstallateur OR Heizungsinstallateur OR Kältetechnik) Köln,Köln,"Klimatechnik in Köln Heizung, Sanitär, Klima - Notdienst aus NRW","Wir helfen Ihnen gerne weiter! Tel.: (02191) 46 46 180 | info@wiesmann-shk.de | Öffnungszeiten: Mo-Fr 08:00 - 15:30 Uhr. Suchen Sie eine kompetente, flexbile ...",https://wiesmann-shk.de/klimatechnik-koeln,wiesmann-shk.de,no
(Sanitärinstallateur OR Heizungsinstallateur OR Kältetechnik) Köln,Köln,Klimatechnik Köln - Dillenburger,"Ihr kompetenter Meisterbetrieb für Kälte- und Klimatechnik in Köln und Umgebung ... Wir planen und erarbeiten individuelle klimatechnische Lösungen für private, ...",https://dillenburger.de/klimatechnik-koeln,dillenburger.de,no
(Sanitärinstallateur OR Heizungsinstallateur OR Kältetechnik) Köln,Köln,"Wärmetechnik NRW: Heizung, Sanitär & Klima in Köln","Wärmetechnik NRW – Ihr Fachbetrieb für Heizungsanlagen, Badplanung, Klimatechnik & Kundendienst in Köln und ganz NRW. Jetzt unverbindlich anfragen: ☎ 02266 ...",https://www.waermetechnik.nrw/,waermetechnik.nrw,no
(Sanitärinstallateur OR Heizungsinstallateur OR Kältetechnik) Köln,Köln,Kälte-Klima Fachbetrieb für Klimaanlagen in Köln,"Ihr Fachbetrieb für Klimaanlagen in Köln bietet Ihnen professionelle Beratung, Planung, Installation und Wartung für private Haushalte & Unternehmen.",https://klimaanlagenkoeln.de/,klimaanlagenkoeln.de,no
(Elektriker OR Gebäudetechnik OR Sicherheitstechnik OR Rohrreinigung) Köln,Köln,Ihre zuverlässige Rohr- & Kanalreinigung in Köln - 24h Notdienst,"Sie erreichen uns telefonisch unter 0221 – 48 78 48. Sprechen Sie uns an, auch in schwierigen Fällen finden wir, mit Ihnen gemeinsam eine Lösung! ROKIS Rohr- ...",https://www.rokis.de/,rokis.de,no
(Elektriker OR Gebäudetechnik OR Sicherheitstechnik OR Rohrreinigung) Köln,Köln,Gebäudetechnik Köln - Apleona Wolfferts GmbH,"Wir von Apleona Wolfferts bieten für die Gebäudetechnik in Köln nachstehende Gewerbe an: Sanitär- und Heiztechnik, Klima- und Lüftungstechnik sowie die ...",https://wolfferts.apleona.com/gebaeudetechnik-koeln/,wolfferts.apleona.com,no
(Elektriker OR Gebäudetechnik OR Sicherheitstechnik OR Rohrreinigung) Köln,Köln,Kaltwasser Elektrotechnik GmbH: Elektriker Köln,"Zuverlässige Elektroinstallationen in Köln seit 1996. Meisterbetrieb & Innungsmitglied. Für Privat, Gewerbe & Wohnungsbau. Kostenlos anfragen.",https://kaltwasser-elektrotechnik.de/,kaltwasser-elektrotechnik.de,no
(Elektriker OR Gebäudetechnik OR Sicherheitstechnik OR Rohrreinigung) Köln,Köln,PS Gebäudetechnik GmbH: Moderne Haustechnik,PS-Gebäudetechnik GmbH. Am Klosterhof 2 51069 Köln Fon (0221) 6 71 19 66. Fax (0221) 6 71 19 67. Mail an service@ps-gebaeudetechnik.de. Karriere.,https://ps-gebaeudetechnik.de/,ps-gebaeudetechnik.de,no
(Elektriker OR Gebäudetechnik OR Sicherheitstechnik OR Rohrreinigung) Köln,Köln,"Gebäudetechnik, Heizung, Sanitär und Lüftung in Köln","Ihr zuverlässiger Partner für Gebäudetechnik, Heizung und Sanitärarbeiten in der Region Köln. Wir sind Sanitär-Experten für Heizungssanierung und ...",https://www.heinrich-schmid.com/standorte/koeln-285/,heinrich-schmid.com,no
(Elektriker OR Gebäudetechnik OR Sicherheitstechnik OR Rohrreinigung) Köln,Köln,Kluge Eletriker – Kluge Elektriker – Ihr Elektrofachbetrieb in Köln ...,Seit 2017 planen und installieren wir Elektroanlagen im Großraum Köln. Unser Anspruch ist jede Anlage sauber zu planen VDE konform auszuführen klar zu ...,https://kluge-elektriker.de/,kluge-elektriker.de,no
(Elektriker OR Gebäudetechnik OR Sicherheitstechnik OR Rohrreinigung) Köln,Köln,Elektrotechnik Schäfer GmbH: Startseite,"Elektriker in Köln für Elektroinstallation, Wallbox, PV & Reparaturen. Schnell vor Ort – jetzt Termin sichern!",https://et-ds.de/,et-ds.de,no
(Elektriker OR Gebäudetechnik OR Sicherheitstechnik OR Rohrreinigung) Köln,Köln,"Smarthome Sicherheit Emobility | Bezgin Elektrotechnik, Köln ...","Wir planen und installieren maßgeschneiderte Solaranlagen sowie innovative Ladelösungen für dein Elektrofahrzeug – effizient, zuverlässig und aus einer Hand. So ...",https://www.bezgin-elektro.de/,bezgin-elektro.de,no
(Elektriker OR Gebäudetechnik OR Sicherheitstechnik OR Rohrreinigung) Köln,Köln,Kanalreinigung & Rohrreinigung Köln Rodenkirchen - AKR - GmbH,Professionelle Kanalreinigung in Köln Rodenkirchen – Ihr Experte für schnelle und zuverlässige Abfluss- und Rohrreinigung.,https://akrgmbh.de/kanalreinigung-koeln-rodenkirchen-rohrreinigung/,akrgmbh.de,no
(Elektriker OR Gebäudetechnik OR Sicherheitstechnik OR Rohrreinigung) Köln,Köln,Ausbildung - Elektroinnung Köln,"Die Interessenvertretung für Elektrobetriebe in Köln. Ihr Ansprechpartner für Elektrotechnik, E-Check, E-Marken und Fragen zu Leistungen unserer Mitglieder.",https://www.elektroinnungkoeln.de/unternehmen/elektro/bildung/ausbildung,elektroinnungkoeln.de,no
(Elektriker OR Gebäudetechnik OR Sicherheitstechnik OR Rohrreinigung) Köln,Köln,Elektrotechnik Sven Schrankel - e-masters - Köln,"Wir bietet Ihnen ein breites Spektrum an Dienstleistungen rund um die Elektrotechnik. Jede elektrische Anlage wird von uns durch neueste EDV – Technik geplant, ...",https://www.elektrotechnik-schrankel.de/,elektrotechnik-schrankel.de,no
(Elektriker OR Gebäudetechnik OR Sicherheitstechnik OR Rohrreinigung) Köln,Köln,"KÜPNIK - Ihre Partner für Technik in Köln für Elektro, Heizung, Klima ...","Entdecken Sie Küpper Gebäudetechnik GmbH und Partner für professionelle Elektro-, Heizungs-, Klima- und Dachtechnik in Köln. Jetzt Kontakt aufnehmen!",https://kupnik.de/,kupnik.de,no
(Elektriker OR Gebäudetechnik OR Sicherheitstechnik OR Rohrreinigung) Köln,Köln,Elektrotechniker/-in - Hwk-Koeln.de,"Elektrotechniker/-in. Ob Energie- und Gebäudetechnik, Informations- und Telekommunikationstechnik oder Automatisierungs- und ...","https://www.hwk-koeln.de/artikel/elektrotechniker-in-32,0,1495.html",hwk-koeln.de,no
(Elektriker OR Gebäudetechnik OR Sicherheitstechnik OR Rohrreinigung) Köln,Köln,Elektriker Köln | ElektroTechnik Posengis – Elektromeister ...,"Ihr Elektriker in Köln ✓ Elektromeisterbetrieb Posengis – Elektroinstallation, Photovoltaik, Wallbox, SmartHome & KNX. Zertifizierter Innungsfachbetrieb.",https://et-posengis.de/,et-posengis.de,no
(Elektriker OR Gebäudetechnik OR Sicherheitstechnik OR Rohrreinigung) Köln,Köln,TB Elektro- und Gebäudetechnik GmbH - Elektroinstallationen in Köln,"TB Elektro- und Gebäudetechnik GmbH – Elektroinstallationen, Gebäudemanagement, Licht & Leuchten und Kommunikationstechnik in Köln und Umgebung.",https://elektrotechnik-tb.com/,elektrotechnik-tb.com,no
(Elektriker OR Gebäudetechnik OR Sicherheitstechnik OR Rohrreinigung) Köln,Köln,Ausbildung: Elektroniker/in für Energie- und Gebäudetechnik (m/w/d),Ausbildung: Elektroniker/in für Energie- und Gebäudetechnik (m/w/d) ... 51107 Köln; E-Mail: info@elektrotechnik-kalkuhl.de; Telefon: 0221 89065255. Jetzt ...,https://www.elektrotechnik-kalkuhl.de/unternehmen/elektro/recruiting/jobdetail?mode=jobdetail&jobid=14901,elektrotechnik-kalkuhl.de,no
(Elektriker OR Gebäudetechnik OR Sicherheitstechnik OR Rohrreinigung) Köln,Köln,Elektro Hilgers - Elektroanlagen & Kundendienst in Köln,"Wir sind spezialisiert auf die Elektroinstallation, das Verlegen von elektrischen Leitungen, die Montage von Sicherungskästen, die Installation von Beleuchtung ...",https://www.e-hilgers.de/,e-hilgers.de,no
(Elektriker OR Gebäudetechnik OR Sicherheitstechnik OR Rohrreinigung) Köln,Köln,Elektrotechnik in Köln – Ihr Profi vor Ort - Guett-Dern,"Wir statten Ihre Immobilie aus. Sprechanlagen, Türantriebe, Schrankenanlagen und mehr. Hochwertige Elektrotechnik für Privat und Gewerbe.",https://guett-dern.de/handwerk/elektrotechnik/,guett-dern.de,no
(Elektriker OR Gebäudetechnik OR Sicherheitstechnik OR Rohrreinigung) Köln,Köln,"S&S Elektroanlagen, Köln: Elektrotechnik, Smart Home, Photovoltaik","S&S Elektroanlagen – Ihre Elektriker aus Köln für die Elektroinstallation, moderne Elektrotechnik, effiziente Anlagen zur Nutzung erneuerbarer Energien und ...",https://www.elektro-sus.com/,elektro-sus.com,no
(Elektriker OR Gebäudetechnik OR Sicherheitstechnik OR Rohrreinigung) Köln,Köln,Elektro Flossbach: Elektriker Köln – Ihr Meisterbetrieb aus Köln,"Von smarter Haustechnik bis zu umfassenden Elektrolösungen – wir bringen seit über 25 Jahren - Technik, Komfort und Sicherheit zusammen! Kontakt aufnehmen.",https://system-f.de/,system-f.de,no
(Elektriker OR Gebäudetechnik OR Sicherheitstechnik OR Rohrreinigung) Köln,Köln,Ausbildung | Starten Sie Ihre Karriere bei uns - HUBACHER GmbH,"Die Ausbildung als Elektroniker für Energie- und Gebäudetechnik ist ein anerkannter Ausbildungsberuf im Handwerk, in Zusammenarbeit mit der Elektroinnung in ...",https://www.hubacher.gmbh/ausbildung,hubacher.gmbh,no
(Elektriker OR Gebäudetechnik OR Sicherheitstechnik OR Rohrreinigung) Köln,Köln,Elektro Kautsch GmbH | Seit 1948 | Meisterbetrieb für moderne ...,"Wir sind Ihr Partner für Gebäudetechnik, Sicherheits- und Alarmsysteme, EDV und Medienservice. Beratung ist unser Qualitätsmerkmal. So können wir unseren Kunden ...",http://www.kautsch.de/,kautsch.de,no
(Elektriker OR Gebäudetechnik OR Sicherheitstechnik OR Rohrreinigung) Köln,Köln,Ihr zuverlässiger Partner rund um Elektroinstallationen in Köln,"Ihr zuverlässiger Partner rund um Elektroinstallationen, Beleuchtungstechnik und Multimediaanlagen in Köln und Umgebung. ✓ 24h Notdienst.",https://ams-elektrotechnik.de/,ams-elektrotechnik.de,no
(Elektriker OR Gebäudetechnik OR Sicherheitstechnik OR Rohrreinigung) Köln,Köln,REIZIG Hausservice und Elektrotechnik,"Ein Name, zwei Partner für Geschäfts- und Privatkunden im Bereich der Elektrotechnik & Hausservice aus Köln ... Elektroniker für Energie- und Gebäudetechnik (m/w/ ...",https://www.reizig.de/,reizig.de,no
(Elektriker OR Gebäudetechnik OR Sicherheitstechnik OR Rohrreinigung) Köln,Köln,V & P ElektroTechnik GmbH,V & P ElektroTechnik GmbH. Buschfeldstraße 4-6. 51067 Köln-Holweide. 0221 / 635450. E-Mail: info@v-p-elektrotechnik.de · Datenschutzerklärung.,https://www.v-p-elektrotechnik.de/,v-p-elektrotechnik.de,no
(Elektriker OR Gebäudetechnik OR Sicherheitstechnik OR Rohrreinigung) Köln,Köln,Gebäudetechnik in Köln – Energietechnik vom Elektriker,Wir sind seit mehr als 60 Jahren Ihr Fachbetrieb für Energie- und Gebäudetechnik. Das Team von Elektro Biergans freut sich auf Ihren Auftrag in Köln!,https://www.elektro-biergans.de/gebaeudetechnik.php,elektro-biergans.de,no
(Elektriker OR Gebäudetechnik OR Sicherheitstechnik OR Rohrreinigung) Köln,Köln,Elektrotechnik Service Rörig | Ihr Elektriker aus Köln,"Wir helfen Ihnen bei Reparaturen und kleineren Instandsetzungen rund um das Thema Elektroinstallationen. Wenn Probleme mit Ihrer Hauselektrik auftreten, sind ...",https://elektrotechnik-roerig.de/,elektrotechnik-roerig.de,no
(Elektriker OR Gebäudetechnik OR Sicherheitstechnik OR Rohrreinigung) Köln,Köln,Malinowski Gebäudetechnik GmbH,"Wir planen und projektieren sämtliche elektrischen Installationen und Kommunikationsanlagen in Ihrem Einfamilienhaus, Gewerbeobjekt, Industrieanlage oder ...",https://www.malinowski.de/,malinowski.de,no
(Elektriker OR Gebäudetechnik OR Sicherheitstechnik OR Rohrreinigung) Köln,Köln,Meißner Elektro- und Gebäudetechnik,Wir decken eine breite Palette der Elektro- und Gebäudetechnik ab und kümmern uns um elektrotechnische Fragen aller Art. ... 51069 Köln Telefon: 0221 6806395 info ...,https://www.meissner-gebaeudetechnik.de/,meissner-gebaeudetechnik.de,no
(Elektriker OR Gebäudetechnik OR Sicherheitstechnik OR Rohrreinigung) Köln,Köln,Gebäudesicherheit Jobs in Köln | 1 Stellenangebote mit Gehalt 2026,"Sparkasse KölnBonn. Experte/Expertin für Objektsicherheit & Sicherheitstechnik (m/w/d) bei der Sparkasse Köln Bonn · Sparkasse KölnBonn. Köln, Nordrhein- ...",https://www.jobvector.de/jobs/geb%C3%A4udesicherheit/k%C3%B6ln/,jobvector.de,no
(Elektriker OR Gebäudetechnik OR Sicherheitstechnik OR Rohrreinigung) Köln,Köln,231 offene Ingenieurwesen und technische Berufe Jobs in Köln,Elektroniker / Elektriker (m/w/d) Gebäudetechnik. avanti GmbH•Vor 4 Tagen. Köln. Vollzeit. Arbeitgeberbewertung laut Mitarbeiter:innen. 3.9. kununu Score. n/a.,https://www.kununu.com/de/jobs/d-ingenieurwesen-technische-berufe/l-city-koeln-66949,kununu.com,no
(Elektriker OR Gebäudetechnik OR Sicherheitstechnik OR Rohrreinigung) Köln,Köln,"Stange Elektrotechnik, Köln: Elektro- & Kommunikationstechnik",Ihre Elektro-Meisterbetrieb aus Köln für ... Zwei Elektriker prüfen einen Schaltschrank und vergleichen Schaltpläne zur fachgerechten Elektroinstallation.,https://www.stange.koeln/,stange.koeln,no
(Elektriker OR Gebäudetechnik OR Sicherheitstechnik OR Rohrreinigung) Köln,Köln,Rohrreinigung Köln,"Die Rohrreinigung Barteck, Ihr zertifizierter Fachbetrieb für Rohr- und Kanalservice ist auch in​ Köln für Sie mit unserem vollständigen Leistungsspektrum im ...",https://www.juergen-barteck.de/Einsatzort/Rohrreinigung-K%C3%B6ln.html,juergen-barteck.de,no
(Elektriker OR Gebäudetechnik OR Sicherheitstechnik OR Rohrreinigung) Köln,Köln,ETA Elektrotechnik Köln | Wir sorgen dafür das bei Ihnen alles läuft.,Herr Akagün hat zu meiner vollsten Zufriedenheit die komplette Elektroinstallation in meiner 4-Zi.-Wohnung erneuert. Die Kommunikation funktionierte wunderbar ...,https://eta-koeln.de/,eta-koeln.de,no
(Elektriker OR Gebäudetechnik OR Sicherheitstechnik OR Rohrreinigung) Köln,Köln,Elektrotechnik in Köln | Elektro Schmitz Mondorf - ESM,... Elektriker Troisdorf. Elektrotechnik in Köln. Der Alptraum jedes Unternehmens: Eine Anlage fällt aus und die Produktion steht! Kein Problem für Elektro ...,https://elektroschmitz-esm.de/elektrotechnik-koeln/,elektroschmitz-esm.de,no
(Elektriker OR Gebäudetechnik OR Sicherheitstechnik OR Rohrreinigung) Köln,Köln,Elektrotechnik Thomas Reuten,Der Elektriker Ihres Vertrauens! Über uns. Elektrotechnik Thomas Reuten. Gottesweg 44. Zollstock. 50969 Köln. Tel.: 0221- 510 74 24. Fax.: 0221- 510 74 25. info ...,https://www.elektrotechnik-reuten.com/,elektrotechnik-reuten.com,no
(Elektriker OR Gebäudetechnik OR Sicherheitstechnik OR Rohrreinigung) Köln,Köln,ekgmbh-nrw.de,"Unsere Dienstleistungen. Entdecken Sie unser umfangreiches Dienstleistungsangebot:<br/>Zur Rohrreinigung, Wartung von Sanitäranlagen und mehr.",https://www.ekgmbh-nrw.de/,ekgmbh-nrw.de,no
(Elektriker OR Gebäudetechnik OR Sicherheitstechnik OR Rohrreinigung) Köln,Köln,Brenne Elektrotechnik GmbH,Installieren: Schnell und zuverlässig - auch Dreck machen wir wieder weg. Unsere Kunden. Privatleute; Arztpraxen; Agenturen; Kanzleien. Altes ...,https://www.brenne-elektrotechnik.de/,brenne-elektrotechnik.de,no
(Elektriker OR Gebäudetechnik OR Sicherheitstechnik OR Rohrreinigung) Köln,Köln,Elektro Junker GmbH,Seit 1994 Ihr zuverlässiger und kompetenter Partner in Sachen Elektrotechnik · 0221-712 41 35 · elektro.junker@t-online.de · 24h - Notdienst · Kontaktieren Sie uns.,https://elektrojunker.de/,elektrojunker.de,no
(Elektriker OR Gebäudetechnik OR Sicherheitstechnik OR Rohrreinigung) Köln,Köln,Gebäudetechnik - Elektro Busch GmbH,EIB-Anlagen (Planung und Projektierung mittels ETS5) · BJ Free@home System · Jalousieanlagen · Video-Sprechanlagen · Antennen- und Satellitenanlagen · Video- ...,https://elektro-busch.de/gebaeudetechnik.html,elektro-busch.de,no
(Elektriker OR Gebäudetechnik OR Sicherheitstechnik OR Rohrreinigung) Köln,Köln,C+S Elektrotechnik GmbH aus Bergisch Gladbach bei Köln ...,Wir bleiben ständig auf der Suche nach neuen Technologien und Innovationen und legen als Ausbildungsbetrieb großen Wert auf die Weiterbildung unserer ...,https://cs-etechnik.de/,cs-etechnik.de,no
(Elektriker OR Gebäudetechnik OR Sicherheitstechnik OR Rohrreinigung) Köln,Köln,elektro-decker.de,"Modernisierungen, Altbausanierungen oder bei der Installation in Neubauten und Industriekomplexen – wir sind vorne dabei, wenn modernste Elektrotechnik gefragt ...",https://elektro-decker.de/,elektro-decker.de,no
(Elektriker OR Gebäudetechnik OR Sicherheitstechnik OR Rohrreinigung) Köln,Köln,NEO Elektrotechnik,"Willkommen bei NEO Elektrotechnik, Ihrem zuverlässigen Elektromeisterbetrieb für den Raum Köln, den Bergischen Kreis und den rechtsrheinischen Rhein-Sieg-Kreis.",https://www.neoelektrotechnik.de/,neoelektrotechnik.de,no
(Elektriker OR Gebäudetechnik OR Sicherheitstechnik OR Rohrreinigung) Köln,Köln,"Elektro Instandhaltung Wartung | Elektroanlagen Sauerberg, Köln","Ihr Elektriker für die Instandhaltung und Wartung elektrischer Anlagen, klassische Elektroinstallation sowie Alt- und Neubausanierung uvm. aus Köln.",https://www.elektroanlagen-sauerberg.de/,elektroanlagen-sauerberg.de,no
(Elektriker OR Gebäudetechnik OR Sicherheitstechnik OR Rohrreinigung) Köln,Köln,Heizungs- und Klimatechnikbetrieb in Köln,"Die HaWi Gebäudetechnik GmbH, ist ein junges dynamisches Unternehmen mit Sitz im rechtsrheinischen Köln für alle Arbeiten rund um die Gewerke Heizung, ...",https://hawi-gmbh.de/privatkunden.php,hawi-gmbh.de,no
(Elektriker OR Gebäudetechnik OR Sicherheitstechnik OR Rohrreinigung) Köln,Köln,Meister | Bad & Wärme - Rohrreinigung Köln,Auch spezialisierte Dienste wie die Hochdruckspülung und die Kamera-Inspektion von Rohren können zum Portfolio gehören. Bei Bedarf kann auch eine Rohrsanierung ...,https://koeln24-rohrreinigung.de/meister-bad-waerme,koeln24-rohrreinigung.de,no
(Sanitärinstallateur OR Heizungsinstallateur OR Kältetechnik) Frankfurt am Main,Frankfurt am Main,"Home - KAUER | BAD, SANITÄR, HEIZUNG","Anlagentechnik Bad Sanitär Heizung - Ihr Spezialist in Frankfurt Sachsenhausen für Waschbecken, Armaturen, WC, Duschen, Heizkörper und Thermen.",https://www.kauer-bad.com/home/,kauer-bad.com,no
(Sanitärinstallateur OR Heizungsinstallateur OR Kältetechnik) Frankfurt am Main,Frankfurt am Main,Otto Münch: Sanitär Heizung Frankfurt am Main,Otto Münch ist seit 1974 ein renommierter Meisterbetrieb für Heizung und Sanitär unter der Leitung von Anlagenmechaniker-Meister Oliver Pöhlmann. Unsere ...,https://www.otto-muench.de/,otto-muench.de,no
(Sanitärinstallateur OR Heizungsinstallateur OR Kältetechnik) Frankfurt am Main,Frankfurt am Main,SHK-Frankfurt: Startseite,Willkommen auf der Homepage der Innung Sanitär Heizung Klima Frankfurt am Main. Als Arbeitgebervereinigung vertreten wir die regionalen Interessen unserer ...,https://www.shk-frankfurt.de/,shk-frankfurt.de,no
(Sanitärinstallateur OR Heizungsinstallateur OR Kältetechnik) Frankfurt am Main,Frankfurt am Main,m-tec Heizungs- und Sanitärtechnik GmbH | Frankfurt/Main,"Ihre Spezialisten für Sanitär, Heizung, regenerative Energien. Telefon069 586074-13 E-Mailinfo@mtec-frankfurt.de … und Sanitärinstallateur für Frankfurt/Main ...",https://www.mtec-frankfurt.de/,mtec-frankfurt.de,no
(Sanitärinstallateur OR Heizungsinstallateur OR Kältetechnik) Frankfurt am Main,Frankfurt am Main,Kämpf + Co. Innovative Haustechnik | Frankfurt am Main,"Spezialisten für Sanitär, Heizung, Klimatechnik. Heizung, Heizungswartung, Heizungssanierung/-austausch, Reparatur und Sanitärinstallation.",https://www.kaempf.de/,kaempf.de,no
(Sanitärinstallateur OR Heizungsinstallateur OR Kältetechnik) Frankfurt am Main,Frankfurt am Main,Berninger Sanitär- und Wärmetechnik Frankfurt,Sanitär- & Wärmetechnik Frankfurt - Heizung ✓ Wärmepumpe ✓ Solarthermie ✓ Bad ✓ Haustechnik ✓ Brandschutz ✓ Termin vereinbaren ☎ 069 55 09 10.,https://berninger-waermetechnik.de/,berninger-waermetechnik.de,no
(Sanitärinstallateur OR Heizungsinstallateur OR Kältetechnik) Frankfurt am Main,Frankfurt am Main,Kältetechnik Frankfurt am Main (Hessen) (38 Firmen) - kaeltejobs.de,Top Kältetechnik-Firmen in Frankfurt am Main (Hessen) · ASKADO UNTERNEHMENSBERATUNG GMBH · Bernhard Klump Kaelte Klima Technik · Bruno Stärk Fachpersonal ...,https://www.kaeltejobs.de/kaeltetechnik/hessen/frankfurt-am-main,kaeltejobs.de,no
(Sanitärinstallateur OR Heizungsinstallateur OR Kältetechnik) Frankfurt am Main,Frankfurt am Main,Sanitär + Heizung Peter Röhring in Frankfurt,Als Meisterbetrieb für Sanitär und Heizung bieten wir Ihnen in Frankfurt am Main und Umgebung ein umfassendes Leistungsspektrum rund um moderne Haustechnik.,https://www.sanitaer-frankfurt.com/,sanitaer-frankfurt.com,no
(Sanitärinstallateur OR Heizungsinstallateur OR Kältetechnik) Frankfurt am Main,Frankfurt am Main,Meisterbetrieb Westenberger | Frankfurt am Main,"Seit über 100 Jahren meisterhaft: Westenberger Sanitär- und Heizungs GmbH für Sanitär, Heizung und erneuerbare Energien aus Frankfurt-Höchst.",https://www.westenberger-san.de/,westenberger-san.de,no
(Sanitärinstallateur OR Heizungsinstallateur OR Kältetechnik) Frankfurt am Main,Frankfurt am Main,Köksal Duman - Badmodernisierung und Wärmepumpen in Frankfurt,"Ob lang geplanter Badumbau oder die dringende Reparatur Ihrer Heizung – am besten rufen Sie uns einfach an. Unter 069 907 501 55 beraten wir Sie freundlich, ...",https://heizungsmeisterei-duman.de/,heizungsmeisterei-duman.de,no
(Sanitärinstallateur OR Heizungsinstallateur OR Kältetechnik) Frankfurt am Main,Frankfurt am Main,"alfonsdresch – Sanitär-, Heizungs und Klimaspezialist in Frankfurt","Ihr Sanitär-, Heizungs- und Klimaspezialist in Frankfurt am Main. DAS ZEICHNET UNS AUS: UNSER FACHWISSEN KOMMT NICHT VON UNGEFÄHR: ALLE DREI HERREN DRESCH ...",https://alfonsdresch.de/,alfonsdresch.de,no
(Sanitärinstallateur OR Heizungsinstallateur OR Kältetechnik) Frankfurt am Main,Frankfurt am Main,Gruber GmbH | Meisterbetrieb für Heizung seit 1979 in Frankfurt.,Ob die dringende Reparatur Ihrer Heizung ansteht oder ein lang geplanter Badumbau – am besten rufen Sie uns einfach an. Unter +49 (69) 920 202 9 – 0 beraten wir ...,https://sanitaergruber.de/,sanitaergruber.de,no
(Sanitärinstallateur OR Heizungsinstallateur OR Kältetechnik) Frankfurt am Main,Frankfurt am Main,Traut Sanitär und Heizung GmbH - Ihr Handwerksdienstleister,"Badsanierung, Solar, Heizung und Klima. Ihr Handwerksdienstleister in Frankfurt. Ob Neubau, Umbau, Modernisierung oder Sanierung – wir sind der richtige ...",https://traut-gmbh.de/,traut-gmbh.de,no
(Sanitärinstallateur OR Heizungsinstallateur OR Kältetechnik) Frankfurt am Main,Frankfurt am Main,"Rögner Sanitär GmbH Frankfurt am Main | Sanitär, Bäder, Heizung",Unsere Leistungen HEIZUNG · Teil- oder Komplettsanierung und Modernisierung von Heizungsanlagen · Modernste Brennwerttechnik · Solarenergieanlagen und ...,https://roegner-sanitaer.de/,roegner-sanitaer.de,no
(Sanitärinstallateur OR Heizungsinstallateur OR Kältetechnik) Frankfurt am Main,Frankfurt am Main,Leichum Sanitär & Heizungstechnik in Frankfurt - Partner in Rhein ...,60439 Frankfurt/Main Tel.: (069) 97 05 08 0. E-Mail: kontakt@leichum-gmbh.de. Leichum GmbH. Über uns · Bad · Wellness Oase · Barrierefreies Bad · Wasser sparen ...,https://www.leichum-gmbh.de/,leichum-gmbh.de,no
(Sanitärinstallateur OR Heizungsinstallateur OR Kältetechnik) Frankfurt am Main,Frankfurt am Main,Home - Kältetechnik Klimatechnik Frankfurt am Main,"Beratung und Planung ist nicht alles: Unser geschultes Fachpersonal montiert Ihre Kälte und Klimatechnik in Frankfurt in jeder Größenordnung. Schnell, sauber ...",https://frankfurt-klima.de/,frankfurt-klima.de,no
(Sanitärinstallateur OR Heizungsinstallateur OR Kältetechnik) Frankfurt am Main,Frankfurt am Main,Installateur und Heizungsbauer in Frankfurt am Main | 2026,Installateur und Heizungsbauer in Frankfurt am Main - Hier finden Sie aktuelle Adressen & Telefonnummern für Ihre Suche nach Installateur und Heizungsbauer ...,https://www.jobs-in-frankfurt-am-main.de/branchenbuch/installateur-und-heizungsbauer,jobs-in-frankfurt-am-main.de,no
(Sanitärinstallateur OR Heizungsinstallateur OR Kältetechnik) Frankfurt am Main,Frankfurt am Main,Edenhauser | Heizungstechnik,Als erfahrene Experten für Heizungs- und Sanitärtechnik bieten wir individuelle Lösungen für Privat- und Gewerbekunden.,https://edenhauser.de/,edenhauser.de,no
(Sanitärinstallateur OR Heizungsinstallateur OR Kältetechnik) Frankfurt am Main,Frankfurt am Main,Sanitär Heizung | Frankfurt a.M. | Ing. A. Neumeister und Schnierle ...,Ihr Installateur für Sanitär und Heizung aus Frankfurt am Main. · Badezimmer-Konfigurator · Kundendienstanfrage · Heizungswechsel online anfragen.,https://www.neumeister-schnierle.de/,neumeister-schnierle.de,no
(Sanitärinstallateur OR Heizungsinstallateur OR Kältetechnik) Frankfurt am Main,Frankfurt am Main,Heizungsbau Frankfurt,Bitte rufen Sie uns an. R. A. Haefner GmbH. Heddernheimer Landstraße 146 60439 Frankfurt/Main. Telefon: 069-944908-0. E-Mail: info@haefner ...,https://haefner-haustechnik.de/,haefner-haustechnik.de,no
(Sanitärinstallateur OR Heizungsinstallateur OR Kältetechnik) Frankfurt am Main,Frankfurt am Main,"Hoffmann - Ihr Partner für Bad, Sanitär & Heizung in Frankfurt","Wir beraten Sie kompetent in Sachen sanitäre Anlagen, Badkomplettsanierung, Gas-Heizungen, Gasgeräte, Gas- und Wasserinstallation, Rohrreinigung oder ...",https://hofmann-sanitaer.de/,hofmann-sanitaer.de,no
(Sanitärinstallateur OR Heizungsinstallateur OR Kältetechnik) Frankfurt am Main,Frankfurt am Main,Heizungs- & Klima-Profis in Frankfurt am Main finden - KERMI,Härning GmbH Heizung-Klima-Sanitär. Stegstr. 65 60594 Frankfurt. 069-961225-0. info@haerning.de · http://www.haerning.de/. 1 km. Auf Karte anzeigen ...,https://www.kermi.com/de/de/fachpartner-finden/frankfurt-am-main/,kermi.com,no
(Sanitärinstallateur OR Heizungsinstallateur OR Kältetechnik) Frankfurt am Main,Frankfurt am Main,"Hessen Haustechnik | Sanitär, Heizung & Klima in Frankfurt am Main","Ihr zertifizierter Meisterbetrieb für Haustechnik, Badsanierung, Heizung und Wärmepumpen in Frankfurt & ganz Hessen. Fordern Sie jetzt Ihr Angebot an!",https://www.hessenhaustechnik.de/,hessenhaustechnik.de,no
(Sanitärinstallateur OR Heizungsinstallateur OR Kältetechnik) Frankfurt am Main,Frankfurt am Main,Heizung | ONARLAR GmbH in Frankfurt a.M.,"Wir sanieren und modernisieren Bäder mit Blick auf die Zukunft. Unser hoher Anspruch ist es, dass Sie vorhandene Wärme effizient nutzen können, ohne dabei Angst ...",https://www.onarlar.de/heizung.php,onarlar.de,no
(Sanitärinstallateur OR Heizungsinstallateur OR Kältetechnik) Frankfurt am Main,Frankfurt am Main,"Karl Hofmann GmbH, Meisterbetrieb für Heizung, Sanitär, Gas ...","Wir sind Ihr leistungsstarker Meisterbetrieb im Bereich Haustechnik und führen Installationen, Reparaturen und. Wartungen von Sanitär- und Heizungsanlagen ...",https://www.hofmann-frankfurt.de/,hofmann-frankfurt.de,no
(Sanitärinstallateur OR Heizungsinstallateur OR Kältetechnik) Frankfurt am Main,Frankfurt am Main,Klimatechnik & Klimaanlagen in Frankfurt und Offenbach,"Bedarfsgerechte Klimasysteme für Gewerbe, Industrie und Privathaushalte · Planung, Installation, Wartung und Modernisierung aus einer Hand.",https://www.klimaberatung.de/klimatechnik-frankfurt-offenbach,klimaberatung.de,no
(Sanitärinstallateur OR Heizungsinstallateur OR Kältetechnik) Frankfurt am Main,Frankfurt am Main,KKTBader GmbH - Home,"KKTBader, Frankfurt am Main. ... Zu Ihrem Spezialisten für Kälte & Klimaanlagen. Wir bieten Komplettlösungen aus einer Hand ...",https://www.kktbader.eu/,kktbader.eu,no
(Sanitärinstallateur OR Heizungsinstallateur OR Kältetechnik) Frankfurt am Main,Frankfurt am Main,Mejor Klimatechnik,"Wir entwickeln, installieren und warten individuelle Kälte- & Klimalösungen für Industrie, Gewerbe und private Haushalte. Jetzt Beratung sichern!",https://mejorklimatechnik.de/,mejorklimatechnik.de,no
(Sanitärinstallateur OR Heizungsinstallateur OR Kältetechnik) Frankfurt am Main,Frankfurt am Main,Heizung & Sanitär in Frankfurt am Main | Mein-Bau Haustechnik,Unser Sanitär Frankfurt Service bedient sowohl Privatwohnungen als auch gewerbliche Objekte mit höchster Professionalität. Die Gasinstallation Frankfurt und der ...,https://meinbauht.de/regionen/frankfurt-am-main,meinbauht.de,no
(Sanitärinstallateur OR Heizungsinstallateur OR Kältetechnik) Frankfurt am Main,Frankfurt am Main,"HolodTech: Klima, Kälte & Wärmepumpen im Rhein-Main-Gebiet","HolodTech – Ihr Fachbetrieb für Kälte-, Klima- und Wärmepumpentechnik im Rhein-Main-Gebiet. Privat & Gewerblich!",https://holodtech.de/,holodtech.de,no
(Sanitärinstallateur OR Heizungsinstallateur OR Kältetechnik) Frankfurt am Main,Frankfurt am Main,Krauss Heizungstechnik in Frankfurt - wirsindhandwerk,"Sanitär, Heizung, Klima. Können Sie Krauss Heizungstechnik empfehlen? Ja Nein. Kontakt. Westerbachstr. 210a 65936 Frankfurt; Telefon 069 - 34 81 22 05 ...",https://www.wirsindhandwerk.de/krauss-heizungstechnik-frankfurt,wirsindhandwerk.de,no
(Sanitärinstallateur OR Heizungsinstallateur OR Kältetechnik) Frankfurt am Main,Frankfurt am Main,"Klimatechnik Frankfurt - Planung, Montage und Wartung","Nein, wir installieren und warten Kälte- und Klimatechnik-Anlagen im gesamten Rhein-Main-Gebiet. Neben der Frankfurter City sind wir für unsere Privat-, ...",https://vhe-online.de/klimatechnik-frankfurt/,vhe-online.de,no
(Sanitärinstallateur OR Heizungsinstallateur OR Kältetechnik) Frankfurt am Main,Frankfurt am Main,Frankfurt am Main - Heizungsbau-Adressen,"Von der Ortsbegehung, über die Konzepterstellung bis hin zum Einbau der Heiztechnik in Ihrem Haus, steht Ihnen der sachkundige Heizungsbauer für all Ihre Fragen ...",https://www.heizungsbau-adressen.de/heizungsbauer/frankfurt-am-main/,heizungsbau-adressen.de,no
(Sanitärinstallateur OR Heizungsinstallateur OR Kältetechnik) Frankfurt am Main,Frankfurt am Main,Klimaanlagen | Frankfurt am Main | FRIO Ihr Experte,"Der Kunde steht bei uns im Mittelpunkt! Wir beraten Sie umfangreich zum Thema Klima, Kälte-Klimatechnik und Klimaanlagen in Frankfurt.",https://www.frio.de/klimaanlagen-frankfurt,frio.de,no
(Sanitärinstallateur OR Heizungsinstallateur OR Kältetechnik) Frankfurt am Main,Frankfurt am Main,Klimaanlagen Frankfurt | Klimatechnik Frankfurt - huefner-klima.de,Klimaanlagen Frankfurt | Daikin Fachpartner | Wir bieten Ihnen Kälte- Klima- und Lüftungstechnik in Frankfurt und im Rhein Main Gebiet. Anfrage stellen.,https://huefner-klima.de/klimatechnik-frankfurt-klimaanlagen-frankfurt/,huefner-klima.de,no
(Sanitärinstallateur OR Heizungsinstallateur OR Kältetechnik) Frankfurt am Main,Frankfurt am Main,Kältetechnik im Branchenkompass Frankfurt am Main,KKL GmbH · Klimaanlagen für Privat und Gewerbe · VRW-Klimatechnik · Kaltwassersätze · EDV-Klimaanlagen · Kühl- und Tiefkühlzellen.,https://www.branchenkompass-frankfurt.de/branchenverzeichnis/kaeltetechnik.aspx,branchenkompass-frankfurt.de,no
(Sanitärinstallateur OR Heizungsinstallateur OR Kältetechnik) Frankfurt am Main,Frankfurt am Main,Kälte- und Klimatechnik in Frankfurt,Kälte- und Klimatechnik in Frankfurt · KK · Klimed Klimatechnik und Medizintechnik GmbH · 06106 60140 · Waldstr. · PP · PHOENIX AG · 069 94219654 · Wächtersbacher ...,https://frankfurt-am-main.branchen-info.net/kaelte-und-klimatechnik_detail-webseite-1230-4.php,frankfurt-am-main.branchen-info.net,no
(Sanitärinstallateur OR Heizungsinstallateur OR Kältetechnik) Frankfurt am Main,Frankfurt am Main,Sanitär Heizung Klima Frankfurt,Wir garantieren Ihnen eine schnelle und diskrete Erledigung aller Ihrer geschäftlichen Aufgaben. Unser Team aus hochqualifizierten Mitarbeitern ist Tag und ...,https://www.shk-voelker.de/,shk-voelker.de,no
(Sanitärinstallateur OR Heizungsinstallateur OR Kältetechnik) Frankfurt am Main,Frankfurt am Main,Heizungsmonteur in Frankfurt - auskunft.de,Techniker Osman · Richard Kniese GmbH · Löw GmbH Meisterbetrieb - Heizung · Lothar Felske Heizung und Sanitär GmbH · Eugen Kletti GmbH · DENAS GmbH | ...,https://www.auskunft.de/a/heizungsmonteur/frankfurt,auskunft.de,no
(Sanitärinstallateur OR Heizungsinstallateur OR Kältetechnik) Frankfurt am Main,Frankfurt am Main,Die Kaltmacher – Ihr Klima machen wir …,"... Kälte- und Klimatechnik MBH |. Page load link. Diese Website benutzt Cookies. Wenn du die Website weiter nutzt, gehen wir von deinem Einverständnis aus ...",https://gkk-frankfurt.de/,gkk-frankfurt.de,no
(Elektriker OR Gebäudetechnik OR Sicherheitstechnik OR Rohrreinigung) Frankfurt am Main,Frankfurt am Main,Elektriker und Haustechniker in Frankfurt Rhein-Main | Hinkel + ...,"Haustechniker und Elektriker in Frankfurt Rhein-Main-Gebiet. Hier bekommen Sie Elektroinstallationen, Antennenanlagen, Datentechnik, Sprechanlagen, Licht, ...",https://hinkel-sohn.de/,hinkel-sohn.de,no
(Elektriker OR Gebäudetechnik OR Sicherheitstechnik OR Rohrreinigung) Frankfurt am Main,Frankfurt am Main,Elektrotechnik Kreher - Ihr Elektriker in Frankfurt am Main,"Fachbetrieb der Elektroinnung · Wir sind · Elektroinstallation · Licht & Leuchten · Sicherheit · Haustechnik · Elektromobilität · Hausgeräte. Reparatur, Wartung ...",https://www.elektro-kreher.de/,elektro-kreher.de,no
(Elektriker OR Gebäudetechnik OR Sicherheitstechnik OR Rohrreinigung) Frankfurt am Main,Frankfurt am Main,Die Ntronic GmbH in Frankfurt am Main | Sicherheitstechnik ...,"Wir sind Ihr Anbieter und Elektrotechnik-Meister für sämtliche Leistungen rund um Sicherheits-, Netzwerk- und Kommunikationstechnik sowie verschiedene ...",https://www.ntronic.de/,ntronic.de,no
(Elektriker OR Gebäudetechnik OR Sicherheitstechnik OR Rohrreinigung) Frankfurt am Main,Frankfurt am Main,Home - TinkerTech Elektrotechnik Frankfurt | Sicherheitstehnik ...,"Wir, als Elektrobetrieb, sind Ihr kompetenter Ansprechpartner rund um die Themen Kommunikationstechnik, Elektroinstallation sowie Sicherheitstechnik.",https://tinkertech-elektrotechnik.com/,tinkertech-elektrotechnik.com,no
(Elektriker OR Gebäudetechnik OR Sicherheitstechnik OR Rohrreinigung) Frankfurt am Main,Frankfurt am Main,"Kurtech GmbH Frankfurt | Elektroinstallation, Beleuchtung, Wartung ...",Unsere Kernkompetenz liegt in der Elektroinstallation. Mit modernsten Techniken und Werkzeugen sorgen wir für eine sichere und effiziente Elektrik in Ihren ...,https://kurtech.de/,kurtech.de,no
(Elektriker OR Gebäudetechnik OR Sicherheitstechnik OR Rohrreinigung) Frankfurt am Main,Frankfurt am Main,Elektroniker (m/w/d) Energie- und Gebäudetechnik - Builtech Gruppe,Deine Chance: Gestalte zukunftsorientierte TGA-Projekte aktiv mit und unterstütze als erfahrener Elektroniker unsere Elektroabteilung!,https://jobs.builtech.de/jobs/56726139/Elektroniker-m-w-d-Energie--und-Geb%C3%A4udetechnik/,jobs.builtech.de,no
(Elektriker OR Gebäudetechnik OR Sicherheitstechnik OR Rohrreinigung) Frankfurt am Main,Frankfurt am Main,Mitglieder - Elektro-Innung Frankfurt,Innungsbetriebe ; All in One Elektro & IT Technologie GmbH · Däumling 5 65936 Frankfurt/Main. 0157 38091361 ; Altomare Elektrotechnik. Rudolf-Presber-Straße 15,https://www.eiffm.de/mitglieder.html,eiffm.de,no
(Elektriker OR Gebäudetechnik OR Sicherheitstechnik OR Rohrreinigung) Frankfurt am Main,Frankfurt am Main,Elektriker in Frankfurt am Main,"In der WISAG Gebäudetechnik sind wir auf technische Anlagen in Immobilien spezialisiert. Unsere Arbeit umfasst die Bereiche: Gebäudemanagement, Wartung und ...",https://hire.wisag.de/10396196/frankfurt-am-main-elektriker,hire.wisag.de,no
(Elektriker OR Gebäudetechnik OR Sicherheitstechnik OR Rohrreinigung) Frankfurt am Main,Frankfurt am Main,Elektroniker:in (Betriebstechnik) - Ausbildung - Stadt Frankfurt,Der Beruf wird bei der Branddirektion Frankfurt am Main und bei der Stadtentwässerung Frankfurt am Main ausgebildet. Nähere Infos dazu findest du im Text ...,https://frankfurt.de/karriere/schueler_innen/ausbildung/el-bt,frankfurt.de,no
(Elektriker OR Gebäudetechnik OR Sicherheitstechnik OR Rohrreinigung) Frankfurt am Main,Frankfurt am Main,Elektroniker für Energie- und Gebäudetechnik (m/w/d) - Marador,"Frankfurt am Main. Ab sofort. Vollzeit, unbefristet. Profil: Abgeschlossene Ausbildung als Elektroniker für Energie- und Gebäudetechnik oder vergleichbare ...",https://www.marador.de/stellenangebote/elektroniker-fur-energie-und-gebaudetechnik-10,marador.de,no
(Elektriker OR Gebäudetechnik OR Sicherheitstechnik OR Rohrreinigung) Frankfurt am Main,Frankfurt am Main,Elektriker Frankfurt am Main | Meisterbetrieb Elektrotechnik-FELS,Ihr Elektriker für Gewerbe in Frankfurt: FELS ist der zertifizierte Elektrofachbetrieb für komplexe Elektroinstallation & DGUV V3 Prüfungen.,https://www.elektrotechnik-fels.de/,elektrotechnik-fels.de,no
(Elektriker OR Gebäudetechnik OR Sicherheitstechnik OR Rohrreinigung) Frankfurt am Main,Frankfurt am Main,EMA-Elektrotechnik GmbH: Startseite,"Für Sie stehen wir ständig unter Strom. Unsere Fachleute planen, montieren und warten jegliche Arten von Elektroinstallationen. Ob Neubau oder ...",https://ema-et.de/,ema-et.de,no
(Elektriker OR Gebäudetechnik OR Sicherheitstechnik OR Rohrreinigung) Frankfurt am Main,Frankfurt am Main,EQ Elektrotechnik: Elektriker Frankfurt,"EQ Elektrotechnik – Ihr Elektriker aus Frankfurt am Main. Smarte Lösungen für Altbausanierung, Lichtkonzepte und Elektroinstallationen in Rhein-Main.",https://eq-elektrotechnik.de/,eq-elektrotechnik.de,no
(Elektriker OR Gebäudetechnik OR Sicherheitstechnik OR Rohrreinigung) Frankfurt am Main,Frankfurt am Main,"JPelektro Frankfurt | Elektroinstallation, ITK, Smart Home ...","JPelektro ist Ihr Fachbetrieb in Frankfurt am Main für Elektroinstallationen, Smart Home, Netzwerktechnik, ITK, Sicherheitstechnik, Wartung und Service.",https://www.jpelektro.de/,jpelektro.de,no
(Elektriker OR Gebäudetechnik OR Sicherheitstechnik OR Rohrreinigung) Frankfurt am Main,Frankfurt am Main,AGN Elektro- & Netzwerktechnik | Elektriker in Frankfurt ...,"AGN Elektro- & Netzwerktechnik | Professionelle Elektriker in Frankfurt ... Home. Röderich Straße 35, 60489 Frankfurt am Main. Phone. Telefon: 069 26 40 79 ...",https://www.agn-elektro.de/,agn-elektro.de,no
(Elektriker OR Gebäudetechnik OR Sicherheitstechnik OR Rohrreinigung) Frankfurt am Main,Frankfurt am Main,Jobs Gebäudetechniker Frankfurt - jobs.main-echo.de,Aktuell 31 Jobs für Gebäudetechniker in Frankfurt gefunden auf jobs.main-echo.de - die Jobbörse des Medienhaus Main-Echo.,https://jobs.main-echo.de/jobs/geb%C3%A4udetechniker-in-frankfurt,jobs.main-echo.de,no
(Elektriker OR Gebäudetechnik OR Sicherheitstechnik OR Rohrreinigung) Frankfurt am Main,Frankfurt am Main,Elektriker / Elektroniker (w/m/d) Gebäudetechnik (Frankfurt) - TieTalent,"Unsere Teams im Gebäudebetrieb und der Haustechnik sorgen dafür, dass alle technischen Anlagen reibungslos funktionieren und Gebäude optimal instand gehalten ...",https://tietalent.com/app/en/jobs/p-948783663/frankfurt-elektriker-elektroniker-wmd-gebaudetechnik-frankfurt,tietalent.com,no
(Elektriker OR Gebäudetechnik OR Sicherheitstechnik OR Rohrreinigung) Frankfurt am Main,Frankfurt am Main,"Haustechnik Jobs in Elektro-, Sanitär-, Heizungs - rübsam","Starke Stellen in der Haus- und Gebäudetechnik ✓ Unbefristet, übertariflich & mit Weiterbildungsmöglichkeiten → Jetzt bewerben & durchstarten!",https://www.ruebsam.de/haustechnik,ruebsam.de,no
(Elektriker OR Gebäudetechnik OR Sicherheitstechnik OR Rohrreinigung) Frankfurt am Main,Frankfurt am Main,Handwerker in Frankfurt am Main – Notdienst & Fachbetriebe,"Über WorkerNow findest du schnell Notdienste in Frankfurt am Main – etwa Elektriker‑, Sanitär‑, Glas‑ oder Schlüsseldienst. Dank Live‑Ticker weißt du, wer jetzt ...",https://workernow.de/de/handwerker-frankfurt-am-main.html,workernow.de,no
(Elektriker OR Gebäudetechnik OR Sicherheitstechnik OR Rohrreinigung) Frankfurt am Main,Frankfurt am Main,elektrotech-hessen: Home,"Wir sind ein Elektroinstallationsunternehmen, das innovative Lösungen für Wohn- und Geschäftsgebäude bietet. Mit unserem Fachwissen, unserer Erfahrung und ...",https://elektrotech-hessen.de/,elektrotech-hessen.de,no
(Elektriker OR Gebäudetechnik OR Sicherheitstechnik OR Rohrreinigung) Frankfurt am Main,Frankfurt am Main,Frankfurt a.M. | Ausbildung · Elektrotechnik Sicherheitstechnik,"Lerne in deiner Ausbildung Fachrichtung Energie- und Gebäudetechnik, wie modernste Technik ganze Gebäude steuert und dem Klima nützt. Frankfurt a.M. · Hanau · ...",https://bretz-hufer.de/ausbildung-elektrotechnik,bretz-hufer.de,no
(Elektriker OR Gebäudetechnik OR Sicherheitstechnik OR Rohrreinigung) Frankfurt am Main,Frankfurt am Main,Elektroniker für Energie- und Gebäudetechnik in Frankfurt am Main ...,Sie suchen qualifizierte Elektroniker für Energie- und Gebäudetechnik in Frankfurt am Main (Hessen)? Zugriff auf 23 geprüfte Fachkräfte in unserem Netzwerk.,https://benzconsulting.de/fachkraefte/elektroniker-fuer-energie-und-gebaeudetechnik-in-frankfurt-am-main,benzconsulting.de,no
(Elektriker OR Gebäudetechnik OR Sicherheitstechnik OR Rohrreinigung) Frankfurt am Main,Frankfurt am Main,"Gebäudetechnik in Frankfurt am Main - Bewertungen, Preise & Kosten","Die Top 5 Gebäudetechnik in Frankfurt am Main ; Elektro Ante. Rückertstr. 59 60314 ; HT Harald Theis, Markus Brückner Elektroanlagen GbR. Gelastr. 105 60388 ...",https://www.kennstdueinen.de/ergebnis-gebaeudetechnik-in-frankfurt-am-main-703-604.html,kennstdueinen.de,no
(Elektriker OR Gebäudetechnik OR Sicherheitstechnik OR Rohrreinigung) Frankfurt am Main,Frankfurt am Main,Dussmann in Frankfurt am Main,"Ob Gebäudereinigung, Gebäudetechnik oder Sicherheitsdienst– als größter deutscher Multidienstleister können wir Ihnen höchste Qualitätsstandards in allen ...",https://de.dussmann.de/frankfurt-am-main,de.dussmann.de,no
(Elektriker OR Gebäudetechnik OR Sicherheitstechnik OR Rohrreinigung) Frankfurt am Main,Frankfurt am Main,Boss Elektrotechnik - Frankfurt am Main - Elektro Boss ...,Boss Elektrotechnik - Frankfurt am Main - Elektro Elektro Elektroinstallation Umbauten Renovierungen Installation Gebäudetechnik Haustechnik ...,https://serviceboss.de/,serviceboss.de,no
(Elektriker OR Gebäudetechnik OR Sicherheitstechnik OR Rohrreinigung) Frankfurt am Main,Frankfurt am Main,Roberger Elektro & IT-Technologie GmbH Frankfurt,... Frankfurt am Main. Roberger Elektro & IT-Technologie GmbH – Wir vernetzen die Welt. Seit 2015 steht die Roberger Elektro & IT-Technologie GmbH für innovative ...,https://www.elektro-roberger.de/,elektro-roberger.de,no
(Elektriker OR Gebäudetechnik OR Sicherheitstechnik OR Rohrreinigung) Frankfurt am Main,Frankfurt am Main,RohrTec 24: Rohrreinigung Frankfurt 24/7 | 60 Min Notdienst,"Rohrreinigung Frankfurt & Rhein-Main: 24/7 Notdienst, Kanal-TV, grabenlose Sanierung. Festpreis-Garantie – jetzt anrufen, Anfahrt kostenlos.",https://rohrtec-24.de/,rohrtec-24.de,no
(Elektriker OR Gebäudetechnik OR Sicherheitstechnik OR Rohrreinigung) Frankfurt am Main,Frankfurt am Main,Elektrotechniker/in - Handwerkskammer Frankfurt-Rhein-Main,"Meister werden für Energie, Technik und Zukunft: Ob Elektrotechnikermeister/in, Fachplaner/in für Gebäudetechnik oder Expert/in für smarte Energielösungen ...",https://www.hwk-rhein-main.de/de/bildung/gewerke/elektrotechniker,hwk-rhein-main.de,no
(Elektriker OR Gebäudetechnik OR Sicherheitstechnik OR Rohrreinigung) Frankfurt am Main,Frankfurt am Main,Seibel365 Frankfurt ❤️ Gebäudetechnik für Hausverwaltungen,Unsere Leistungsbereiche in Frankfurt am Main. Wir vermitteln qualifizierte Fachbetriebe und Notdienste aus den zentralen Bereichen der Haus- und Gebäudetechnik ...,https://seibel-frankfurt.de/,seibel-frankfurt.de,no
(Elektriker OR Gebäudetechnik OR Sicherheitstechnik OR Rohrreinigung) Frankfurt am Main,Frankfurt am Main,"Kovacs Gebäudetechnik – Heizung, Kälte & Sanitär Frankfurt","Professionelle Heizung, Kälte & Sanitär-Lösungen von Kovacs Gebäudetechnik in Frankfurt am Main erfahren und serviceorientiert für private & gewerbliche ...",https://kovacs-gebaeudetechnik-gmbh.de/,kovacs-gebaeudetechnik-gmbh.de,no
(Elektriker OR Gebäudetechnik OR Sicherheitstechnik OR Rohrreinigung) Frankfurt am Main,Frankfurt am Main,E&H-Technik GmbH | Wir sind Ihr Patner rundum für Energie.,"Wir bieten einen rundum Service für Energie-, Gebäudetechnik, Elektroinstallationen, Gebäudeautomation und Heiztechnik an. Zusätzlich können wir Ihnen die ...",https://eundh-technik.de/,eundh-technik.de,no
(Elektriker OR Gebäudetechnik OR Sicherheitstechnik OR Rohrreinigung) Frankfurt am Main,Frankfurt am Main,Ausbildung - Elektrotechnik Witte,"Ausbildung zum Elektroniker Fachrichtung Energie- und Gebäudetechnik (m/w/d) · Wir bieten Dir einen spannenden Beruf und eine Karriere · So modern, wie kaum ein ...",https://www.elektrotechnikwitte.de/karriere/ausbildung,elektrotechnikwitte.de,no
(Elektriker OR Gebäudetechnik OR Sicherheitstechnik OR Rohrreinigung) Frankfurt am Main,Frankfurt am Main,Gebäudeautomation - ELEKTRO KLEIN AG,Die Elektro Klein AG aus dem hessischen Biebergemünd installiert Systeme zur Gebäudeautomation in Frankfurt/Main und in der Umgebung der Finanzmetropole.,https://www.e-k-ag.de/gebaeudeautomation/,e-k-ag.de,no
(Elektriker OR Gebäudetechnik OR Sicherheitstechnik OR Rohrreinigung) Frankfurt am Main,Frankfurt am Main,Sicherheitstechnik - Elektroanlagen Bär Frankfurt,"Wir bieten Ihnen Dienstleistungen im Bereich der elektronischen Sicherheitstechnik, Montage und Installation an. Zunächst nehmen wir Ihre Wünsche auf und ...",https://elektro-anlagen-baer.com/elektrotechnik/sicherheitstechnik/,elektro-anlagen-baer.com,no
(Elektriker OR Gebäudetechnik OR Sicherheitstechnik OR Rohrreinigung) Frankfurt am Main,Frankfurt am Main,Elektro Hofmann GmbH - Frankfurt a.M. - Elektro Elektro Hofmann ...,Elektro Hofmann GmbH - Frankfurt a.M. - Elektro Elektro Elektrotechnik Elektriker Elektroplanung Umbauten Renovierungen Gebäudetechnik Haustechnik ...,https://www.elektro-hofmann-frankfurt.de/,elektro-hofmann-frankfurt.de,no
(Elektriker OR Gebäudetechnik OR Sicherheitstechnik OR Rohrreinigung) Frankfurt am Main,Frankfurt am Main,Notdienst & Handwerk in Frankfurt am Main - fabeus,"Handwerker Notdienst Frankfurt am Main: Sanitär, Rohrreinigung, Heizung, Elektro – 24/7 erreichbar, in der Regel 30–60 Min vor Ort, Preis vor dem Eingriff.…",https://fabeus.de/frankfurt,fabeus.de,no
(Elektriker OR Gebäudetechnik OR Sicherheitstechnik OR Rohrreinigung) Frankfurt am Main,Frankfurt am Main,Frankfurt am Main: Elektroinstallation - MRC Services GmbH,"Wir sind für Sie rund um die Uhr im Einsatz - wir reparieren, installieren, konfigurieren und sanieren. Ihr Fachbetrieb.",https://www.mrc-services.de/unsere-leistungen/elektroinstallation.html,mrc-services.de,no
(Elektriker OR Gebäudetechnik OR Sicherheitstechnik OR Rohrreinigung) Frankfurt am Main,Frankfurt am Main,Dreis Elektrotechnik - Ihr Meisterbetrieb aus Frankfurt am Main,"Dreis Elektrotechnik – Ihr Experte für Photovoltaik, Wärmepumpen, Ladeinfrastruktur und Smart-Home-Lösungen im Rhein-Main-Gebiet.",https://www.dreis-elektrotechnik.de/,dreis-elektrotechnik.de,no
(Elektriker OR Gebäudetechnik OR Sicherheitstechnik OR Rohrreinigung) Frankfurt am Main,Frankfurt am Main,Haustechnik - elektro-ranz.de,Haustechnik. Umfassende Planung – präzise Umsetzung – regelmäßige Wartung. Infrarotheizungen bei Elektrobau Ranz GmbH & Co.KG in Frankfurt am Main · mehr ...,https://www.elektro-ranz.de/leistungen/haustechnik,elektro-ranz.de,no
(Elektriker OR Gebäudetechnik OR Sicherheitstechnik OR Rohrreinigung) Frankfurt am Main,Frankfurt am Main,ska-klima-gebaeudetechnik.de: Startseite,SKA GmbH in Frankfurt ; Mechanik. Klima- und Lüftungstechnik; Kältetechnik Sanitär- und; Heizungstechnik; Regenwassernutzungsanlagen ; Elektrotechnik.,https://ska-klima-gebaeudetechnik.de/,ska-klima-gebaeudetechnik.de,no
(Elektriker OR Gebäudetechnik OR Sicherheitstechnik OR Rohrreinigung) Frankfurt am Main,Frankfurt am Main,Gebäudeautomation - TechDesign,"Kunden. TechDesign; Gesellschaft für Technische Ausrüstung und Energietechnik mbH. Kennedyallee 94, 60596 Frankfurt am Main, Telefon +49 (0)69 / 63 15 70 - 0.",https://techdesignffm.de/kompetenzen/gebaeudeautomation,techdesignffm.de,no
(Elektriker OR Gebäudetechnik OR Sicherheitstechnik OR Rohrreinigung) Frankfurt am Main,Frankfurt am Main,Elektro Hofmann GmbH - Frankfurt a.M. - Elektro Elektro Hofmann ...,Elektro Hofmann GmbH - Frankfurt a.M. - Elektro Elektroinstallation Elektrotechnik Elektriker Neubauten Renovierungen Installation Gebäudetechnik ...,https://hofmann-frankfurt.com/,hofmann-frankfurt.com,no
(Sanitärinstallateur OR Heizungsinstallateur OR Kältetechnik) Stuttgart,Stuttgart,"Bäder, Heizung, Bleche, Klempner, Sanitär, Flaschner, Installateur ...",Raff Sanitär GmbH. Tränkestraße 20 70597 Stuttgart / Degerloch Tel.: 0711 78 27 15 00. Fax: 0711 767 64 73 kontakt@raff-sanitaer.de. Ein Unternehmen der. Büro ...,https://raff-sanitaer.de/,raff-sanitaer.de,no
(Sanitärinstallateur OR Heizungsinstallateur OR Kältetechnik) Stuttgart,Stuttgart,Kälte- und Klimatechnik für Privat und Gewerbe in Stuttgart,Professionelle Klima- und Kältelösungen für Privat und Gewerbe: effizient und nachhaltig für geringe Kosten und hohen Komfort.,https://www.eissele-klima.de/,eissele-klima.de,no
(Sanitärinstallateur OR Heizungsinstallateur OR Kältetechnik) Stuttgart,Stuttgart,Heizung-Sanitär | Haufler Heizung-Sanitär Stuttgart,Als familiengeführter Meisterbetrieb und mit 50 Jahren Erfahrung steht Ihnen Haufler aus Stuttgart bei allen Themen zu Heizung und Sanitär zur Verfügung.,https://www.haufler-stuttgart.de/,haufler-stuttgart.de,no
(Sanitärinstallateur OR Heizungsinstallateur OR Kältetechnik) Stuttgart,Stuttgart,Ulrich Sanitär – Sanitär und Heizungstechnik in Stuttgart,"Ulrich Sanitär wir sind Ihr Partner für Sanitär, Heizung, Wärmepumpen in Stuttgart-, Degerloch, Möhringen, Vahingen und auf den Fildern.",https://www.ulrich-sanitaer.de/,ulrich-sanitaer.de,no
(Sanitärinstallateur OR Heizungsinstallateur OR Kältetechnik) Stuttgart,Stuttgart,Andreas Uhl Sanitär · Heizung & Bad in Stuttgart,"Andreas Uhl bietet professionelle Sanitär-, Heizungs- und Badlösungen in Stuttgart. Von moderner Badgestaltung bis zur effizienten Heizungsmodernisierung ...",https://andreasuhl-sanitaer.de/,andreasuhl-sanitaer.de,no
(Sanitärinstallateur OR Heizungsinstallateur OR Kältetechnik) Stuttgart,Stuttgart,Niederlassung Stuttgart | REISS Kälte-Klima GmbH,Unsere REISS-Niederlassung in Stuttgart ist Ihr Großhandelspartner für Kälte- und Klimatechnik in der Metropolregion Stuttgart.,https://www.kaelte-gruppe.eu/de/standorte/stuttgart,kaelte-gruppe.eu,no
(Sanitärinstallateur OR Heizungsinstallateur OR Kältetechnik) Stuttgart,Stuttgart,Startseite Nick | Sanitär Nick GmbH Stuttgart,Wir unterstützen Sie mit viel Sorgfalt bei Neubauten und Umbauten in allen Sanitär- und Heizungsfragen. Kleine wie große Reparaturen. Meisterbetrieb seit 1975 ...,https://sanitaer-nick.de/,sanitaer-nick.de,no
(Sanitärinstallateur OR Heizungsinstallateur OR Kältetechnik) Stuttgart,Stuttgart,Wir sind für Sie da. – bad & heizung in Stuttgart,"Wir sind Ihr Spezialist rund um Bäder, Trinkwasser-Installation, Heizungsbau, erneuerbare Energien und Lüftungs- und Klimaanlagen. Mehr lesen. Elektrotechnik ...",https://www.badundheizung.de/bauer/,badundheizung.de,no
(Sanitärinstallateur OR Heizungsinstallateur OR Kältetechnik) Stuttgart,Stuttgart,Fachbetrieb für Klima & Wärmepumpen Stuttgart - Saturn GmbH,INNOVATIVE LÖSUNGEN FÜR KLIMA UND WÄRME · Zertifizierte Qualität vom Fachmann · Leistungen für Privat- und Gewerbekunden · Aus und für die Region Stuttgart ...,https://saturn-klima.de/,saturn-klima.de,no
(Sanitärinstallateur OR Heizungsinstallateur OR Kältetechnik) Stuttgart,Stuttgart,Fugenlose Badsanierung In Stuttgart & Umgebung - Fachgerecht ...,Das erfahrene Team von S&D Heizung und Sanitär GmbH garantiert Ihnen einen zeitlich fließenden Umbau aus einer Hand.,https://sd-sanitar.de/,sd-sanitar.de,no
(Sanitärinstallateur OR Heizungsinstallateur OR Kältetechnik) Stuttgart,Stuttgart,Gauggel GmbH - Stuttgart,"Gauggel ist ein Fachbetrieb mit 90jähriger Geschichte. Wenn Sie einen echten Partner für Sanitär- und Wärmekomfort gesucht haben, dann sind Sie hier richtig.",https://www.gauggel-sanitaer.de/,gauggel-sanitaer.de,no
(Sanitärinstallateur OR Heizungsinstallateur OR Kältetechnik) Stuttgart,Stuttgart,"und Kälteanlagen, Kältetechnik & Klimaanlagen: KälteSchmid Klima",KälteSchmid: Ihr Spezialist für Klima- und Kältetechnik | Klimatechnik und Klimaanlagen | Von der Beratung bis zur Montage – alles aus einer Hand!,https://klimaanlagen-stuttgart.de/,klimaanlagen-stuttgart.de,no
(Sanitärinstallateur OR Heizungsinstallateur OR Kältetechnik) Stuttgart,Stuttgart,Fischerstuttgart: Home,Sanitär | Heizung · Medizin | Reha · Über uns · Service · Anfrage · SANITÄR | HEIZUNG · MEDIZIN | REHA. Navigation überspringen. Sanitär | Heizung · Medizin | ...,https://www.fischerstuttgart.de/,fischerstuttgart.de,no
(Sanitärinstallateur OR Heizungsinstallateur OR Kältetechnik) Stuttgart,Stuttgart,Brodbeck GmbH: Startseite,"Kundendienst. Unser zuverlässiger Kundenservice in den Bereichen Sanitär, Heizung, sowie Trinkwasser-, Abwasser- und Gasinstallationen.",https://stuttgart-sanitaer.de/,stuttgart-sanitaer.de,no
(Sanitärinstallateur OR Heizungsinstallateur OR Kältetechnik) Stuttgart,Stuttgart,Hessel u. Sohn GmbH | Gebäudetechnik und Service,"Wir bieten sämtliche Leistungen in den Bereichen Sanitär, Heizung, Lüftungstechnik und Klimasysteme.",https://www.hessel-und-sohn.de/,hessel-und-sohn.de,no
(Sanitärinstallateur OR Heizungsinstallateur OR Kältetechnik) Stuttgart,Stuttgart,Split-Klimaanlage - Stuttgart - Kaiser Kälte- und Klimatechnik GmbH,"Klimaanlage für Stuttgart ☎ 07156 480843 - Top Service, effiziente Kühlung. Ihr Experte für Klimaanlagen im Raum Stuttgart. Rufen Sie uns an!",https://kaiserkaelteklima.de/stuttgart/,kaiserkaelteklima.de,no
(Sanitärinstallateur OR Heizungsinstallateur OR Kältetechnik) Stuttgart,Stuttgart,Klimaanlagen für zu Hause und fürs Büro im Raum Ludwigsburg ...,Ihre Klimaanlage für zu Hause und fürs Büro im Raum Ludwigsburg / Stuttgart. Wir installieren bis zu 50 km Rund um Ludwigsburg. Dadurch ist eine effektive ...,https://www.derklimafachmann.de/,derklimafachmann.de,no
(Sanitärinstallateur OR Heizungsinstallateur OR Kältetechnik) Stuttgart,Stuttgart,"Bauer Haustechnik GmbH Stuttgart | Sanitär, Heizung ...","Ihre Aufgabengebiete: · Verlegen von Rohrleitungen für Sanitär- und Heizungsanlagen · Einbau, Reparatur und Wartung von Heizungsanlagen und Gasthermen ...",https://www.bauerhaustechnik.de/,bauerhaustechnik.de,no
(Sanitärinstallateur OR Heizungsinstallateur OR Kältetechnik) Stuttgart,Stuttgart,"Sanitär, Heizung, Klima in Stuttgart – Sanitär, Heizung, Klima","Wir bieten Ihnen alles aus einer Hand und nicht zuletzt eine verlässliche Partnerschaft. Ebenso gehören Sanitäranlagen aller Art, Heizungs- und Klimaanlagen, ...",https://ks-sanitaer-stuttgart.de/,ks-sanitaer-stuttgart.de,no
(Sanitärinstallateur OR Heizungsinstallateur OR Kältetechnik) Stuttgart,Stuttgart,ALDENTE Kälte - Klima GmbH: Home,"Wir sind Ihr Fachpartner für Kälte- Klimatechnik und Lüftungstechnische Anlagen. Wir bieten Ihnen professionelle Beratung, Unterstützung und Umsetzung an.",https://www.aldente-kk.de/,aldente-kk.de,no
(Sanitärinstallateur OR Heizungsinstallateur OR Kältetechnik) Stuttgart,Stuttgart,"Albrecht Sanitär Stuttgart | Bad, Heizung, Sanitär, Kundendienst","Bei Albrecht Sanitär finden Sie kompetente Ansprechpartner: ob Wartung, Reparatur, Kundendienst oder Neuinstallation: bei uns sind Sie jederzeit willkommen.",https://albrechtsanitaer.de/,albrechtsanitaer.de,no
(Sanitärinstallateur OR Heizungsinstallateur OR Kältetechnik) Stuttgart,Stuttgart,Wärmepumpe in Stuttgart und in der Nähe auf der Karte finden,"Janschewski Haustechnik - Ihr Experte für Heizung, Solar, Klima und Sanitär. 70188 Stuttgart, Baden-Württemberg, Deutschland. 85. Daten werden geladen.",https://dezentralo.com/w%C3%A4rmepumpe/stuttgart,dezentralo.com,no
(Sanitärinstallateur OR Heizungsinstallateur OR Kältetechnik) Stuttgart,Stuttgart,"Keller GmbH in Stuttgart - Heizung & Solar, Badsanierung, Klima ...","Als qualifizierter Fachbetrieb beraten wir Sie gerne in allen Fragen zu Heizung & Solar, Badsanierung, Klimaanlagen und Wasserenthärtung.",https://kellergmbh.de/,kellergmbh.de,no
(Sanitärinstallateur OR Heizungsinstallateur OR Kältetechnik) Stuttgart,Stuttgart,E. Luippold GmbH - Ihr Partner für Sanitär & Heizung in Stuttgart,Adresse · E. Luippold GmbH · Zeppelinstrasse 161 · 70193 Stuttgart. Kontakt. Tel: 0711/ 636 65 60; Fax: 0711/ 63 29 98; E-Mail: info@ ...,https://www.luippold-sanitaer.de/,luippold-sanitaer.de,no
(Sanitärinstallateur OR Heizungsinstallateur OR Kältetechnik) Stuttgart,Stuttgart,"LISCHKE Haustechnik GmbH, Start, 70197 Stuttgart",Bad / Sanitär. Von der Badplanung per CAD bis zur Komplettrenovierung sind wir Ihr Ansprechpartner. Wir realisieren Ihr Traumbad mit bodengleichen Duschsystemen ...,https://www.lischke-haustechnik.de/,lischke-haustechnik.de,no
(Sanitärinstallateur OR Heizungsinstallateur OR Kältetechnik) Stuttgart,Stuttgart,"Merkle Sanitär GmbH - Ihr Partner für Sanitär, Bad und Heizung",Moderne Sanitäranlagen und energieeffiziente Wärmelösungen nach Maß sowie zuverlässiger Kundendienst mit schnellen Reaktionszeiten. Bei der Merkle Sanitär ...,https://www.merkle-sanitaer.de/,merkle-sanitaer.de,no
(Sanitärinstallateur OR Heizungsinstallateur OR Kältetechnik) Stuttgart,Stuttgart,GENSMANTEL | Sanitär Meisterbetrieb Stuttgart,"Unser 24/7 Notdienst in Stuttgart ist jederzeit für Sie erreichbar. Schnelle und zuverlässige Hilfe bei Sanitär, Heizung und Wasserschäden. ☎️ 0711-38061218 ...",https://bausanierung-stuttgart.de/,bausanierung-stuttgart.de,no
(Sanitärinstallateur OR Heizungsinstallateur OR Kältetechnik) Stuttgart,Stuttgart,Klima- und Kältetechnik Stuttgart - Stiel Kälte + Klima GmbH,Sie sind auf der Suche nach einer Lösung im Bereich Kältetechnik in Stuttgart? Dann sollten Sie sich näher auf unserer Internetseite umsehen.,https://kaelte-stiel.de/klima-und-kaeltetechnik-stuttgart/,kaelte-stiel.de,no
(Sanitärinstallateur OR Heizungsinstallateur OR Kältetechnik) Stuttgart,Stuttgart,EGELER GmbH – Ihr SHK Fachbetrieb aus Stuttgart-Vaihingen,"Wir sind Ihr Partner für Bad, Heizung und Haustechnik in Stuttgart-Vaihingen. Kontakt Informationen. Vaihinger Markt 17 70563 Stuttgart; 0711 / 90 14 96 · info ...",https://egeler-bad.de/,egeler-bad.de,no
(Sanitärinstallateur OR Heizungsinstallateur OR Kältetechnik) Stuttgart,Stuttgart,Haussmann Heizungsbau: Heizungsbau - Haustechnik Stuttgart,"Wir beraten, helfen bei Angebotseinholungen zu Heizungsbau und Haustechnik, beantragen die Fördermittel bei der KfW oder mit der Bank Ihrer Wahl und ...",https://www.haussmann-heizungsbau.de/,haussmann-heizungsbau.de,no
(Sanitärinstallateur OR Heizungsinstallateur OR Kältetechnik) Stuttgart,Stuttgart,Burkhardt GmbH: Startseite,"Haustechnik vom Profi: Burkhardt GmbH Haustechnik in Stuttgart ✓ Qualität ✓ Zuverlässigkeit ✓ Jetzt Kontakt aufnehmen: 0711 ... Ob Heizung, Sanitär ...",https://burkhardt-haustechnik.de/,burkhardt-haustechnik.de,no
(Sanitärinstallateur OR Heizungsinstallateur OR Kältetechnik) Stuttgart,Stuttgart,mk-stuttgart.de,"Sanitär. Wir gestalten und installieren Bäder, die Komfort, Funktion und Design vereinen. · Heizung. Ob Gas-, Öl- oder Hybridtechnik – wir planen und ...",https://www.mk-stuttgart.de/,mk-stuttgart.de,no
(Sanitärinstallateur OR Heizungsinstallateur OR Kältetechnik) Stuttgart,Stuttgart,Andreas Lutz GmbH,Wir sind Mitglied der Innung Sanitär Heizung Klima. Anschrift. Andreas Lutz GmbH. Kupferstr. 25 70565 Stuttgart Tel 0711 715 61 14 ...,https://al-sanitaer.de/,al-sanitaer.de,no
(Sanitärinstallateur OR Heizungsinstallateur OR Kältetechnik) Stuttgart,Stuttgart,"SANTEC GmbH & Co.KG | Bad, Heizung und Haustechnik","Ihr Handwerksdienstleister in Stuttgart und rund und Umgebung | Beratung, Planung, Installation und Wartung | 3d-Planer | Elements.",https://santechnik.de/,santechnik.de,no
(Sanitärinstallateur OR Heizungsinstallateur OR Kältetechnik) Stuttgart,Stuttgart,Ihre Klimatechnik im Raum Stuttgart - Fröschle + Mäntele GmbH,Klimaanlagen in Stuttgart gesucht? Die Fröschle+Mäntele GmbH bietet effektive & zuverlässige Klimatechnik - Lösungen • Jetzt kontaktieren!,https://www.froeschle-maentele.de/leistungen/klimatisierung/,froeschle-maentele.de,no
(Sanitärinstallateur OR Heizungsinstallateur OR Kältetechnik) Stuttgart,Stuttgart,Heizungsbauer | Stuttgart - Sanitär Heizung Scholz,Die Profis von Sanitär-Heizung Scholz sind Ihre professionellen Heizungsbauer für Stuttgart und Umgebung. Kontaktieren Sie uns für ein unverbindliches ...,https://www.s-h-scholz.de/heizung,s-h-scholz.de,no
(Sanitärinstallateur OR Heizungsinstallateur OR Kältetechnik) Stuttgart,Stuttgart,Nadler Klimatechnik GmbH,"Mit Erfahrung und Know-how kümmern wir uns zuverlässig um Ihre Kälte-, Klima- und Lüftungsanlagen. Wir beraten Sie kompetent im Vorfeld und ...",https://nadler-klimatechnik.de/,nadler-klimatechnik.de,no
(Sanitärinstallateur OR Heizungsinstallateur OR Kältetechnik) Stuttgart,Stuttgart,Schmitt GmbH – Sanitär · Heizung · Klima · Fellbach,"Schmitt GmbH – Ihr Fachbetrieb für Sanitär, Heizung, Klimatechnik und Wasserschaden in Fellbach und dem Großraum Stuttgart. Über 15 Jahre Erfahrung.",https://schmitt-waerme.de/,schmitt-waerme.de,no
(Sanitärinstallateur OR Heizungsinstallateur OR Kältetechnik) Stuttgart,Stuttgart,Ingenieurbueros-fuer-heizung-lueftung-klima Stuttgart in der Nähe,"66 Unternehmen und Lieferanten für Ingenieurbüros für Heizung, Lüftung, Klima ✓Schnell recherchiert ✓Direkt kontaktiert ✓Auf der führenden B2B Marktplatz ...",https://www.wlw.at/de/suche/ingenieurbueros-fuer-heizung-lueftung-klima/stuttgart,wlw.at,no
(Sanitärinstallateur OR Heizungsinstallateur OR Kältetechnik) Stuttgart,Stuttgart,https://stuttgart.branchen-info.net/fp_2839124.php,No information is available for this page. · Learn why,https://stuttgart.branchen-info.net/fp_2839124.php,stuttgart.branchen-info.net,no
(Sanitärinstallateur OR Heizungsinstallateur OR Kältetechnik) Stuttgart,Stuttgart,https://heizungssanitaerfachbetrieb.de/terminanfra...,No information is available for this page. · Learn why,https://heizungssanitaerfachbetrieb.de/terminanfrage-2/,heizungssanitaerfachbetrieb.de,no
(Elektriker OR Gebäudetechnik OR Sicherheitstechnik OR Rohrreinigung) Stuttgart,Stuttgart,Elektriker Stuttgart | Elektrotechnik Seidel | Meisterbetrie,Elektriker in Stuttgart ✓ Kurzfristige Termine ✓ Elektroinstallationen ✓ Reparaturen ✓ Regional ✓ Meisterbetrieb.,https://elektrotechnik-seidel.de/,elektrotechnik-seidel.de,no
(Elektriker OR Gebäudetechnik OR Sicherheitstechnik OR Rohrreinigung) Stuttgart,Stuttgart,Bergmann Elektrotechnik GmbH: Elektroinstallateur in Stuttgart,"Als Elektroinstallateur sind wir Ihr kompetenter Partner in den Bereichen Elektrotechnik, Netzwerktechnik, Fernmeldetechnik, Gebäudetechnik und ...",https://www.elektrostuttgart.de/,elektrostuttgart.de,no
(Elektriker OR Gebäudetechnik OR Sicherheitstechnik OR Rohrreinigung) Stuttgart,Stuttgart,Braun Elektrotechnik GmbH in Stuttgart - Elektroinstallation und mehr,"Ihr Dienstleister für Antennen- und Satellitenanlagen, Elektroinstallation, Daten- und Netzwerktechnik, Licht und Leuchten, Kommunikationstechnik, ...",https://www.braunelektrotechnik.com/,braunelektrotechnik.com,no
(Elektriker OR Gebäudetechnik OR Sicherheitstechnik OR Rohrreinigung) Stuttgart,Stuttgart,"Elektrotechnische Lösungen, Mitarbeitende, Elektriker Stuttgart","Für Privat- und Gewerbekunden sorgen wir für die fachgerechte Elektroinstallation in Neubau, Altbau und bei der Renovierung. Photovoltaik, Stromspeicher, ...",https://www.buerkle-schoeck.de/,buerkle-schoeck.de,no
(Elektriker OR Gebäudetechnik OR Sicherheitstechnik OR Rohrreinigung) Stuttgart,Stuttgart,Elektro-Huiss GmbH - Elektrotechnik aus Stuttgart,Elektro-Huiss GmbH Pfarrstraße 1-3 DE 70182 Stuttgart Telefon +49 (0)711 24 14 84 Telefax +49 (0)711 24 14 45 info@elektro-huiss.de,https://www.elektro-huiss.de/,elektro-huiss.de,no
(Elektriker OR Gebäudetechnik OR Sicherheitstechnik OR Rohrreinigung) Stuttgart,Stuttgart,Gebäudeautomation Smart Building Gewerbe Elektriker Stuttgart,"Wir planen und verwirklichen intelligente und vernetzte Lösungen für Bürogebäude, Verwaltungsgebäude oder Industriegebäude, Einkaufszentren ...",https://www.buerkle-schoeck-elektro.de/gewerbekunden/gebaeudeautomation-smart-building-gewerbe-elektriker-stuttgart/,buerkle-schoeck-elektro.de,no
(Elektriker OR Gebäudetechnik OR Sicherheitstechnik OR Rohrreinigung) Stuttgart,Stuttgart,Schreiber Elektrotechnik | Meisterbetrieb in Stuttgart,"Meisterbetrieb Schreiber Elektrotechnik in Stuttgart für Privat & Gewerbe | Elektrik, Netzwerktechnik, SAT-Anlagen, Beleuchtung, Photovoltaik.",https://schreiber-elektro-technik.de/,schreiber-elektro-technik.de,no
(Elektriker OR Gebäudetechnik OR Sicherheitstechnik OR Rohrreinigung) Stuttgart,Stuttgart,Sachverständige der Innung für Elektro,"Sachverständige der Innung für Elektro- und Informationstechnik Stuttgart. Rolf Gühring, Elektroinstallateurmeister Freihofstraße 25, 70439 Stuttgart",https://www.eh-stuttgart.de/Kontakt/Sachverst%C3%A4ndige.html,eh-stuttgart.de,no
(Elektriker OR Gebäudetechnik OR Sicherheitstechnik OR Rohrreinigung) Stuttgart,Stuttgart,Elektroniker für Energie- und Gebäudetechnik (m/w/d),Elektroniker für Energie- und Gebäudetechnik (m/w/d). Ab sofort | Vollzeit | 38 Stunden/Woche | 20 € Brutto/Stunde. Die Firma Andreas Scherer Elektrotechnik ...,https://www.scherer-elektrotechnik.de/karriere/karriere/elektroniker,scherer-elektrotechnik.de,no
(Elektriker OR Gebäudetechnik OR Sicherheitstechnik OR Rohrreinigung) Stuttgart,Stuttgart,Elektroniker für Energie- und Gebäudetechnik (m/w/d) - Elektro Sever,Vollzeit | Stuttgart ; Handwerklich-technisches Geschick; Eigeninitiative und Entscheidungsfreude; Sorgfalt & Genauigkeit ; Sehr hohe Übernahmechancen und ...,https://www.elektro-sever.de/jobs/jobangebot/elektroniker-fuer-energie-und-gebaeudetechnik,elektro-sever.de,no
(Elektriker OR Gebäudetechnik OR Sicherheitstechnik OR Rohrreinigung) Stuttgart,Stuttgart,Ausbildung zum Elektroniker (m/w/d) für Energie- und Gebäudetechnik,Eine Ausbildung zum Elektroniker für Energie- und Gebäudetechnik bei SCHARR: spezialisiert abwechslungsreich!,https://scharr.de/karriere/ausbildung-studium/gewerbliche-ausbildung/elektroniker-energie,scharr.de,no
(Elektriker OR Gebäudetechnik OR Sicherheitstechnik OR Rohrreinigung) Stuttgart,Stuttgart,Elektriker Stuttgart | Elektroinstallationen und Smart Home,"Erfahrene Elektriker in Stuttgart: Elektroinstallationen, Sanierung, Smart Home, Sicherheitstechnik und Notdienst. Schnell & zuverlässig!",https://www.elektro-bubeck.de/,elektro-bubeck.de,no
(Elektriker OR Gebäudetechnik OR Sicherheitstechnik OR Rohrreinigung) Stuttgart,Stuttgart,Elektriker in Stuttgart,Elektro Lauxmann GmbH - Ihr Top Elektriker in Stuttgart und zuverlässiger Partner für Elekroinstalationen und Klimaanlagen rund um Stuttgart.,https://elektro-lauxmann.de/,elektro-lauxmann.de,no
(Elektriker OR Gebäudetechnik OR Sicherheitstechnik OR Rohrreinigung) Stuttgart,Stuttgart,und Heizungstechnik für den/die Elektrotechnik-Meister/in nach §7a ...,Grundsätzliche Vorschriften und Verordnungen in der Installationstechnik · Heizungstechnik · Trinkwasserinstallationen · Abwasserinstallationen · Gasinstallationen ...,https://www.etz-stuttgart.de/Weiterbildung/Erneuerbare+Energien_+Geb%C3%A4udetechnik/Sanit%C3%A4r_+und+Heizungstechnik+f%C3%BCr+den_die+Elektrotechnik_Meister_in+nach+%C2%A77a+HwO.html,etz-stuttgart.de,no
(Elektriker OR Gebäudetechnik OR Sicherheitstechnik OR Rohrreinigung) Stuttgart,Stuttgart,CS Elektrotechnik: Start,Wir arbeiten in: Haus- und Gebäudetechnik; Gebäude-Automation; KNX; Intelligente Gebäudetechnik – Smart Home; Netzwerk- und Kommunikationstechnik und LWL. Mehr ...,https://cs-elektro-stuttgart.de/,cs-elektro-stuttgart.de,no
(Elektriker OR Gebäudetechnik OR Sicherheitstechnik OR Rohrreinigung) Stuttgart,Stuttgart,Job Servicetechniker /-in Stuttgart,Ihre Aufgaben: Installation und Wartung von elektrischen Anlagen in der Gebäude- und Energietechnik; Kundenbetreuung und -beratung; Eigenständige Durchführung ...,https://www.bsafe-sicherheit.de/unternehmen/karriere/job-servicetechniker-in/,bsafe-sicherheit.de,no
(Elektriker OR Gebäudetechnik OR Sicherheitstechnik OR Rohrreinigung) Stuttgart,Stuttgart,Ebner Gebäudetechnik GmbH & Co. KG - Elektrotechnik,Professionelle Gebäudetechnik in Fellbach . Ebner GmbH: +49 (0) 711 / 3424 8980. Zuverlässige Technik für Ihr Gebäude!,https://ebner-gebaeudetechnik.de/,ebner-gebaeudetechnik.de,no
(Elektriker OR Gebäudetechnik OR Sicherheitstechnik OR Rohrreinigung) Stuttgart,Stuttgart,Elektroniker Gebäudetechnik (m/w/d) / Stuttgart-Untertürkheim,"Sie übernehmen die Wartung, Instandhaltung und Installation elektrotechnischer Anlagen und sorgen für einen sicheren und störungsfreien Betrieb ...",https://de.trenkwalder.com/en-DE/jobs/a0tbI00000fZUZtQAO,de.trenkwalder.com,no
(Elektriker OR Gebäudetechnik OR Sicherheitstechnik OR Rohrreinigung) Stuttgart,Stuttgart,Gebäudetechnik - Juric-Elektrotechnik in Stuttgart,"Gesamte Elektroinstallation sowie Heizung, Beschattung, Klima, Alarmanlage und Zutrittskontrollsysteme in Abhängigkeit voneinander steuern.",https://juric-elektrotechnik.de/leistungen/gebaeudetechnik/,juric-elektrotechnik.de,no
(Elektriker OR Gebäudetechnik OR Sicherheitstechnik OR Rohrreinigung) Stuttgart,Stuttgart,Elektroniker - Elektro Lang GmbH,"Verlegen von Leitungen, Kabeln und Anschlüssen · Durchführen von Prüf- und Messarbeiten · Elektroinstallationsarbeiten in Wohnhäusern · Montagearbeiten in ...",https://www.elektro-lang-gmbh.de/karriere/elektroniker,elektro-lang-gmbh.de,no
(Elektriker OR Gebäudetechnik OR Sicherheitstechnik OR Rohrreinigung) Stuttgart,Stuttgart,Unser Know - how - Elektro Metzger GmbH - Stuttgart,... - und Gebäudetechnik aus. Damit wir auch in Zukunft Spitzenleistungen erbringen können. Aufzugswärterführerschein (TÜV). Auerswald ...,https://www.elektro-metzger.de/ueber-elektro-metzger/qualitaet/,elektro-metzger.de,no
(Elektriker OR Gebäudetechnik OR Sicherheitstechnik OR Rohrreinigung) Stuttgart,Stuttgart,Energie- und Gebäudetechnik – Moderne - Elektro Fischer GmbH,Moderne Gebäudetechnik & Energieeffizienz in Stuttgart & Region ✓ LED-Beleuchtung ✓ Lichtsteuerung ✓ Baustrom ✓ Intelligente Elektrotechnik ✓ Beratung ...,https://www.elektrofischer.eu/leistungen/energie-gebaudetechnik,elektrofischer.eu,no
(Elektriker OR Gebäudetechnik OR Sicherheitstechnik OR Rohrreinigung) Stuttgart,Stuttgart,Branchenverzeichnis: Elektrotechnik in Stuttgart - Handwerkernet,"Die Ältere und Volkstümliche Bezeichnung ist Elektriker. Tätigkeiten: Planung und Bau von Elektrischen Anlagen in Wohnhäusern und Industrieanlagen, Installation ...",https://handwerkernet.de/orte/s/stuttgart/elektrohandwerk_001.html,handwerkernet.de,no
(Elektriker OR Gebäudetechnik OR Sicherheitstechnik OR Rohrreinigung) Stuttgart,Stuttgart,Böhle Elektrotechnik - Stuttgart,Böhle Elektrotechnik ist als Familienunternehmen seit 1960 in und um Stuttgart für unsere Kunden unterwegs. Stets mit dem Anspruch ein zuverlässiger Partner ...,https://www.boehle-elektrotechnik.eu/,boehle-elektrotechnik.eu,no
(Elektriker OR Gebäudetechnik OR Sicherheitstechnik OR Rohrreinigung) Stuttgart,Stuttgart,MC Elektrotechnik GmbH - e-masters - Stuttgart,"Wir sind für Sie rund um die Uhr im Einsatz - wir reparieren, installieren, konfigurieren und sanieren. Ihr Fachbetrieb.",https://www.mc-et.de/,mc-et.de,no
(Elektriker OR Gebäudetechnik OR Sicherheitstechnik OR Rohrreinigung) Stuttgart,Stuttgart,Seibel365 Stuttgart ❤️ Gebäudetechnik für Hausverwaltungen,"Unsere Leistungsbereiche · Elektroinstallation & Elektro-Notdienst · Sanitär-, Heizungs- und Warmwassertechnik (inkl. Notdienst) · Schlüsseldienst / ...",https://seibel-stuttgart.de/,seibel-stuttgart.de,no
(Elektriker OR Gebäudetechnik OR Sicherheitstechnik OR Rohrreinigung) Stuttgart,Stuttgart,Ausbildung Elektroniker FR Energie- und Gebäudetechnik,"Installieren und Konfigurieren von Gebäudesystemtechnik, Energieversorgungsanlagen, Empfangs- und Breitbandkommunikationsanlagen; Konfigurieren und ...",https://www.seger-elektro.de/job/ausbildung-elektroniker-fr-energie-und-gebaeudetechnik/,seger-elektro.de,no
(Elektriker OR Gebäudetechnik OR Sicherheitstechnik OR Rohrreinigung) Stuttgart,Stuttgart,Sicherheitstechnik Elektro in Stuttgart & Umgebung,"Ob Menschen, Gebäude oder Sachwerte: Mit moderner Sicherheitstechnik Elektro schützt Harke Elektrotechnik in Stuttgart & Umgebung, was Ihnen wichtig ist.",https://elektrikerharke.de/leistungen/sicherheitstechnik,elektrikerharke.de,no
(Elektriker OR Gebäudetechnik OR Sicherheitstechnik OR Rohrreinigung) Stuttgart,Stuttgart,Ausbildung als Elektroniker für Gebäudesystemintegration (m/w/d),70191 Stuttgart. 0711 1657-0 0711 1657-222. info@hwk-stuttgart.de · www.hwk-stuttgart.de. Bildungsakademie Handwerkskammer Region Stuttgart Holderäckerstraße 37,"https://www.hwk-stuttgart.de/berufe/elektroniker-fuer-gebaeudesystemintegration-m-w-d-67,0,bazdetail.html?id=1087",hwk-stuttgart.de,no
(Elektriker OR Gebäudetechnik OR Sicherheitstechnik OR Rohrreinigung) Stuttgart,Stuttgart,Hager - GSB Elektrotechnik GmbH in Stuttgart,... Sicherheitstechnik und intelligenter Gebäudesteuerung. Für eine rundum einfache und sichere Installation durch das Elektrohandwerk. Technikzentrale bei GSB ...,https://www.gsb-elektrotechnik.de/produktwelten/hager,gsb-elektrotechnik.de,no
(Elektriker OR Gebäudetechnik OR Sicherheitstechnik OR Rohrreinigung) Stuttgart,Stuttgart,Energie - Naegele Gruppe,Als etabliertes mittelständisches Unternehmen aus dem Raum Stuttgart ... Auf dieser Basis kann die Nägele Gruppe auf dem Feld der Gebäudetechnik selbst ...,https://www.naegele-gruppe.de/leistungsspektrum/energie/,naegele-gruppe.de,no
(Elektriker OR Gebäudetechnik OR Sicherheitstechnik OR Rohrreinigung) Stuttgart,Stuttgart,Elektroniker für Energie- und Gebäudetechnik (m/w/d),... Stuttgart. Wir setzen Ihre Wünsche unter Strom. Wir setzen Ihre Wünsche unter ... Elektroniker für Energie- und Gebäudetechnik (m/w/d). Ab sofort ...,https://www.elektro-grauer.de/karriere/elektroniker,elektro-grauer.de,no
(Elektriker OR Gebäudetechnik OR Sicherheitstechnik OR Rohrreinigung) Stuttgart,Stuttgart,Sanitär- & Elektroanlagen - ALL-Service Dienstleistungen GmbH,Wartung und Reparatur von Sanitärinstallationen · Rohrreinigung und Kanalsanierung ; Elektroinstallationen und -wartung · Beleuchtungssysteme und LED-Umrüstung ; ✓ ...,https://www.allservice.de/leistungen/technische-dienstleistungen/sanitaer-elektro,allservice.de,no
(Elektriker OR Gebäudetechnik OR Sicherheitstechnik OR Rohrreinigung) Stuttgart,Stuttgart,Sicherheitstechnik - uri | Ingenieurbüro Elektrotechnik,Ziel: Zertifizierung aller Projektleiter. Uri GmbH. Ingenieur- und Sachverständigenbüro für Elektrotechnik. Schulze-Delitzsch-Str. 34 70565 Stuttgart. info@ib ...,https://ib-uri.de/leistungsuebersicht/sicherheitstechnik.html,ib-uri.de,no
(Elektriker OR Gebäudetechnik OR Sicherheitstechnik OR Rohrreinigung) Stuttgart,Stuttgart,Meister + Techniker - Robert-Mayer-Schule Stuttgart,"Lehrling, Geselle, Meister! Dieser klassische Bildungsgang im Handwerk ist beileibe nicht überholt. Die bestandene Meisterprüfung berechtigt zur Eintragung ...",https://www.robert-mayer-schule.de/meister-techniker,robert-mayer-schule.de,no
(Elektriker OR Gebäudetechnik OR Sicherheitstechnik OR Rohrreinigung) Stuttgart,Stuttgart,Our services - Maier + Egeler Elektrotechnik GmbH Stuttgart Vaihingen,"Alarmtechnik und Sicherheitstechnik, Rauchwarnmelder und Wartung. Videoüberwachung. Sat-Anlagen, digitaler Satellitenempfang und Antennenanlagen. Ladestationen ...",https://www.me-elektrotechnik.de/unsere-leistungen/,me-elektrotechnik.de,no
(Elektriker OR Gebäudetechnik OR Sicherheitstechnik OR Rohrreinigung) Stuttgart,Stuttgart,Umwelt – Werner Haustechnik GmbH,"Für alle Möglichkeiten einer bedarfsabhängigen, schadstoffarmen Energieerzeugung und Verteilung können wir geeignete Lösungen einsetzen. Auch die Einsparung von ...",https://www.werner-haustechnik.net/umwelt/,werner-haustechnik.net,no
(Sanitärinstallateur OR Heizungsinstallateur OR Kältetechnik) Düsseldorf,Düsseldorf,Haustechnik Kaufmann GmbH: Sanitär Heizung | Düsseldorf,"Haustechnik Kaufmann GmbH ist Ihr zuverlässiger Sanitärinstallateur in Düsseldorf. Sanitär, Wellness, Heizung und Solar - Haustechnik Kaufmann GmbH in Angermund ...",https://www.haustechnik-kaufmann.de/,haustechnik-kaufmann.de,no
(Sanitärinstallateur OR Heizungsinstallateur OR Kältetechnik) Düsseldorf,Düsseldorf,"Kaymer GmbH: Installateur Sanitär Heizung, Düsseldorf","Kaymer GmbH – Ihr Installateur für Sanitär, Heizung und moderne Anlagen zur Nutzung erneuerbarer Energien rund um Düsseldorf.",https://www.kaymer.de/,kaymer.de,no
(Sanitärinstallateur OR Heizungsinstallateur OR Kältetechnik) Düsseldorf,Düsseldorf,Kürten Sanitär und Heizungstechnik | Düsseldorf,"Ihre Spezialisten für Sanitär, Heizung und Klimatechnik und vielem mehr aus Düsseldorf - Kürten Sanitär und Heizungstechnik.",https://www.kuerten-haustechnik.com/,kuerten-haustechnik.com,no
(Sanitärinstallateur OR Heizungsinstallateur OR Kältetechnik) Düsseldorf,Düsseldorf,Sanitär Fuchs | Start,Für mich die erste Adresse für Bad und Heizung in Düsseldorf. Sanitär Fuchs. Sebastian Fuchs - Bad und Heizung GmbH und Co. KG Germaniastr. 15 40223 Düsseldorf,https://www.sanitaerfuchs.de/,sanitaerfuchs.de,no
(Sanitärinstallateur OR Heizungsinstallateur OR Kältetechnik) Düsseldorf,Düsseldorf,Ihr Fachbetrieb für Sanitär & Heizung in Düsseldorf – Willkommen ...,Wir helfen bei der Planung und Realisation Ihrer Idee und Vorstellung. Kontaktieren Sie uns. Ewald Kuhn GmbH - Dorotheenstr. 25 - 40235 Düsseldorf. +49 211 66 ...,https://ewald-kuhn.de/,ewald-kuhn.de,no
(Sanitärinstallateur OR Heizungsinstallateur OR Kältetechnik) Düsseldorf,Düsseldorf,Innung Sanitär Heizung Klima Düsseldorf,Als freiwillige Organisation auf regionaler Ebene vertritt die Innung Sanitär Heizung Klima Düsseldorf die Fachinteressen ihrer Mitglieder im Sinne ...,https://www.shk-duesseldorf.de/,shk-duesseldorf.de,no
(Sanitärinstallateur OR Heizungsinstallateur OR Kältetechnik) Düsseldorf,Düsseldorf,Carrier Installer Finder for Düsseldorf and surroundings,Wir haben 25 Installateure in Düsseldorf und Umgebung gefunden! Bitte füllen Sie das Formular aus - Wir verbinden Sie mit einem oder mehreren Installateuren in ...,https://www.carrier.de/de/wohngebaeude/kontakt/partner-vor-ort-suche.suffix.html/areaId=D%C3%BCsseldorf.html,carrier.de,no
(Sanitärinstallateur OR Heizungsinstallateur OR Kältetechnik) Düsseldorf,Düsseldorf,"Heizung, Bad & Klima – Kurt Kirschbaum GmbH Düsseldorf","Innungs-Fachhandwerk für Sanitär- Heizungs- und Klimatechnik in Düsseldorf-Unterbilk, Experte für Badplanung, Wärmepumpen, Klimaanlage, Gasheizung, ...",https://kirschbaum-gmbh.de/,kirschbaum-gmbh.de,no
(Sanitärinstallateur OR Heizungsinstallateur OR Kältetechnik) Düsseldorf,Düsseldorf,"Meisterbetrieb Servicecenter | Horst Schmitz, Düsseldorf","Mehr als 50 Jahre Horst Schmitz: Individuelle Meisterberatung für Gas- und Wasserinstallation, Heizungsanlagen- und Lüftungsbau und Sanitärinstallation und ...",https://www.horst-schmitz.de/,horst-schmitz.de,no
(Sanitärinstallateur OR Heizungsinstallateur OR Kältetechnik) Düsseldorf,Düsseldorf,Thiele Kältetechnik: Klimatechnik | Düsseldorf,"Ihr Meisterbetrieb für erstklassige Kältetechnik und innovative Lösungen seit über 48 Jahren – für Düsseldorf,. ﻿Neuss, Kaarst, Meerbusch, Mettmann und ganz ...",https://www.thiele-kaeltetechnik.de/,thiele-kaeltetechnik.de,no
(Sanitärinstallateur OR Heizungsinstallateur OR Kältetechnik) Düsseldorf,Düsseldorf,Kälte-Klima-Technik Doubaras GmbH,"Wir sind Ihr Kälte- und Klimatechnik Experte aus Düsseldorf. Seit 35 Jahren führen wir Neumontagen, Wartungen und Instandsetzungen von Kälte ...",https://www.klima-kaeltetechnik-duesseldorf.de/,klima-kaeltetechnik-duesseldorf.de,no
(Sanitärinstallateur OR Heizungsinstallateur OR Kältetechnik) Düsseldorf,Düsseldorf,Schöne Sanitär • Heizung: Heiztechnik Badgestaltung Düsseldorf,Schöne Sanitär • Heizung - Ihrem Meisterbetrieb für moderne Heiztechnik und individuelle Bäder aus Düsseldorf! Seit über 30 Jahren stehen wir Ihnen im Großraum ...,https://www.schoene-waerme.de/,schoene-waerme.de,no
(Sanitärinstallateur OR Heizungsinstallateur OR Kältetechnik) Düsseldorf,Düsseldorf,Niepmann GmbH - Meisterbetrieb Heizung & Sanitär Düsseldorf,"Willkommen bei der Niepmann GmbH, Ihrem Meisterbetrieb für die Heizung und Sanitär in Düsseldorf seit 1907. Planung, Design, Installation und Optimierung.",https://www.niepmann.gmbh/,niepmann.gmbh,no
(Sanitärinstallateur OR Heizungsinstallateur OR Kältetechnik) Düsseldorf,Düsseldorf,"Fachbetrieb für Sanitär, Heizung u. Lüftung in Düsseldorf","Halbig + Kopfer GmbH – Fachbetrieb für Heizung, Lüftung, Kälte, Klima und Sanitäranlagen in Düsseldorf und Umgebung.",https://www.kopfergruppe.de/,kopfergruppe.de,no
(Sanitärinstallateur OR Heizungsinstallateur OR Kältetechnik) Düsseldorf,Düsseldorf,Alexander Hebing Bad & Wärme GmbH & Co. KG in Düsseldorf,"Alexander Hebing: Ihr Experte für Luft-Wasser-Wärmepumpen, Badsanierung, Heizwasseraufbereitung und Gasheizung in Düsseldorf und Umgebung.",https://hebing.de/,hebing.de,no
(Sanitärinstallateur OR Heizungsinstallateur OR Kältetechnik) Düsseldorf,Düsseldorf,Installateur für Sanitär & Heizung - Badsanierung Düsseldorf,Sanitär & Haustechnik in Düsseldorf und Umgebung ✓ Kontakt:☎ 0211/203020 ✓ Heizungserneuerung ✓ Badmodernisierung ✓ Seit über 35 Jahren.,https://www.spanke-haustechnik.de/de,spanke-haustechnik.de,no
(Sanitärinstallateur OR Heizungsinstallateur OR Kältetechnik) Düsseldorf,Düsseldorf,Daniel Müller Installateur- und Heizungsbaumeister - Meisterbetrieb ...,"Daniel Müller Installateur- und Heizungsbaumeister - Wir sind ein, seit 1935 bestehender, Meisterbetrieb für Heizungs- und Sanitärtechnik.",https://danielmueller-shk.de/,danielmueller-shk.de,no
(Sanitärinstallateur OR Heizungsinstallateur OR Kältetechnik) Düsseldorf,Düsseldorf,"SHK Lange GmbH, Start, 40472 Düsseldorf","Bad & Sanitär. Von der Badplanung bis zur Komplettrenovierung sind wir Ihr Ansprechpartner. Wir realisieren Ihr Traumbad mit bodengleichen Duschsystemen, ganz ...",https://www.shklange.de/,shklange.de,no
(Sanitärinstallateur OR Heizungsinstallateur OR Kältetechnik) Düsseldorf,Düsseldorf,Installateur in Düsseldorf | Sanitär Heizung Klima Schmitz,Sanitär & · Heizung · Haustechnik aus Leidenschaft · Alles rund ums Bad · Gemütlich warm · Haben Sie Fragen? Wir sind für Sie da. 0211 478150 info@shk-schmitz.,https://www.shk-schmitz.de/,shk-schmitz.de,no
(Sanitärinstallateur OR Heizungsinstallateur OR Kältetechnik) Düsseldorf,Düsseldorf,Ihr Klimatechnik Meisterbetrieb Düsseldorf | Fings Kälte • Klima,"Wir montieren & warten Klimaanlagen für Privathaushalte, Gewerbe & Industrie in Düsseldorf. Dabei stehen wir für Zuverlässigkeit & Qualität.",https://www.fings-kaelte-klima.de/,fings-kaelte-klima.de,no
(Sanitärinstallateur OR Heizungsinstallateur OR Kältetechnik) Düsseldorf,Düsseldorf,Szlachta Sanitär Heizung Klima im Raum Düsseldorf,"Willkommen bei Szlachta GmbH. Ihr Partner für Sanitär, Heizung, Klima und Solar im Raum Düsseldorf und NRW · Seit über 30 Jahren - Bäder • Heiztechnik • Service.",https://www.szlachta-gmbh.de/,szlachta-gmbh.de,no
(Sanitärinstallateur OR Heizungsinstallateur OR Kältetechnik) Düsseldorf,Düsseldorf,"COX GmbH Düsseldorf | Sanitär, Heizung & Lüftung | Seit 70 Jahren","COX GmbH Düsseldorf: Über 70 Jahre Kompetenz für Ihre Sanitär-, Heizungs- und Lüftungsanlagen. · Notdienst · Badsanierung · Gasheizung. Modernisierung, Wartung ...",https://coxgmbh-duesseldorf.de/,coxgmbh-duesseldorf.de,no
(Sanitärinstallateur OR Heizungsinstallateur OR Kältetechnik) Düsseldorf,Düsseldorf,Sanitär in Düsseldorf,Sanitär in Düsseldorf ▶️ 158 Sanitär mit Bewertungen ▶️ Adressen ▶️ Telefonnummern ▶️ Öffnungszeiten - Sanitär in Düsseldorf bei Düsseldorfer Branchen.,https://www.branchen-duesseldorf.de/sanitaer/duesseldorf/,branchen-duesseldorf.de,no
(Sanitärinstallateur OR Heizungsinstallateur OR Kältetechnik) Düsseldorf,Düsseldorf,Rainer Krauss GmbH – Ihr Fachpartner für Sanitär und Heizung,Adresse. Bahlenstraße 58. 40589 Düsseldorf. Öffnungszeiten. MO.- DO. - 08:30 - 16:00 Uhr. FR. 08:30 - 14:30 Uhr. Impressum · Datenschutz. © 2024 Rainer Krauss ...,https://rainer-krauss.de/,rainer-krauss.de,no
(Sanitärinstallateur OR Heizungsinstallateur OR Kältetechnik) Düsseldorf,Düsseldorf,Sanitär- und Heizungstechnik Bergmann - Heizung - Sanitär ...,Sanitär- und Heizungstechnik Bergmann in Düsseldorf. Profitieren Sie von unserer langjährigen Erfahrung und unserem qualifizierten Service.,https://www.bergmann-sanitaer.de/index.html,bergmann-sanitaer.de,no
(Sanitärinstallateur OR Heizungsinstallateur OR Kältetechnik) Düsseldorf,Düsseldorf,Kohlmann & Boddem GmbH | Sanitär / Heizung / Grosshandel: K & B,"Wir sind der kleine aber feine Sanitär- und Heizungsgroßhandel im Düsseldorfer Norden. 1951 von Alfons Kohlmann und Hans Boddem gegründet, stehen wir auch heute ...",https://www.kb-bad.de/,kb-bad.de,no
(Sanitärinstallateur OR Heizungsinstallateur OR Kältetechnik) Düsseldorf,Düsseldorf,K&S Heizung und Sanitär GmbH,"K&S in Düsseldorf bietet Ihnen ein breites Leistungsspektrum. Wartung✓, Instandsetzung✓, Sanierung✓, Klimaanlagen✓, uvm Rufen Sie jetzt an.",https://ks-heizung.com/,ks-heizung.com,no
(Sanitärinstallateur OR Heizungsinstallateur OR Kältetechnik) Düsseldorf,Düsseldorf,Sanitaer Heizung Klima - Hansen & Arbeiter,"Ihr Fachbetrieb in Düsseldorf für Komplettbäder, Sanitär, Heizung, Elektrotechnik, Umbau & Sanierung auch nach Brand- und Wasserschäden.",https://www.hansen-arbeiter.de/leistungen/sanitaer-heizung-klima,hansen-arbeiter.de,no
(Sanitärinstallateur OR Heizungsinstallateur OR Kältetechnik) Düsseldorf,Düsseldorf,Fachhandwerksbetriebe DüSSELDORF - fachbetrieb-shk.de,"Es wurden 199 Innungsfachbetriebe gefunden: ; Daniel Müller Sanitär- u. Heizungstechnik. Fürstenwall 177, 40215 Düsseldorf. 0211 376156 ; Blumenrath & Cönen GmbH",https://www.fachbetrieb-shk.de/duesseldorf/,fachbetrieb-shk.de,no
(Sanitärinstallateur OR Heizungsinstallateur OR Kältetechnik) Düsseldorf,Düsseldorf,"Nolte Haustechnik, Düsseldorf: Moderne Sanitär- und ...","Ob Heizungsanlage auf Basis erneuerbarer Rohstoffe, individuell geplantes Traumbad oder regelmäßiger Wartungsservice – bei uns finden garantiert auch Sie Ihr ...",https://www.nolte-haustechnik.de/,nolte-haustechnik.de,no
(Sanitärinstallateur OR Heizungsinstallateur OR Kältetechnik) Düsseldorf,Düsseldorf,SHT Düsseldorf – Ihr zuverläßiger Partner in Düsseldorf,Auch bei Fragen zur Trinkwasserhygiene stehen wir Ihnen als zertifiziertes Unternehmen zur Seite. Heizung. Moderne und effiziente Heizungsanlagen gehören heute ...,https://sht-duesseldorf.de/,sht-duesseldorf.de,no
(Sanitärinstallateur OR Heizungsinstallateur OR Kältetechnik) Düsseldorf,Düsseldorf,"SHK-Beckert: Badsanierung, Heizung und Klima in Erkrath","Ihr Fachmann für Badezimmer, Heizungen und Klimaanlagen in Erkrath, Düsseldorf und Umgebung ... Mit uns finden Sie immer die optimale Lösung für Ihre vier Wände ...",https://www.shk-beckert.de/,shk-beckert.de,no
(Sanitärinstallateur OR Heizungsinstallateur OR Kältetechnik) Düsseldorf,Düsseldorf,Kälte Klima Düsseldorf,"Wir bieten Ihnen die Installation und Wartung von Kühlanlagen für Industrie, Gewerbe und Medizin. Auch in Haus und Wohnung und im Bereich Büro und EDV werden ...",https://www.serviceteam-kaelte-klima-duesseldorf.de/,serviceteam-kaelte-klima-duesseldorf.de,no
(Sanitärinstallateur OR Heizungsinstallateur OR Kältetechnik) Düsseldorf,Düsseldorf,Becker Sanitär – Gas – Wasser – Heizung – Sanitär,Gas-Wasser-Heizung-Sanitär Aderdamm 34 40221 Düsseldorf Telefon: +49 (0) 211 – 731 74 270 beckerrobert@online.de · Kontaktformular. Copyright © 2019 - Robert ...,https://xn--becker-sanitr-mfb.de/,xn--becker-sanitr-mfb.de,no
(Sanitärinstallateur OR Heizungsinstallateur OR Kältetechnik) Düsseldorf,Düsseldorf,Professionelle Haustechnik aus einer Hand: K&S Heizung u. Sanitär ...,Die K&S Heizung u. Sanitär GmbH in Düsseldorf bietet Ihnen einen umfassenden Service rund ums Haus. Das Team besteht aus erfahrenen Spezialisten ...,https://duesseldorf-haustechnik.de/,duesseldorf-haustechnik.de,no
(Sanitärinstallateur OR Heizungsinstallateur OR Kältetechnik) Düsseldorf,Düsseldorf,CHI - Sanitär - und Heizungsbau GmbH & Co. KG · LokalesHandwerk,"... & Co. KG, Fachbetrieb der Innung Sanitär Heizung Klima Düsseldorf der Kreishandwerkerschaft Düsseldorf in Düsseldorf Flingern Nord.",https://www.lokaleshandwerk.de/betrieb/chi-sanitar-und-heizungsbau-gmbh-co-kg-dusseldorf,lokaleshandwerk.de,no
(Elektriker OR Gebäudetechnik OR Sicherheitstechnik OR Rohrreinigung) Düsseldorf,Düsseldorf,Rohr- & Kanalreinigung Düsseldorf | Rohrreinigung Neuhausen,Wir sind Ihr zuverlässiger Rohrreinigungs-Service in Düsseldorf. Vereinbaren Sie einen Termin oder kontaktieren Sie unseren 24h-Notdienst: ☎ 0211-26108000.,https://neuhausen-rohrreinigung.de/,neuhausen-rohrreinigung.de,no
(Elektriker OR Gebäudetechnik OR Sicherheitstechnik OR Rohrreinigung) Düsseldorf,Düsseldorf,Rohr Cleaner: Nr.1 Rohrreinigungsfirma Düsseldorf,"Die verlässliche Rohrreinigungsfirma in Düsseldorf und Umgebung, 24/7 Notdienst, faire Preise und erstklassiger Service! Zahlung erst nach Erfolg! Kostenlos ...",https://rohrcleaner.de/,rohrcleaner.de,no
(Elektriker OR Gebäudetechnik OR Sicherheitstechnik OR Rohrreinigung) Düsseldorf,Düsseldorf,Dülken Gmbh: Home,"Willkommen bei der Abfluss- und Rohrreinigung Dülken GmbH – Ihrem Experten für Rohrreinigung, Kanalreinigung und Sanierungskonzepte in Düsseldorf, ...",https://www.duelken-gmbh.de/home/,duelken-gmbh.de,no
(Elektriker OR Gebäudetechnik OR Sicherheitstechnik OR Rohrreinigung) Düsseldorf,Düsseldorf,Rohr- und Kanalreinigung,Ihre Rohrreinigung für Düsseldorf und Umgebung. Es ist immer nur eine Frage ... 40595 Düsseldorf. E-Mail: info@rohrfuchs.nrw. Telefon: 0211 / 56 66 68 00.,https://www.rohrfuchs.nrw/,rohrfuchs.nrw,no
(Elektriker OR Gebäudetechnik OR Sicherheitstechnik OR Rohrreinigung) Düsseldorf,Düsseldorf,Rohrreinigung Düsseldorf und Umgebung – Sanitärdienst RRR24,"24h Service bei Rohrverstopfungen aller Art:0203 / 519 210 10 ... Die RRR24-Spezialisten für Rohrreinigung in Düsseldorf lösen Ihr Problem zuverlässig, gründlich ...",https://www.rrr24.de/rohrreinigung/duesseldorf/,rrr24.de,no
(Elektriker OR Gebäudetechnik OR Sicherheitstechnik OR Rohrreinigung) Düsseldorf,Düsseldorf,Rohr Cleaner - Rohrreinigung Düsseldorf Photos - Yelp,"Specialties: Rohr Cleaner - Wir machen Schluss mit verstopften Leitungen! Rohrreinigung, Absaugarbeiten und Inspektion in Düsseldorf und Umgebung.",https://www.yelp.com/biz/rohr-cleaner-rohrreinigung-d%C3%BCsseldorf-d%C3%BCsseldorf,yelp.com,no
(Elektriker OR Gebäudetechnik OR Sicherheitstechnik OR Rohrreinigung) Düsseldorf,Düsseldorf,Ihr Meister Elektro-Partner aus Düsseldorf!,"Beleuchtung und Steckdosen, Heizungsanlagen, Anlagen zur Stromerzeugung, Bau/Einbau von Zählerschränken und Datenverbindungen. Jetzt anrufen!",https://www.elektrotechnik-arnold.de/,elektrotechnik-arnold.de,no
(Elektriker OR Gebäudetechnik OR Sicherheitstechnik OR Rohrreinigung) Düsseldorf,Düsseldorf,Rohrreinigung in Düsseldorf - 24 Stunden Service - Hannecke GmbH,Fachgerechte Rohreinigung in Düsseldorf | Umweltschonend ✓ Rund um die Uhr verfügbar ✓ | Jetzt unter 0800 42663253 kontaktieren!,https://www.hannecke-gmbh.de/rohrreinigung-duesseldorf/,hannecke-gmbh.de,no
(Elektriker OR Gebäudetechnik OR Sicherheitstechnik OR Rohrreinigung) Düsseldorf,Düsseldorf,Rohr- und Abflussreinigung Düsseldorf | EnGew – schnell & fair,"Rohrreinigung & Abflussreinigung in Düsseldorf. EnGew beseitigt Verstopfungen schnell, sauber und fair. Jetzt anrufen und Termin sichern!",https://engew.de/regionale/gebaeudereinigung-duesseldorf/rohrreinigung-duesseldorf/,engew.de,no
(Elektriker OR Gebäudetechnik OR Sicherheitstechnik OR Rohrreinigung) Düsseldorf,Düsseldorf,Elektroinstallation & Gebäudesystemtechnik Düsseldorf,"Ihr Partner für Elektroinstallation und Gebäudesystemtechnik in Düsseldorf! ✓ Ob Rauchmelder, Elektroinstallation, Türsprechanlagen, Beleuchtung, Sanierung.",https://www.jaeger-elektrotechnik-duesseldorf.de/,jaeger-elektrotechnik-duesseldorf.de,no
(Elektriker OR Gebäudetechnik OR Sicherheitstechnik OR Rohrreinigung) Düsseldorf,Düsseldorf,Jobs – Elektriker Düsseldorf - Schmidt Elektrotechnik,Wir suchen ab sofort eine Elektro-Fachkraft Energie und Gebäudetechnik (m/w/d) zur Verstärkung unseres Teams bei Schmidt Elektrotechnik. Ihre Aufgaben: Planung ...,https://schmidtelektrotechnik.de/jobs/,schmidtelektrotechnik.de,no
(Elektriker OR Gebäudetechnik OR Sicherheitstechnik OR Rohrreinigung) Düsseldorf,Düsseldorf,Elektrotechniker/in - Meisterschule - Handwerkskammer Düsseldorf,"Termine, Gebühren, Anmeldung. Lehrgangsorte: Vollzeit: Düsseldorf Teilzeit: Düsseldorf, Duisburg* (oder alternativ westl. Ruhrgebiet) und Oberhausen*","https://www.hwk-duesseldorf.de/artikel/elektrotechniker-in-meisterschule-31,0,3370.html",hwk-duesseldorf.de,no
(Elektriker OR Gebäudetechnik OR Sicherheitstechnik OR Rohrreinigung) Düsseldorf,Düsseldorf,Ausbildungsplätze Energie- und Gebäudetechnik Düsseldorf,Ausbildungsplätze Düsseldorf Energie- und Gebäudetechnik: Aktuelle Lehrstellen und Ausbildungsstellen für Energie- und Gebäudetechnik in Düsseldorf und ...,https://www.jobs-in-duesseldorf.de/ausbildung/energie-und-gebaeudetechnik-duesseldorf,jobs-in-duesseldorf.de,no
(Elektriker OR Gebäudetechnik OR Sicherheitstechnik OR Rohrreinigung) Düsseldorf,Düsseldorf,Elektrotechnik & Gebäudetechnik Düsseldorf | GOTTWALDBACH,"Elektrotechnik & Gebäudetechnik nahe Düsseldorf: Wir bieten Stahlbau, Konstruktion und mehr. Vertrauen Sie auf GOTTWALDBACH für innovative Technik.",https://www.gottwaldbach.de/elektrotechnik-gebaudetechnik-dusseldorf,gottwaldbach.de,no
(Elektriker OR Gebäudetechnik OR Sicherheitstechnik OR Rohrreinigung) Düsseldorf,Düsseldorf,Elektroniker/in Energie- und Gebäudetechnik - henko-service.de,"Wir bieten unseren Kunden professionelle Elektroinstallationen, Wartungen und Sanierungen in Wohn- und Gewerbeimmobilien. Zur Verstärkung unseres Teams suchen ...",https://www.henko-service.de/jobs/elektroniker-energie-und-gebaudetechnik/,henko-service.de,no
(Elektriker OR Gebäudetechnik OR Sicherheitstechnik OR Rohrreinigung) Düsseldorf,Düsseldorf,Elektriker *in / Elektroniker *in für Instandhaltung in der Betriebs,Für unseren Standort in Düsseldorf Benrath suchen wir zum nächstmöglichen Zeitpunkt tatkräftige Unterstützung. Das bieten wir dir: Unbefristete Anstellung ...,https://konecranes.careers/job/elektriker-in-elektroniker-in-fuer-instandhaltung-in-der-betriebs-und-gebaeudetechnik-in-duesseldorf-nrw-germany-jid-208,konecranes.careers,no
(Elektriker OR Gebäudetechnik OR Sicherheitstechnik OR Rohrreinigung) Düsseldorf,Düsseldorf,Stellenangebot: Elektroniker für Energie - Düsseldorf - Job2Top,Im Kundenauftrag suchen wir Elektroniker für Energie- und Gebäudetechnik (m/w/d) für den Standort Düsseldorf im Rahmen der Arbeitnehmerüberlassung mit ...,https://www.job2top.de/stellenangebot/job/details/elektroniker-fuer-energie-und-gebaeudetechnik-mwx,job2top.de,no
(Elektriker OR Gebäudetechnik OR Sicherheitstechnik OR Rohrreinigung) Düsseldorf,Düsseldorf,"Elektriker Düsseldorf – Gewerbe, BMA & DGUV-Prüfung - elektroVISIO",elektroVISIO ist Ihr Elektriker in Düsseldorf. Von der normkonformen Elektroinstallation über Brandmeldeanlagen (DIN 14675) bis zu Baustrom und wiederkehrenden ...,https://elektrovisio.de/standorte/elektriker-duesseldorf/,elektrovisio.de,no
(Elektriker OR Gebäudetechnik OR Sicherheitstechnik OR Rohrreinigung) Düsseldorf,Düsseldorf,Elektriker Düsseldorf - & Gebäudetechnik,"24/7 Elektro-Notdienst für Stromausfälle, defekte Sicherungen, Kurzschlüsse und andere elektrische Notfälle. Schnelle Hilfe innerhalb von 30-60 Minuten.",https://sp-energietechnik.de/,sp-energietechnik.de,no
(Elektriker OR Gebäudetechnik OR Sicherheitstechnik OR Rohrreinigung) Düsseldorf,Düsseldorf,Elektroniker Energie u. Gebäudetechnik Jobs Düsseldorf - Joblift.de,Finden Sie aktuelle Elektroniker für Energie und Gebäudetechnik Stellenangebote in Düsseldorf mit Joblift. Jetzt suchen und einfach bewerben.,https://joblift.de/jobs/elektroniker-energie-gebaeudetechnik/in-duesseldorf/,joblift.de,no
(Elektriker OR Gebäudetechnik OR Sicherheitstechnik OR Rohrreinigung) Düsseldorf,Düsseldorf,[PDF] SAGA Handwerkerliste,eCheckzertifizierung. •. Albert Obermeyer GmbH Elektroinstallateurbetrieb. •. Klaus-Dieter Cyrys Elektrotechnikerbetrieb. •. Elektro Rhefus.,https://www.duesseldorf.de/fileadmin/Amt19/saga/pdf_alt/saga_handwerkerliste_echeck.pdf,duesseldorf.de,no
(Elektriker OR Gebäudetechnik OR Sicherheitstechnik OR Rohrreinigung) Düsseldorf,Düsseldorf,Gebäudetechnik Kippes | Elektro | Sanitär | Heizung | Klimatechnik,Ob lang geplanter Badumbau oder die dringende Reparatur Ihrer Heizung – am besten rufen Sie uns einfach an. Unter +49 (2131) 402090 sind wir für Sie da.,https://kippes-haustechnik.de/,kippes-haustechnik.de,no
(Elektriker OR Gebäudetechnik OR Sicherheitstechnik OR Rohrreinigung) Düsseldorf,Düsseldorf,Jobs als Elektriker/-in Gebäudetechnik in Düsseldorf - jobanzeigen.de,5 Jobs zur Suche nach Elektriker/-in Gebäudetechnik in Düsseldorf online · Servicetechniker:in (m/w/d) Technisches Gebäudemanagement · Elektriker (m/w/d) für ...,https://www.jobanzeigen.de/elektriker-gebaeudetechnik-in-duesseldorf,jobanzeigen.de,no
(Elektriker OR Gebäudetechnik OR Sicherheitstechnik OR Rohrreinigung) Düsseldorf,Düsseldorf,ESS Elektroinstallations GmbH: Gebäudetechnik,"Wir bieten Ihnen individuelle Lösungen in der Gebäudeautomation, Netzwerktechnik, Regel- und Steuerungstechnik, Kälte- und Klimatechnik.",https://ess-service.de/,ess-service.de,no
(Elektriker OR Gebäudetechnik OR Sicherheitstechnik OR Rohrreinigung) Düsseldorf,Düsseldorf,Professionelle Elektroinstallation | Baranowski & Stefanac GbR,Wir sind Ihr Elektriker aus Düsseldorf wenn es um professionelle und kostengünstige Elektroinstallationen geht. Jetzt informieren.,https://www.alphaelektrotechnik.de/elektro/elektroinstallation,alphaelektrotechnik.de,no
(Elektriker OR Gebäudetechnik OR Sicherheitstechnik OR Rohrreinigung) Düsseldorf,Düsseldorf,"Elektro Waggershauser GmbH,Düsseldorf stellt sich vor.",Jörg Waggershauser Elektroanlagen GmbH · Elektroinstallation bei Altbausanierung · Klingel-Türsprech-und Videoanlagen · Netzwerktechnik · Einbruch-Meldeanlagen ...,https://www.elektrowaggershauser.de/,elektrowaggershauser.de,no
(Elektriker OR Gebäudetechnik OR Sicherheitstechnik OR Rohrreinigung) Düsseldorf,Düsseldorf,Alle Jobs Sicherheitstechnik Düsseldorf,staatl. gepr. Techniker & Meister (m/w/d) ✓ Servicetechniker Job (m/w/d) ✓ Elektroniker (m/w/d) | alle aktuellen Jobs Sicherheitstechnik ...,https://www.wellmann-sicherheitstechnik.de/hilden/,wellmann-sicherheitstechnik.de,no
(Elektriker OR Gebäudetechnik OR Sicherheitstechnik OR Rohrreinigung) Düsseldorf,Düsseldorf,Hilgers Elektrotechnik - Home,"Ihr Elektrotechnikermeister in Düsseldorf und NRW. Jetzt anrufen ... Unsere Elektriker nehmen regelmäßig an Fortbildungen teil, um sich mit den ...",https://chhilgers.de/home/,chhilgers.de,no
(Elektriker OR Gebäudetechnik OR Sicherheitstechnik OR Rohrreinigung) Düsseldorf,Düsseldorf,Rhein Elektrik GmbH,Wir bieten zuverlässige Lösungen rund um Strom – von klassischen Elektroinstallationen über Sicherheitstechnik und Netzwerktechnik bis hin zu moderner ...,https://rheinelectric.de/,rheinelectric.de,no
(Elektriker OR Gebäudetechnik OR Sicherheitstechnik OR Rohrreinigung) Düsseldorf,Düsseldorf,Die KÖNIG GmbH - Düsseldorf,"Lieferung der Mess-, Steuer- und Regelungstechnik für die gesamte Gebäudeautomation einschließlich der Sicherheitstechnik. Wiederkehrende Prüfungen nach LBO.",https://www.koenig-gruppe.de/,koenig-gruppe.de,no
(Elektriker OR Gebäudetechnik OR Sicherheitstechnik OR Rohrreinigung) Düsseldorf,Düsseldorf,Leistungen - dus2b Bauleistungen GmbH,"Elektriker Düsseldorf. vor 3 Monaten. Elektriker · Elektro Düsseldorf. vor 3 ... Treppen, Geländer, Stahlkonstruktionen und Sicherheitstechnik. Umsetzung ...",https://dus2b.de/leistungen/,dus2b.de,no
(Elektriker OR Gebäudetechnik OR Sicherheitstechnik OR Rohrreinigung) Düsseldorf,Düsseldorf,Gebäudetechnik | Elektro Obermeyer aus Düsseldorf,"Moderne Gebäudetechnik vom Meisterbetrieb Elektro Obermeyer aus Düsseldorf für höchsten Komfort. Einsparung bei den Steuerleitungen, Reduzierung der ...",https://www.obermeyer-elektro.de/gebaeudetechnik.html,obermeyer-elektro.de,no
(Elektriker OR Gebäudetechnik OR Sicherheitstechnik OR Rohrreinigung) Düsseldorf,Düsseldorf,Elektroinstallation aus Düsseldorf,"Durch bestens geschultes Personal, gute Produktkenntnisse, Profiwerkzeug und unsere jahrelange Erfahrung sind wir die Elektriker aus Düsseldorf, die Ihnen ...",https://www.crombach-shk.de/elektro/elektroinstallation,crombach-shk.de,no
(Elektriker OR Gebäudetechnik OR Sicherheitstechnik OR Rohrreinigung) Düsseldorf,Düsseldorf,Michael Schiefke Haustechnik - e-masters - Düsseldorf,"Wir sind für Sie rund um die Uhr im Einsatz - wir reparieren, installieren, konfigurieren und sanieren. Ihr e-masters Fachbetrieb.",https://www.schiefke-haustechnik.de/,schiefke-haustechnik.de,no
(Elektriker OR Gebäudetechnik OR Sicherheitstechnik OR Rohrreinigung) Düsseldorf,Düsseldorf,Rohrreinigung & Notdienst Düsseldorf – 24 h vor Ort,"Schnelle Vermittlung an qualifizierte Fachbetriebe in Düsseldorf und Umgebung. Wir lösen jedes Abwasserproblem – fair, transparent und sofort vor Ort. call ...",https://www.rohrprofisofort.de/staedte/duesseldorf/,rohrprofisofort.de,no
(Elektriker OR Gebäudetechnik OR Sicherheitstechnik OR Rohrreinigung) Düsseldorf,Düsseldorf,Alle Rohrreinigungs-Leistungen in Düsseldorf M.A Connect Electric,Unser Leistungsspektrum deckt alle Bereiche moderner Elektrotechnik ab – von Neubau und Sanierung über nachhaltige Energielösungen bis hin zu Prüfung und ...,https://connect-electric.de/rohrreinigung-duesseldorf/,connect-electric.de,no
(Elektriker OR Gebäudetechnik OR Sicherheitstechnik OR Rohrreinigung) Düsseldorf,Düsseldorf,Betriebe - Gebäudedienstleister Düsseldorf & Kreis Neuss,Individuelle Beratung zu unseren Leistungen und geeigneten Reinigungsverfahren; Zuverlässige und qualifizierte Mitarbeiter; Einweisung der Mitarbeiter am Objekt ...,https://gebaeudedienstleister-duesseldorf.de/betriebe/,gebaeudedienstleister-duesseldorf.de,no
(Elektriker OR Gebäudetechnik OR Sicherheitstechnik OR Rohrreinigung) Düsseldorf,Düsseldorf,Seddiki Haustechnik GmbH - Ihr zuverlässiger Elektriker in Düsseldorf,"Seddiki Haustechnik Elektro- & Sanitär Notdienst in NRW. Schnelle Hilfe, wenn Sie uns brauchen. Ob Stromausfall, Kurzschluss, Rohrbruch, Wasserschaden oder ...",https://www.seddiki-haustechnik.de/,seddiki-haustechnik.de,no
(Elektriker OR Gebäudetechnik OR Sicherheitstechnik OR Rohrreinigung) Düsseldorf,Düsseldorf,Heizungsinstallateure und Sanitärinstallateure in Düsseldorf,"Nehmen Sie Kontakt zu den Sanitär- und Heizungsinstallateuren der Michael Thiet GmbH auf, Ihrem Ansprechpartner für Heizung, Sanitär und mehr!",https://www.michael-thiet-gmbh.de/,michael-thiet-gmbh.de,no
(Elektriker OR Gebäudetechnik OR Sicherheitstechnik OR Rohrreinigung) Düsseldorf,Düsseldorf,Elektro-Innung Düsseldorf - DasHandwerk.de,"Fachinnung der Elektro-Innung Düsseldorf. Alle Infos zur Innung und ihrer Betriebe auf DasHandwerk.de, der Plattform für das professionelle Handwerk.",https://www.dashandwerk.de/duesseldorf/elektro-innung-2/betriebe/,dashandwerk.de,no
(Elektriker OR Gebäudetechnik OR Sicherheitstechnik OR Rohrreinigung) Düsseldorf,Düsseldorf,ENi Haustechnik: Ihr Installateur in Düsseldorf,"Alles aus einer Hand: Ihr verlässlichen Installateur in Düsseldorf, Deutschland. ENi Haustechnik ist ihr vertrauenswürdiger Partner im Bereich HLK ...",https://www.eni-handwerk.de/,eni-handwerk.de,no
(Elektriker OR Gebäudetechnik OR Sicherheitstechnik OR Rohrreinigung) Düsseldorf,Düsseldorf,Services – Elektro-Innung Düsseldorf,Urdenbacher Acker 15 A 40593 Düsseldorf ao@elektriker-duesseldorf.com 0211/ 566 47 263. logo_elektro_E. Andy Maureschat LSS - Licht + Elektroservice. Andy ...,https://elektro-duesseldorf.de/fachbetriebe/,elektro-duesseldorf.de,no
(Elektriker OR Gebäudetechnik OR Sicherheitstechnik OR Rohrreinigung) Düsseldorf,Düsseldorf,Einetter Haustechnik,in Düsseldorf. Seit unserer Gründung Anfang März 2015 versorgen wir als Unternehmen sowohl Unternehmen und Geschäftskunden als auch Privatkunden mit ...,https://www.einetter-haustechnik.de/,einetter-haustechnik.de,no
(Elektriker OR Gebäudetechnik OR Sicherheitstechnik OR Rohrreinigung) Düsseldorf,Düsseldorf,Haustechnik Hartmann | Ihr zuverlässiger Partner in Sanitär ...,Wir sind ein mittelständischer Handwerksbetrieb mit Tradition und Sitz in Düsseldorf. Und wir sind Ihr zuverlässiger Partner in den Bereichen Sanitär ...,https://www.arge-hartmann.de/,arge-hartmann.de,no
(Elektriker OR Gebäudetechnik OR Sicherheitstechnik OR Rohrreinigung) Düsseldorf,Düsseldorf,Elektriker Düsseldorf | SP Energie & Gebäudetechnik,"Meisterbetrieb für Elektroinstallation, Smart Home, E-Check und Gebäudetechnik in Düsseldorf und Umgebung. Fachgerecht nach DIN VDE, 5,0 Sterne bei 33 ...",https://xn--sp-energie-gebudetechnik-3bc.de/,xn--sp-energie-gebudetechnik-3bc.de,no
(Elektriker OR Gebäudetechnik OR Sicherheitstechnik OR Rohrreinigung) Düsseldorf,Düsseldorf,https://duesseldorf.branchen-info.net/fp_2851613.php,No information is available for this page. · Learn why,https://duesseldorf.branchen-info.net/fp_2851613.php,duesseldorf.branchen-info.net,no
(Elektriker OR Gebäudetechnik OR Sicherheitstechnik OR Rohrreinigung) Düsseldorf,Düsseldorf,"Technik-Profis in Düsseldorf, Nordrhein-Westfalen",Düsseldorf und Umgebung ; Radio Kox GmbH. Friedrichstraße 34. 47798 ; Radio Bodewitz GmbH & Co. KG. Königstraße 33. 41515 ; Media Stein. Hochstraße 36. 47918 ; Wir ...,https://www.meintechnikprofi.de/haendler/land/nw/stadt/duesseldorf.php,meintechnikprofi.de,no
(Sanitärinstallateur OR Heizungsinstallateur OR Kältetechnik) Dortmund,Dortmund,Sven Hülsmann GmbH: Sanitär Heizung Dortmund,"Ob Heizungsinstallation, Kesseltausch, energiesparendes Heizen oder Wartungsverträge für die regelmäßige Wartung der Heizung: Sprechen Sie uns an und lassen Sie ...",https://www.sven-huelsmann-shk.de/,sven-huelsmann-shk.de,no
(Sanitärinstallateur OR Heizungsinstallateur OR Kältetechnik) Dortmund,Dortmund,Sanitär / Heizung Tiedemann - Dortmund,Wir kümmern uns um sämtliche Belange rund um Heizung und Sanitär – angefangen von der Badsanierung und seniorengerechten Badgestaltung über Wärmekonzepte und ...,https://www.sanitaer-tiedemann.de/,sanitaer-tiedemann.de,no
(Sanitärinstallateur OR Heizungsinstallateur OR Kältetechnik) Dortmund,Dortmund,Renzing Sanitär Heizung Dortmund,Renzing Sanitär- & Heizungstechnik. Ihr Meisterbetrieb im Bereich der innovativen Heiztechnik und individuellen Badgestaltung. · Wärmepumpen & Hybridanlagen · - ...,https://www.renzing.com/,renzing.com,no
(Sanitärinstallateur OR Heizungsinstallateur OR Kältetechnik) Dortmund,Dortmund,Ralf Brüser - Ralf Brüser Dortmund – Heizung • Sanitär • Solar,"Ihr Fachbetrieb in Dortmund für Heizung, Sanitär, Solar & Klimaanlagen – modern, effizient & regional.",https://www.ralf-brueser.de/,ralf-brueser.de,no
(Sanitärinstallateur OR Heizungsinstallateur OR Kältetechnik) Dortmund,Dortmund,Dirk Pagel | Sanitär Heizung Dortmund,"Sie planen ein neues Bad oder eine neue Heizung? Dann sprechen Sie mit uns. Neubau, Umbau oder Sanierung - wir beraten Sie dabei zu allen Themen rund um Sanitär ...",https://www.dirk-pagel.de/,dirk-pagel.de,no
(Sanitärinstallateur OR Heizungsinstallateur OR Kältetechnik) Dortmund,Dortmund,Heizungsinstallateur in Dortmund: Ihr Experte vor Ort - Viessmann,"Heizungsbauer in Dortmund gesucht? Ob Wärmepumpe, Pelletheizung oder Solar – finden Sie den passenden Installateur für Ihre Anlage. Jetzt starten!",https://www.viessmann.de/de/partner-vor-ort-suche.suffix.html/areaId=Dortmund.html,viessmann.de,no
(Sanitärinstallateur OR Heizungsinstallateur OR Kältetechnik) Dortmund,Dortmund,Klaus Dreger,"Tielkenweg 8, 44319 Dortmund, Germany | +49 231 276124. Erstellt mit IONOS. Diese Webseite verwendet Cookies, um Ihnen ein optimales Online-Erlebnis bieten zu ...",https://www.xn--sanitrundmehr-ffb.de/,xn--sanitrundmehr-ffb.de,no
(Sanitärinstallateur OR Heizungsinstallateur OR Kältetechnik) Dortmund,Dortmund,"Schwanitz: Heizung, Sanitär und Klima in Dortmund",Sie suchen einen Experten für Heizung ✓ Sanitär ✓ Klima ✓? Dann ist der Meisterbetrieb Schwanitz in Dortmund-Dorstfeld der richtige Ansprechpartner!,https://www.aschwanitz.de/,aschwanitz.de,no
(Sanitärinstallateur OR Heizungsinstallateur OR Kältetechnik) Dortmund,Dortmund,"neue Heizung, Wärmepumpe | Böhle Heiztechnik, Dortmund","Böhle Heiztechnik – Ihr Installateur für Sanitär, Heizung und moderne Anlagen zur Nutzung erneuerbarer Energien rund um Dortmund.",https://www.boehle-gmbh.de/,boehle-gmbh.de,no
(Sanitärinstallateur OR Heizungsinstallateur OR Kältetechnik) Dortmund,Dortmund,Startseite | Hartwig & Schwibbe | Dortmund / NRW,"Hartwig & Schwibbe – Ihr Fachbetrieb für Heizung, Sanitär, Klima, Wassertechnik & Gas in Dortmund. Qualität, Service & 24h-Notdienst aus Meisterhand.",https://www.hartwig-schwibbe.de/,hartwig-schwibbe.de,no
(Sanitärinstallateur OR Heizungsinstallateur OR Kältetechnik) Dortmund,Dortmund,Haustechnik Barkey GmbH: Sanitär Heizung Klima | Dortmund,"Die Experten für Sanitär-, Heizungs- und Klimatechnik in Dortmund. Unser Meisterbetrieb verfügt über mehr als 50 Jahre Erfahrung im Bereich Heiz- und ...",https://www.barkey-shk.de/,barkey-shk.de,no
(Sanitärinstallateur OR Heizungsinstallateur OR Kältetechnik) Dortmund,Dortmund,Wilbrand Haustechnik aus Dortmund - Heizung | Bad | Klima ...,"Wilbrand Haustechnik aus Dortmund - Experten für Heizung | Sanitär | Bad | Klima | Lüftung | Elektro | Solar – Beratung, Planung, Wartung, ...",https://www.wilbrand.info/,wilbrand.info,no
(Sanitärinstallateur OR Heizungsinstallateur OR Kältetechnik) Dortmund,Dortmund,Ecotherm Dortmund: Ihr Meisterbetrieb für Sanitär & Heizung,"Ecotherm ist Ihr Profi für modernes und zuverlässiges Handwerk, von der Sanitärinstallation bis zur Heizungs- und Klimatechnik. Für ein unverbindliches ...",https://ecotherm-dortmund.de/,ecotherm-dortmund.de,no
(Sanitärinstallateur OR Heizungsinstallateur OR Kältetechnik) Dortmund,Dortmund,"Heizung, Sanitär & Wärmepumpen in Dortmund | Schulz im Haus","Meisterbetrieb für Heizung, Sanitär & Klimatechnik in Dortmund: Wärmepumpen, Hybridheizung, Solarthermie, Badmodernisierung & Wartung.",https://schulz-im-haus.de/,schulz-im-haus.de,no
(Sanitärinstallateur OR Heizungsinstallateur OR Kältetechnik) Dortmund,Dortmund,Installateur- & Heizungsbaumeister - Tim Gruner in Dortmund,"Wir beraten Sie bei einem Einbau, Wartungsarbeiten oder Sanierungsmaßnahmen zu Ihrer Gas-Wasserinstallation. Heizungsanlagen.",https://tim-gruner.de/,tim-gruner.de,no
(Sanitärinstallateur OR Heizungsinstallateur OR Kältetechnik) Dortmund,Dortmund,"Die Profis für Bad, Sanitär und Heizung - Dortmund",Kontakt. Sölder Str. 109 44289 Dortmund. Telefon: 0231 / 49 48 49 3. Telefax: 0231 / 49 48 49 4. Internet: www.derbadprofi.de. E-Mail: info@derbadprofi.de.,https://bad-und-heizungs-profis.de/,bad-und-heizungs-profis.de,no
(Sanitärinstallateur OR Heizungsinstallateur OR Kältetechnik) Dortmund,Dortmund,"Krebs Haustechnik GmbH, Dortmund: Elektro Sanitär Heizung","Ihre Fachhandwerker für Elektroinstallationen, Elektrotechnik, Sanitärinstallationen, Sanitäranlagen, Heizungen, Heizungsinstallationen und erneuerbare ...",https://www.krebs-haustechnik.de/,krebs-haustechnik.de,no
(Sanitärinstallateur OR Heizungsinstallateur OR Kältetechnik) Dortmund,Dortmund,"Installateur Sanitär Heizung | Herbert Krause GmbH, Dortmund","Herbert Krause GmbH – Ihr Installateur für Sanitär, Heizung und effiziente Anlagen zur Nutzung erneuerbarer Energien rund um Dortmund.",https://www.herbertkrause.de/,herbertkrause.de,no
(Sanitärinstallateur OR Heizungsinstallateur OR Kältetechnik) Dortmund,Dortmund,Klimaanlagen | Dortmund: Schmitt System Kälte e.K.,Klimaanlagen und Kühlsysteme von Schmitt System Kälte e.K. in Dortmund für professionelle Kältetechnik und Klimatechnik. Wir beraten Sie gern.,https://www.schmittsystemkaelte.de/,schmittsystemkaelte.de,no
(Sanitärinstallateur OR Heizungsinstallateur OR Kältetechnik) Dortmund,Dortmund,"Lecking Sanitär: Sanitär, Heizung- und Klimatechnik aus Dortmund","Reparatur, Wartung oder Neuinstallation von Heizungen, Erstellung von Bädern oder Neuinstallationen für Privat, Architekten, Bauherren oder Gewerbekunden.",https://lecking.de/,lecking.de,no
(Sanitärinstallateur OR Heizungsinstallateur OR Kältetechnik) Dortmund,Dortmund,KAT Systems Klimatechnik: Klimaanlagen + Lüftungsanlagen,"KAT Systems GmbH. Königsheide 298 44359 Dortmund. Telefon: 0231 13 38 50 05. Fax: 0231 13 38 50 06. info@kat-klimasysteme.de. Kälte Klima Fachbetrieb, Dortmund ...",https://www.kaelte-klima-lueftungstechnik.de/,kaelte-klima-lueftungstechnik.de,no
(Sanitärinstallateur OR Heizungsinstallateur OR Kältetechnik) Dortmund,Dortmund,Orthen GmbH: Home,"Orthen ist Ihr zuverlässiger und professioneller Partner rund um Sanitär, Heizung und Klima bis zu Umwelttechnologien in Dortmund.",https://orthen-gmbh.de/,orthen-gmbh.de,no
(Sanitärinstallateur OR Heizungsinstallateur OR Kältetechnik) Dortmund,Dortmund,Hagel-Haustechnik,"Sie haben einen Rohrschaden, defekte Heizung oder verstopfte Anlagen? Wir bieten Ihnen Soforthilfe beim Heizung sowie Sanitär Notfall.",https://www.hagel-haustechnik.de/,hagel-haustechnik.de,no
(Sanitärinstallateur OR Heizungsinstallateur OR Kältetechnik) Dortmund,Dortmund,Misselwitz Gebäudetechnik GmbH - Effiziente Lösungen für Ihre ...,"Erbpachtstraße 29, 44287 Dortmund, Deutschland. Kontakt aufnehmen. E-Mail: info@misselwitz-heiztechnik.de. Adresse: Erbpachtstraße 29, 44287 Dortmund. Unsere ...",https://misselwitz-heiztechnik.de/,misselwitz-heiztechnik.de,no
(Sanitärinstallateur OR Heizungsinstallateur OR Kältetechnik) Dortmund,Dortmund,Sanitär Hoffmann GmbH - Dortmund,Verordnung EnSimiMaV · Wärmeerzeugung · Hydraulischer Abgleich · Heizungspumpen · Rohrleitungsdämmung. Mehr erfahren. Heizen mit Holz. Solaranlagen. Wasser & ...,https://www.hoffmann-dortmund.de/,hoffmann-dortmund.de,no
(Sanitärinstallateur OR Heizungsinstallateur OR Kältetechnik) Dortmund,Dortmund,Zimmer Haustechnik | Ihr Spezialist rund um Heizung und Sanitär in ...,44145 Dortmund. Telefon 0231 - 82 66 11. Telefax 0231 - 82 70 79. info@zimmer-haustechnik.com. UNSERE PARTNER. SANITÄR. HEIZUNG. MODERNE BÄDER. SOLARTECHNIK.,https://www.zimmer-haustechnik.com/,zimmer-haustechnik.com,no
(Sanitärinstallateur OR Heizungsinstallateur OR Kältetechnik) Dortmund,Dortmund,Klimatechnik Dortmund für Gewerbe - zeller-klima.de,"Zuverlässige Klimatechnik in Dortmund: Beratung, Installation und Wartung für Gewerbekälte und Klimatisierung. Zur Beratung!",https://www.zeller-klima.de/klimatechnik-dortmund,zeller-klima.de,no
(Sanitärinstallateur OR Heizungsinstallateur OR Kältetechnik) Dortmund,Dortmund,"Installateur Sanitär, Heizung | K. u. O. Meyer GmbH, Dortmund","K. u. O. Meyer GmbH – Ihr Installateur für Sanitär, Heizung und moderne Anlagen zur Nutzung erneuerbarer Energien rund um Dortmund.",https://www.haustechnik-meyer.de/,haustechnik-meyer.de,no
(Sanitärinstallateur OR Heizungsinstallateur OR Kältetechnik) Dortmund,Dortmund,Calani - Dortmund,"Ihr kompetenter Partner für die Haustechnik. Wir sind konzessionierter Fachbetrieb für Heizungs-, Sanitär-, Gasarbeiten und Hausinstallationen in. Dortmund und ...",https://calani.eu/,calani.eu,no
(Sanitärinstallateur OR Heizungsinstallateur OR Kältetechnik) Dortmund,Dortmund,Ihr Partner für moderne Sanitär- und Heizungstechnik für Dortmund,"Entdecken Sie professionelle Sanitär- und Heizungstechnik in Dortmund. Über 80 Jahre Erfahrung, individuelle Lösungen und erstklassiger Service für Ihr ...",https://www.weissner.de/local/sanit%C3%A4r-%20und%20heizungstechnik%20dortmund,weissner.de,no
(Sanitärinstallateur OR Heizungsinstallateur OR Kältetechnik) Dortmund,Dortmund,Ihr Fachmann für Sanitär & Heizung » Brockhaus GmbH,"Ihr Fachmann für Sanitär und Heizung in Dortmund ... Was wir können: Planung und Ausführung von Heizungs-, Lüftungs- und Sanitäranlagen, sowie Schwimmbadtechnik ...",https://haustechnik-brockhaus.de/,haustechnik-brockhaus.de,no
(Sanitärinstallateur OR Heizungsinstallateur OR Kältetechnik) Dortmund,Dortmund,Heizung und Sanitär Kahlow aus Dortmund Aplerbeck ...,Die Firma Kahlow hilft Ihnen geren bei allen Fragen rund um Ihre Heizungsanlage und Sanitärinstallation. Auch im Solar - Bereich sind wir Ihr ...,https://heizung-sanitaer-do.de/,heizung-sanitaer-do.de,no
(Sanitärinstallateur OR Heizungsinstallateur OR Kältetechnik) Dortmund,Dortmund,Gilenberg – & Baumgart,"Heizung und Klimatechnik ... In unserem Familienbetrieb streben wir eine langjährige Zusammenarbeit mit unseren Mitarbeitern und Kunden an, die teilweise seit ...",https://gb-gmbh.net/,gb-gmbh.net,no
(Sanitärinstallateur OR Heizungsinstallateur OR Kältetechnik) Dortmund,Dortmund,Bewertungen in Dortmund in der Kategorie Sanitär ... - YourRate,"Ich bin sehr zufrieden mit der Arbeit. Die Handwerker waren pünktlich, freundlich und haben alles sauber und professionell erledigt. Auch die Kommunikation lief ...",https://www.yourrate.com/de/land/germany/2949/dortmund/622/sanitaer-heizungsinstallateur,yourrate.com,no
(Sanitärinstallateur OR Heizungsinstallateur OR Kältetechnik) Dortmund,Dortmund,Bad & Sanitär in Dortmund ✔️ Hier Angebote erhalten,Hier Preise für Ihr neues Bad in Dortmund einholen · Sanitärbetriebe in Dortmund · Bad & Raum Haustechnik GmbH · Biermann SHK GmbH · Bingel Sanitär- und ...,https://www.bad-sanitaer.com/Badausstatter/dortmund,bad-sanitaer.com,no
(Elektriker OR Gebäudetechnik OR Sicherheitstechnik OR Rohrreinigung) Dortmund,Dortmund,"Rohrreinigung Gehrmann in Dortmund, Ihr Partner für Rohr- und ...","Rohrreinigung / Abflussreinigung · Küche, Bad, Keller, Kanäle, Regenrohre · Mechanische Rohrreinigung bis DN 300 · Hochdruckreinigung bis 160 bar ...",https://www.rohrreinigung-gehrmann.de/,rohrreinigung-gehrmann.de,no
(Elektriker OR Gebäudetechnik OR Sicherheitstechnik OR Rohrreinigung) Dortmund,Dortmund,Elektro Fischer GmbH in Dortmund,"Elektro Fischer GmbH & Co. KG in Dortmund - Zuverlässige Elektrotechnik für Gebäudetechnik, Elektrotechnikplanung, Installation, Modernisierung und mehr.",https://www.fischer-elektrotechnik.de/,fischer-elektrotechnik.de,no
(Elektriker OR Gebäudetechnik OR Sicherheitstechnik OR Rohrreinigung) Dortmund,Dortmund,Gebäudetechnik - Schulz in Bestform,"Gebäudetechnik in Bestform - von Beratung, Planung & Lieferung über Montage, Instandsetzung & Reparatur bis hin zur fach- & sachgerechten Wartung.",https://schulz-in-bestform.com/,schulz-in-bestform.com,no
(Elektriker OR Gebäudetechnik OR Sicherheitstechnik OR Rohrreinigung) Dortmund,Dortmund,Elektro Lischer,"Elektro Lischer für zuverlässige Elektroinstallationen, moderne Gebäudetechnik und persönliche Beratung. Meisterbetrieb im Raum Dortmund",https://elektro-lischer.de/,elektro-lischer.de,no
(Elektriker OR Gebäudetechnik OR Sicherheitstechnik OR Rohrreinigung) Dortmund,Dortmund,Schäfer Elektro-Anlagen – Elektrotechnik für Gebäude & Industrie,"Wir planen, installieren und betreuen elektrotechnische Systeme – effizient, sicher und immer auf den Bedarf unserer Kunden abgestimmt. gebäudetechnik icon.",https://www.schaefer-elektroanlagen.de/,schaefer-elektroanlagen.de,no
(Elektriker OR Gebäudetechnik OR Sicherheitstechnik OR Rohrreinigung) Dortmund,Dortmund,Elektroniker (m/w/d) Energie- und Gebäudetechnik in Dortmund,Sie suchen einen Job als Elektroniker (m/w/d) Energie- und Gebäudetechnik in Dortmund? Kommen Sie in unser Team und bewerben Sie sich jetzt!,https://jobs.piepenbrock.de/stellenangebote-arbeitswelten/techniker-jobs/elektroniker-mwd-energie-und-gebaeudetechnik-dortmund_2025-5494/,jobs.piepenbrock.de,no
(Elektriker OR Gebäudetechnik OR Sicherheitstechnik OR Rohrreinigung) Dortmund,Dortmund,Ralf Arndt Elektrotechnik GmbH: Home,Unsere Leistungen im Bereich Elektrotechnik in Dortmund für Sie im Überblick: Elektrotechnik bei Altbausanierung · Elektroauto-Ladestationen ...,https://ra-elektro.de/,ra-elektro.de,no
(Elektriker OR Gebäudetechnik OR Sicherheitstechnik OR Rohrreinigung) Dortmund,Dortmund,Ausbildung als Elektroniker Fachrichtung Energie ... - Axel Westecker,Haus- und Gebäudetechnik Axel Westecker Inh. Andreas Westecker e.K.. Flughafenstr. 101 44309 Dortmund. Telefonisch erreichbar unter: 0231 203 89. E-Mail: info@ ...,https://axel-westecker.de/ausbildung-als-elektroniker-fachrichtung-energie-und-gebaeudetechnik-mwd,axel-westecker.de,no
(Elektriker OR Gebäudetechnik OR Sicherheitstechnik OR Rohrreinigung) Dortmund,Dortmund,Elektro-Fachbetrieb Lindner in Dortmund - seit 1982 Elektriker vor Ort,"Glück auf, wir machen Strom! Als Elektro-Fachbetrieb im Ruhrgebiet, sorgen wir bei Kunden in Dortmund für Elektrizität, Kabel, Schalter, Licht und Power.",https://elektro-lindner.eu/,elektro-lindner.eu,no
(Elektriker OR Gebäudetechnik OR Sicherheitstechnik OR Rohrreinigung) Dortmund,Dortmund,Gebäudetechnik Jobs Dortmund | aktuell 70 offen - JOBworld,70 Gebäudetechnik Jobs in Dortmund (20 km) gefunden · Servicetechniker m/w/d Heizung und Lüftung | Gebäudetechnik · Kältetechniker | Kälteanlagenbauer (m/w/d) ...,https://www.jobworld.de/geb%C3%A4udetechnik-jobs-dortmund,jobworld.de,no
(Elektriker OR Gebäudetechnik OR Sicherheitstechnik OR Rohrreinigung) Dortmund,Dortmund,LT Gebäudetechnik Dortmund – Ihr Elektromeisterbetrieb,LT Gebäudetechnik ist Ihr Elektrofachbetrieb in Dortmund. Von Elektroinstallation bis E-Mobilität und Photovoltaik – wir bieten umfassende Lösungen.,https://www.lt-gebaeudetechnik.de/,lt-gebaeudetechnik.de,no
(Elektriker OR Gebäudetechnik OR Sicherheitstechnik OR Rohrreinigung) Dortmund,Dortmund,Ausbildung: Elektroniker/in Energie- und Gebäudetechnik,"In der Ausbildung Elektroniker/in für Energie- und Gebäudetechnik planen, installieren und reparieren Sie elektrotechnische Anlagen. ➨ Jetzt bewerben!",https://www.kocher-elektrotechnik.de/ausbildung-elektroniker/,kocher-elektrotechnik.de,no
(Elektriker OR Gebäudetechnik OR Sicherheitstechnik OR Rohrreinigung) Dortmund,Dortmund,Karriere bei Elektrotechnik Rüschenbaum | Jetzt bewerben - 2024,Jetzt Karriere als Elektrotechniker starten✓ Für Ausgebildete und Quereinsteiger✓ Cooles Team✓ Aufstiegsmöglichkeiten✓ Faire Vergütung.,https://elektrotechnik-rueschenbaum.de/karriere/,elektrotechnik-rueschenbaum.de,no
(Elektriker OR Gebäudetechnik OR Sicherheitstechnik OR Rohrreinigung) Dortmund,Dortmund,Gabriel Elektrotechnik Dortmund | Fachgerecht installiert,"Ihr Experte für zukunftsorientierte Elektroinstallation aus Dortmund Partner für Elektrotechnik, Tankstellenbau und E-Mobilität für Nordrhein-Westfalen ...",https://gabriel-elektrotechnik.de/,gabriel-elektrotechnik.de,no
(Elektriker OR Gebäudetechnik OR Sicherheitstechnik OR Rohrreinigung) Dortmund,Dortmund,Bauer Elektrotechnik GmbH & Co. KG - e-masters - Dortmund,Bauer Elektrotechnik GmbH & Co. KGWittbräucker Straße 21344269 DortmundDeutschlandTelefon: +49-231-484762Telefax: +49-231-948012E-Mail: info(at)bauer.nrw.,https://www.bauer.nrw/,bauer.nrw,no
(Elektriker OR Gebäudetechnik OR Sicherheitstechnik OR Rohrreinigung) Dortmund,Dortmund,Elektroniker/in Energie u Gebäudetechnik,Elektroniker/innen der Fachrichtung Energie- und Gebäudetechnik planen elektrotechnische Anlagen von Gebäuden sowie deren Energieversorgung und Infrastruktur.,https://aa-hwk.de/umschulungen/elektroniker-energie-und-gebaeudetechnik/,aa-hwk.de,no
(Elektriker OR Gebäudetechnik OR Sicherheitstechnik OR Rohrreinigung) Dortmund,Dortmund,Elektroniker/-in (m/w/d) – Energie- und Gebäudetechnik,"Als Elektroniker/-in (m/w/d) für Energie- und Gebäudetechnik arbeiten Sie bei uns eigenverantwortlich und selbstständig, können jedoch stets auf ein motiviertes ...",https://www.entasi.tech/unternehmen/elektro/recruiting/jobdetail?mode=jobdetail&jobid=15235,entasi.tech,no
(Elektriker OR Gebäudetechnik OR Sicherheitstechnik OR Rohrreinigung) Dortmund,Dortmund,Energie- und Gebäudetechnik - E-AKADEMIE.NRW,"Informieren Sie sich über höchste Leistungsqualität in den Bereichen Elektrotechnik, Elektromaschinenbau und Informationstechnik.",https://www.e-akademie.nrw/termine/seminare-e-akademienrw/technik/energie-und-gebaeudetechnik.html,e-akademie.nrw,no
(Elektriker OR Gebäudetechnik OR Sicherheitstechnik OR Rohrreinigung) Dortmund,Dortmund,Elektrotechnik - Elektriker Dortmund,"Als Elektriker in Dortmund stehen wir für Qualität und Zuverlässigkeit · Elektroplanung: Professionelle Planung Ihrer Stromversorgung, von Wohnraum bis ...",https://elektro-rohrmoser.de/elektriker-dortmund/,elektro-rohrmoser.de,no
(Elektriker OR Gebäudetechnik OR Sicherheitstechnik OR Rohrreinigung) Dortmund,Dortmund,Elektro Wördehoff GmbH - Dortmund - Elektro Elektro Wördehoff ...,"Von der Planung bis zur Ausführung begleiten wir Sie bei Ihren Neubauten, Umbauten und Renovierungen. Natürlich vom Einfamilenhaus bis zum komplexen Bürogebäude ...",https://elektro-woerdehoff.de/,elektro-woerdehoff.de,no
(Elektriker OR Gebäudetechnik OR Sicherheitstechnik OR Rohrreinigung) Dortmund,Dortmund,Elektrotechnik (HWK-MA - Handwerkskammer Dortmund,"Im Meistervorbereitungskurs bei der Handwerkskammer Dortmund vermitteln Ihnen erfahrene Praktiker, wie Sie elektrische Anlagen planen, berechnen und ...",https://www.hwk-do.de/meister/meisterkurse/teil-i-und-ii/elektrotechnik/,hwk-do.de,no
(Elektriker OR Gebäudetechnik OR Sicherheitstechnik OR Rohrreinigung) Dortmund,Dortmund,Die 15 besten Elektriker in Dortmund - Houzz.de,"Auf Houzz finden Sie die besten Profile, Bilder und Bewertungen von Elektriker in Dortmund – jetzt unverbindlich kontaktieren!",https://www.houzz.de/professionals/elektriker/dortmund-07-de-probr0-bo~t_12007~r_2935517,houzz.de,no
(Elektriker OR Gebäudetechnik OR Sicherheitstechnik OR Rohrreinigung) Dortmund,Dortmund,Elektrotechnik Scharfe GmbH - STARTSEITE,Elektrotechnik Scharfe · Elektriker in Dortmund – Ihr Partner rund um moderne Elektrotechnik · Die Elektrik in Gebäuden wird immer vielfältiger und intelligenter.,https://www.elektro-scharfe.de/,elektro-scharfe.de,no
(Elektriker OR Gebäudetechnik OR Sicherheitstechnik OR Rohrreinigung) Dortmund,Dortmund,BERO – Elektroanlagen & Kabelwegebau | Dortmund & NRW,"Eigenständige Leistungen in Elektroanlagen mit Fokus auf Kabelverlegung, Kabelwegebau und Montage von Fertigteilen – strukturiert, dokumentiert und termintreu.",https://bero-elektro.de/,bero-elektro.de,no
(Elektriker OR Gebäudetechnik OR Sicherheitstechnik OR Rohrreinigung) Dortmund,Dortmund,"Elektro-Tec Dortmund GmbH – Ihr Partner für Elektro-, Netzwerk ...","Wir messen Leitungen, prüfen auf Kurzschluss/Überlastung und beheben die Ursache nachhaltig. Telefon Jetzt anrufen 0163 78 30 665. Icon Stromausfall ...",https://elektro-tec-dortmund.de/,elektro-tec-dortmund.de,no
(Elektriker OR Gebäudetechnik OR Sicherheitstechnik OR Rohrreinigung) Dortmund,Dortmund,Gebäudetechnik in Dortmund - Wilhelm Schäfer Elektro-Anlagen ...,"Das vernetzte Heim ist heute Standard – und die Entwicklung geht weiter. Hier erfahren Sie, wie Sie Ihr Heim mit Gebäudetechnik in Dortmund fit für die ...",https://www.dortmund-ratgeber.de/gebaeudetechnik-in-dortmund.html,dortmund-ratgeber.de,no
(Elektriker OR Gebäudetechnik OR Sicherheitstechnik OR Rohrreinigung) Dortmund,Dortmund,Kensy Elektrotechnik GmbH - Home,"Kensy Elektrotechnik GmbH, ist ein modernes und dynamisches Dienstleistungsunternehmen. Sicherheit in elektrischen Anlagen, ob privat oder gewerblich ...",https://www.kensy-elektro.de/index.html,kensy-elektro.de,no
(Elektriker OR Gebäudetechnik OR Sicherheitstechnik OR Rohrreinigung) Dortmund,Dortmund,[PDF] Firmenliste Serviecportal.xlsx,Rohrreinigung Thomas Graap. Neuer Graben 82-84. 44139. Dortmund. 0231 8770842 info@rohrreinigung-graap.de www.rohrreinigung-graap.de x x. Rückstauprofi GmbH & ...,https://www.dortmund.de/dortmund/projekte/rathaus/verwaltung/stadtentwaesserung-dortmund/downloads/firmenliste-zur-rueckstausicherung.pdf,dortmund.de,no
(Elektriker OR Gebäudetechnik OR Sicherheitstechnik OR Rohrreinigung) Dortmund,Dortmund,Sicherheitstechnik für Ihr Zuhause aus Dortmund,Sie benötigen Sicherheitsbeleuchtungen? Kontaktieren Sie Elektrohandel Wilhelm Wiemann - Ihr Experte für Sicherheitstechnik und Alarmanlagen in Dortmund.,https://www.elektro-wiemann.de/elektro/sicherheitstechnik,elektro-wiemann.de,no
(Elektriker OR Gebäudetechnik OR Sicherheitstechnik OR Rohrreinigung) Dortmund,Dortmund,"Schnurbusch Elektrotechnik - Elektroinstallationen, Dortmund","Schnurbusch Elektrotechnik, Hudeschaftweg 11, 44329 Dortmund Kontakt: mail@schnurbusch-elektro.de webmaster(at)schnurbusch-elektro.de.",http://www.schnurbusch-elektro.de/,schnurbusch-elektro.de,no
(Elektriker OR Gebäudetechnik OR Sicherheitstechnik OR Rohrreinigung) Dortmund,Dortmund,Elektroinstallationen in Dortmund - Sternberg Gebäudetechnik GmbH,Vom Zählerkasten bis zur letzten Steckdose – alles aus einer Hand. Als Meisterbetrieb mit über 50 Jahren Erfahrung sind wir Ihr zuverlässiger Partner für ...,https://sternberg-technik.de/elektroinstallationen/dortmund,sternberg-technik.de,no
(Elektriker OR Gebäudetechnik OR Sicherheitstechnik OR Rohrreinigung) Dortmund,Dortmund,Innung für Elektrotechnik Dortmund und Lünen (inkl. Fachgruppe IT),"# 3 Gatter 3 Technik GmbH. Gottlieb-Daimler-Straße 29, 59439 Holzwickede. info@gatter3-technik.com ; AC Elektrotechnik GmbH. Derner Straße 468, 44329 Dortmund.",https://kh-handwerk.de/innungen/innungen_dortmund-luenen/innung-fuer-elektrotechnik-dortmund-luenen/,kh-handwerk.de,no
(Elektriker OR Gebäudetechnik OR Sicherheitstechnik OR Rohrreinigung) Dortmund,Dortmund,Sanitär in Dortmund | 2026 - jobs-in-dortmund.info,"20, 44143 Dortmund. Sanitär & Heizung Bernd Greita Hohe Straße 35, 44139 Dortmund. Rohrreinigung Teichert Florianstraße 15-21 , 44139 Dortmund. Peter Pinther ...",https://www.jobs-in-dortmund.info/branchenbuch/sanitaer,jobs-in-dortmund.info,no
(Elektriker OR Gebäudetechnik OR Sicherheitstechnik OR Rohrreinigung) Dortmund,Dortmund,Hollmann Elektrotechnik,"Wir sind ein mittelständisches Familienunternehmen für Elektrotechnik, das sich auf die Bereiche Energie- und Gebäudetechnik sowie Informations- und ...",https://www.hollmann-elektrotechnik.de/,hollmann-elektrotechnik.de,no
(Elektriker OR Gebäudetechnik OR Sicherheitstechnik OR Rohrreinigung) Dortmund,Dortmund,Elektroinstallation aus Dortmund - Elektrotechnik Windmüller,"Durch bestens geschultes Personal, gute Produktkenntnisse, Profiwerkzeug und unsere jahrelange Erfahrung sind wir die Elektriker aus Dortmund, die Ihnen schnell ...",https://www.e-t-w.com/elektro/elektroinstallation,e-t-w.com,no
(Elektriker OR Gebäudetechnik OR Sicherheitstechnik OR Rohrreinigung) Dortmund,Dortmund,Elektro Becker GmbH - Dortmund,"Als Partner von Energieversorgern, Unternehmen, Gemeinden und Städten aber auch von Privatpersonen wird unsere professionell.",https://www.elektrobecker-dortmund.de/,elektrobecker-dortmund.de,no
(Elektriker OR Gebäudetechnik OR Sicherheitstechnik OR Rohrreinigung) Dortmund,Dortmund,Seibel365 Dortmund ❤️ Gebäudetechnik für Hausverwaltungen,"Unsere Leistungsbereiche · Elektroinstallation & Elektro-Notdienst · Sanitär-, Heizungs- und Warmwassertechnik (inkl. Notdienst) · Schlüsseldienst / ...",https://seibel-dortmund.de/,seibel-dortmund.de,no
(Elektriker OR Gebäudetechnik OR Sicherheitstechnik OR Rohrreinigung) Dortmund,Dortmund,Elektrotechnik - MENNE Sanitär & Heizung,"Als erfahrener Meisterbetrieb mit Sitz in Dortmund sind wir Ihr Ansprechpartner für ... Smarte Gebäudetechnik. Mit KNX-, Smart-Home- oder funkbasierten ...",https://menne-haustechnik.de/elektrotechnik/,menne-haustechnik.de,no
(Elektriker OR Gebäudetechnik OR Sicherheitstechnik OR Rohrreinigung) Dortmund,Dortmund,Elektroniker*in für Gebäudesystemintegration,"Ähnliche Bildungsgänge 1. Foto: B. Beckschulte, Robert-Bosch-Berufskolleg, Dortmund. Elektroniker – Energie- und Gebäudetechnik (w/m/d). Sie arbeiten in der ...",https://www.rbbk-dortmund.de/berufe/elektrotechnik/elektronikerin-fuer-gebaeudesystemintegration,rbbk-dortmund.de,no
(Elektriker OR Gebäudetechnik OR Sicherheitstechnik OR Rohrreinigung) Dortmund,Dortmund,Elektrotechnik-Service - Elektro Stadtfeld Dortmund,Ihr Partner für Elektrotechnik aus Dortmund für Dortmund und NRW! Unsere ... Sicherheitstechnik; Türsprech- und Briefkastenanlagen; Installation von ...,https://elektro-stadtfeld.de/leistungen/elektrotechnik-service,elektro-stadtfeld.de,no
(Elektriker OR Gebäudetechnik OR Sicherheitstechnik OR Rohrreinigung) Dortmund,Dortmund,SMW Elektrotechnik Stamberg-Maschmann-Wick GbR | Dortmund,"SMW Elektrotechnik aus Dortmund ist Ihr erfahrener Anbieter für individuelle Elektroinstallationen, Flutlicht, Straßenbeleuchtung und mehr.",https://www.elektrotechnik-dortmund.de/,elektrotechnik-dortmund.de,no
(Elektriker OR Gebäudetechnik OR Sicherheitstechnik OR Rohrreinigung) Dortmund,Dortmund,Elektro Seker,"Bei Elektro Seker steht der Kunde im Mittelpunkt, wir h ren genau hin und finden f r Sie die richtige L sung.",http://www.elektroseker.de/,elektroseker.de,no
(Elektriker OR Gebäudetechnik OR Sicherheitstechnik OR Rohrreinigung) Dortmund,Dortmund,Elektroinstallation für Industrie & Gewerbe - Bullmann-Elektrotechnik,in Dortmund & Umgebung · Anschlussleistung; Beleuchtungstechnik; EDV-Netze ; Ihr kompetenter. Elektroinstallateur für Industrie & Gewerbe · Schaltschrankplanung & ...,https://www.bullmann-elektrotechnik.de/elektroinstallation-f%C3%BCr-industrie-und-gewerbe,bullmann-elektrotechnik.de,no
(Elektriker OR Gebäudetechnik OR Sicherheitstechnik OR Rohrreinigung) Dortmund,Dortmund,Gewerbe & Industrie - EB Elektrotechnik Dortmund,"Jetzt Anfragen & Kostenloses Angebot sichern. Zertifizierte Elektriker & Elektro Fachgerechte Elektroinstallationen, Smart Home, E-Mobilität und vieles mehr — ...",https://ebelektrotechnik.de/gewerbe-industrie/,ebelektrotechnik.de,no
(Elektriker OR Gebäudetechnik OR Sicherheitstechnik OR Rohrreinigung) Dortmund,Dortmund,moderne und effiziente Lösungen - Heidemann Gebäudetechnik,"Planung und Realisierung von Gebäudetechnik | Heizungstechnik, Sanitärtechnik, Klimatechnik & Elektrotechnik | Zuverlässigkeit für Ihr ...",https://heidemann.de/gebaeudetechnik/,heidemann.de,no
(Elektriker OR Gebäudetechnik OR Sicherheitstechnik OR Rohrreinigung) Dortmund,Dortmund,Über uns | Ingenieurgesellschaft Klaus Drücke in Dortmund,"Gegründet wurde das Büro mit dem Schwerpunkt Elektrotechnik im Jahr 1974 von Klaus Drücke. In Verbindung mit einem Partnerbüro für Heizung, Lüftung und Sanitär ...",https://www.druecke.de/unternehmen/,druecke.de,no
(Elektriker OR Gebäudetechnik OR Sicherheitstechnik OR Rohrreinigung) Dortmund,Dortmund,https://dortmund.branchen-info.net/sanitaertechnik...,No information is available for this page. · Learn why,https://dortmund.branchen-info.net/sanitaertechnik-4451-1.php,dortmund.branchen-info.net,no
(Elektriker OR Gebäudetechnik OR Sicherheitstechnik OR Rohrreinigung) Dortmund,Dortmund,HWT - Handwerksteam Dortmund - Elektrotechnik- Fliesen,Heizung - Sanitär - Klimatechnik.,https://www.hwt-do.de/inhalt.html,hwt-do.de,no
(Sanitärinstallateur OR Heizungsinstallateur OR Kältetechnik) Essen,Essen,"Installateur Sanitär Heizung | Essen, Heinz Sperling GmbH",Ihr Installateur für Sanitär und Heizung aus Essen. · Badsanierung · Kesseltausch · Wartung Lüftungsanlagen · Badezimmer-Konfigurator · Heizungswechsel online ...,https://www.heinz-sperling-gmbh.de/,heinz-sperling-gmbh.de,no
(Sanitärinstallateur OR Heizungsinstallateur OR Kältetechnik) Essen,Essen,"Installateur Sanitär Heizung | Beisemann & Graute, Essen Kupferdreh","Beisemann & Graute – Ihr Installateur für Sanitär, Heizung und effiziente Anlagen zur Nutzung erneuerbarer Energien rund um Essen - Kupferdreh.",https://www.beisemann-graute.de/,beisemann-graute.de,no
(Sanitärinstallateur OR Heizungsinstallateur OR Kältetechnik) Essen,Essen,"Installateur Sanitär Heizung | SINA GmbH, Essen","SINA GmbH – Ihr Installateur für Sanitär, Heizung und moderne Anlagen zur Nutzung erneuerbarer Energien rund um Essen mit maßgeschneiderte Lösungen, ...",https://www.sina-essen.de/,sina-essen.de,no
(Sanitärinstallateur OR Heizungsinstallateur OR Kältetechnik) Essen,Essen,Die Heizungsmännchen: Heizungsfachbetrieb in Essen,Unser Heizungsfachbetrieb in Essen kümmert sich um die Reparatur Deiner Heizung sowie den Austausch von Badezimmerarmaturen etc.,https://heizungsmaennchen.de/,heizungsmaennchen.de,no
(Sanitärinstallateur OR Heizungsinstallateur OR Kältetechnik) Essen,Essen,"Reinhold Metzelaars - Ihr Profi für Badsanierung, Heizungsbau ...","Wir unterstützen Sie bei Badsanierungen, Heizungsbau & Klima in und um Bottrop, Essen, Oberhausen & Mülheim (Ruhr). Jetzt beraten lassen!",https://metzelaars.de/,metzelaars.de,no
(Sanitärinstallateur OR Heizungsinstallateur OR Kältetechnik) Essen,Essen,"Heizungen, Klimaanlagen, Sanitär in Essen und Umgebung","Heizungsland, Ihr Installateur für den Sanitärbereich, Heizungsbau und Klimaanlagen. Ob Neubau, Reparatur oder Modernisierung, wir liefern ab!",https://heizungs.land/,heizungs.land,no
(Sanitärinstallateur OR Heizungsinstallateur OR Kältetechnik) Essen,Essen,"Elektro Sanitär Heizung | Elektro Eisert GmbH, Essen","Elektro Eisert GmbH – Ihr Installateur für Elektro, Sanitär, Heizung und effiziente Anlagen zur Nutzung erneuerbarer Energien rund um Essen.",https://www.elektro-eisert.de/,elektro-eisert.de,no
(Sanitärinstallateur OR Heizungsinstallateur OR Kältetechnik) Essen,Essen,KÄLTEgrad! - KÄLTEgrad! Kälte- und Klimatechnik - 45139 Essen,"Split-Klimaanlagen - Kältetechnik für Gewerbe, Industrie und Privat✓ DAIKIN VRV-Systeme, Kaltwassersätze für Klima- und Lüftungsanlagen, Prozesskühlung.",https://www.kaeltegrad.de/,kaeltegrad.de,no
(Sanitärinstallateur OR Heizungsinstallateur OR Kältetechnik) Essen,Essen,Schuster Sanitär & Heizung | Badsanierung & Heizung in Essen,"Zu unseren Leistungen zählen ebenfalls Schornsteinsanierung sowie Einbau, Wartung und Instandhaltung von Teil- und Vollklimaanlagen. Sollten Sie für dringende ...",https://www.schuster.ruhr/,schuster.ruhr,no
(Sanitärinstallateur OR Heizungsinstallateur OR Kältetechnik) Essen,Essen,BAD Boys Sanitär,"Ob Komplettbad, moderne Heizung oder die Komplettlösung – wir liefern Qualität, Design und saubere Ausführung aus einer Hand. Unser Team plant mit Köpfchen, ...",https://www.badboysshk.de/,badboysshk.de,no
(Sanitärinstallateur OR Heizungsinstallateur OR Kältetechnik) Essen,Essen,"ZS Haustechnik, Essen: Heizung, Sanitär, Lüftung",Die Firma ZS Haustechnik ist Ihr Spezialist für durchdachte Heizungs- und Sanitärsysteme im Großraum Essen und Umgebung. Seit 2014 bieten wir für ...,https://www.zs-haustechnik.de/,zs-haustechnik.de,no
(Sanitärinstallateur OR Heizungsinstallateur OR Kältetechnik) Essen,Essen,"Bernd Rücker , Start, 45309 Essen",Als Ihr Meisterbetrieb für Heizung und Sanitär legen wir größten Wert auf ausgezeichnete Qualität bei Produktauswahl und Montage sowie auf eine umfassende ...,https://www.ruecker-sanitaer-heizung.de/,ruecker-sanitaer-heizung.de,no
(Sanitärinstallateur OR Heizungsinstallateur OR Kältetechnik) Essen,Essen,Daikin Klimaanlagen & Wärmepumpen Essen | KKM Meixner,"Daikin Fachpartner KKM Meixner aus Essen: Beratung, Montage und Wartung von Klimaanlagen und Wärmepumpen im Ruhrgebiet und Niederrhein. VDKF-zertifiziert.",https://www.klima-meixner.de/,klima-meixner.de,no
(Sanitärinstallateur OR Heizungsinstallateur OR Kältetechnik) Essen,Essen,Reich GmbH | Heizungsbau & Elektroinstallationen in Essen,"Reich GmbH - Ihr Meisterbetrieb für Heizungsbau, Wärmepumpen und Elektroinstallationen in Essen. Viessmann System Profi seit 1976. 24h Notdienst.",https://www.reich-essen.de/,reich-essen.de,no
(Sanitärinstallateur OR Heizungsinstallateur OR Kältetechnik) Essen,Essen,Markus Vollmer,45128 Essen Telefon: 01707519554. E-Mail: heizung@sanitaer-vollmer.de. Öffnungszeiten. Montag – Donnerstag: 7.30 – 16.00 Uhr. Freitag: 7.30 – 14.00 Uhr.,https://sanitaer-vollmer.de/,sanitaer-vollmer.de,no
(Sanitärinstallateur OR Heizungsinstallateur OR Kältetechnik) Essen,Essen,Petzold und Sohn: Heizung . Sanitär . Regenerative Energien in Essen,"Petzold und Sohn – Ihr Installateur für Sanitär, Heizung und effiziente Anlagen zur Nutzung erneuerbarer Energien rund um Essen. Sprechen Sie mit uns!",https://www.petzoldundsohn.de/,petzoldundsohn.de,no
(Sanitärinstallateur OR Heizungsinstallateur OR Kältetechnik) Essen,Essen,"Talic GmbH: Sanitär, Heizung, Solar in Bad Essen","Talic GmbH – Ihr Installateur für Sanitär, Heizung und moderne Anlagen zur Nutzung erneuerbarer Energien rund um Bad Essen.",https://www.talic-gmbh.de/,talic-gmbh.de,no
(Sanitärinstallateur OR Heizungsinstallateur OR Kältetechnik) Essen,Essen,Assenmacher GmbH – Sanitär & Heizung in Essen,"Assenmacher GmbH ist Ihr kompetenter Handwerksspezialist für Heizungssanierung, Badmodernisierung und Gas in Essen und Umgebung.",https://assenmacher-gmbh.de/,assenmacher-gmbh.de,no
(Sanitärinstallateur OR Heizungsinstallateur OR Kältetechnik) Essen,Essen,Platte GmbH: Heizungs- und Sanitärinstallateur | Essen,"Die Platte GmbH in Essen und Umgebung ist Ihr zuverlässiger Ansprechpartner, wenn Sie auf der Suche nach einem Heizungssanitär sind. Wir sind für Sie da!",https://www.platte-sanitaer.de/,platte-sanitaer.de,no
(Sanitärinstallateur OR Heizungsinstallateur OR Kältetechnik) Essen,Essen,Bad Becker,Ihr kompetenter Installateur für Energie- und Gebäudetechnik ✓ Heizung ✓ Sanitär ✓ Lüftung ✓ Unsere Experten beraten Sie gerne ✓ Jetzt anfragen.,https://www.bad-becker.de/index.html,bad-becker.de,no
(Sanitärinstallateur OR Heizungsinstallateur OR Kältetechnik) Essen,Essen,"KALTWERK | Kältetechnik, Klimatechnik in Essen",KALTWERK Kälte- Klimatechnik. Brunhildenstrasse 4 45307 Essen. Büro+Lager: Dessauerstrasse 68. 45472 Mülheim an der Ruhr Telefon: 0208.44 46 69 29,https://www.kaltwerk.de/,kaltwerk.de,no
(Sanitärinstallateur OR Heizungsinstallateur OR Kältetechnik) Essen,Essen,Kälte Klima GoCool – Klimaanlagen & Kälktechnik in Essen,"Unsere Leistungen umfassen die Planung, Installation und Wartung von Kühlsystemen, Klimaanlagen und Kühlräumen. Mit unserer 10-jährigen Erfahrung sind wir in ...",https://kaelte-klimatechnik-essen.de/,kaelte-klimatechnik-essen.de,no
(Sanitärinstallateur OR Heizungsinstallateur OR Kältetechnik) Essen,Essen,Reci GmbH: Sanitärinstallationen | Solar | Essen,"Wir beraten Sie gerne und kompetent zu den Bereichen Heizung, Sanitär, Solaranlagen und Klima. Wir haben über 18 Jahre Erfahrung in unserem Arbeitsbereich ...",https://www.reci-heizungsanitaer.de/,reci-heizungsanitaer.de,no
(Sanitärinstallateur OR Heizungsinstallateur OR Kältetechnik) Essen,Essen,"Sanitär, Heizung & Klima in Essen - Kost & Sohn","Kost & Sohn ist Ihr zuverlässiger Ansprechpartner für Heizungsbau, Sanitärinstallationen und Badsanierungen in Essen und Umgebung. Wir bieten moderne Lösungen ...",https://kost-haustechnik.de/,kost-haustechnik.de,no
(Sanitärinstallateur OR Heizungsinstallateur OR Kältetechnik) Essen,Essen,"Installateur Sanitär Heizung | SIC Haustechnik, Essen","SIC Haustechnik – Ihr Installateur für Sanitär, Heizung und effiziente Anlagen zur Nutzung erneuerbarer Energien rund um Essen.",https://www.sic-ht.de/,sic-ht.de,no
(Sanitärinstallateur OR Heizungsinstallateur OR Kältetechnik) Essen,Essen,Grad°genau! Energieeffiziente Kälte- und Klimatechnik aus Essen.,"Wir bieten Montage, Wartung und Service, aber auch Beratung und Schulungen zu verschiedenen Themen der Kälte- und Klimatechnik an, um Ihr Wissen zu erweitern ...",https://www.grad-genau.de/,grad-genau.de,no
(Sanitärinstallateur OR Heizungsinstallateur OR Kältetechnik) Essen,Essen,Kältebrüder GmbH – Kältetechnik & Großkälte in Essen | NRW,Unser Schwerpunkt liegt im Bereich Großkälteanlagen und Großwärmepumpen für die Industrie und den Komfortbereich. Mit Sitz in Essen sind wir zentral im ...,https://www.kaeltebrueder.de/,kaeltebrueder.de,no
(Sanitärinstallateur OR Heizungsinstallateur OR Kältetechnik) Essen,Essen,ÖS Kälte & Klimatechnik: Start,"Dieser Service bietet schnelle und zuverlässige Reparaturen, damit Ihre Systeme reibungslos laufen. Ihr Partner für Kälte- und Klimatechnik in Essen. ÖS Kälte & ...",https://oeskaelteklimatechnik.de/,oeskaelteklimatechnik.de,no
(Sanitärinstallateur OR Heizungsinstallateur OR Kältetechnik) Essen,Essen,Startseite | A&O Wärme-Concept GmbH | Bad Essen,"Als Meisterbetrieb mit Sitz in Bad Essen sind wir seit Jahren auf innovative und nachhaltige Lösungen rund um Heizung, Sanitär und Klimatechnik spezialisiert – ...",https://www.ao-waerme.de/,ao-waerme.de,no
(Sanitärinstallateur OR Heizungsinstallateur OR Kältetechnik) Essen,Essen,Hecker Klima – # COOL BLEIBEN,Wir sorgen für die uneingeschränkte Einsatzfähigkeit Ihrer Systeme und Anlagen. ADRESSE. Hecker GmbH. Veronikastr. 4. 45131 Essen. FON. 0201 407220. MAIL. info ...,https://www.hecker-klima.de/,hecker-klima.de,no
(Sanitärinstallateur OR Heizungsinstallateur OR Kältetechnik) Essen,Essen,Hegemann GmbH: Startseite,Sanitär & Heizung. Willkommen bei Hegemann GmbH – Ihrem zuverlässigen Partner ... 45128 Essen. 0201 230971 · info@hegemann-gmbh.com. Montag: 08:00-16:00 Uhr,https://hegemann-gmbh.com/,hegemann-gmbh.com,no
(Sanitärinstallateur OR Heizungsinstallateur OR Kältetechnik) Essen,Essen,"Sanitaer & Heizung| Badhaus Roman Simoneit | Essen, NRW",Seit über 30 Jahren liefert die Firma Roman Simoneit maßgefertigte & schlüsselfertige Bäder zum Festpreis an seine Kunden aus.,https://roman-simoneit.de/sanitaer---heizung.html,roman-simoneit.de,no
(Sanitärinstallateur OR Heizungsinstallateur OR Kältetechnik) Essen,Essen,Köhler Heizung-Sanitär-Klima: Badplanung und -gestaltung | Essen,Die Experten der Firma Köhler Heizung-Sanitär-Klima in Essen kümmern sich unter anderem um die perfekte Planung und die Erneuerung Ihres Badezimmers.,https://koehler-hsk.smartsites.de/,koehler-hsk.smartsites.de,no
(Sanitärinstallateur OR Heizungsinstallateur OR Kältetechnik) Essen,Essen,H. Siefker Haustechnik GmbH | Mobile,Bitte wählen Sie eine Website: mobile Website normale Website.,https://www.siefker-haustechnik.de/,siefker-haustechnik.de,no
(Elektriker OR Gebäudetechnik OR Sicherheitstechnik OR Rohrreinigung) Essen,Essen,Rohrreinigung Essen | Rohr- & Kanalreinigung Schwarz,Ihre Rohrreinigung für Essen ✓ 20 Jahre am Markt ✓ 24 Std. ✓ Keine An- und Abfahrtskosten ✓ schnelle Hilfe ✓ Fachbetrieb ☎️ 0201 99951060.,https://rohrreinigung-schwarz.de/rohr-kanalreinigung-essen/,rohrreinigung-schwarz.de,no
(Elektriker OR Gebäudetechnik OR Sicherheitstechnik OR Rohrreinigung) Essen,Essen,PottRohr Rohrreinigung: Ihr Experte für Abwassertechnik,Professionelle Kanal- und Rohrreinigung in Essen und ganz Nordrhein-Westfallen. Wir bringen Ihren Abfluss wieder zum Laufen. +49 (0)201 69569582 · TV ...,https://pottrohr.de/,pottrohr.de,no
(Elektriker OR Gebäudetechnik OR Sicherheitstechnik OR Rohrreinigung) Essen,Essen,Home - Rohrreinigung Stenzel - Meisterbetrieb für Rohr- und ...,Von mechanischer und hydrodynamischer Rohrreinigung über hochmoderne TV-Inspektionen bis hin zu grabenlosen Sanierungen – wir bieten in Essen und der Umgebung ...,https://www.rohrreinigung-stenzel.de/,rohrreinigung-stenzel.de,no
(Elektriker OR Gebäudetechnik OR Sicherheitstechnik OR Rohrreinigung) Essen,Essen,Rohrreinigung in Essen » AREI | 24h-Notdienst,"Rufen Sie uns einfach unter der lokalen Rufnummer 0201 17 89 87 21 an und wir schicken einen Servicemonteur vorbei, der Ihre Rohrverstopfung in Essen löst.",https://www.arei.de/standorte/essen-rohrreinigung,arei.de,no
(Elektriker OR Gebäudetechnik OR Sicherheitstechnik OR Rohrreinigung) Essen,Essen,Rohrreinigung Rocket GmbH | Fachbetrieb für Abwassertechnik in ...,Als Ihr verlässlicher Partner stehen wir Ihnen für saubere und effiziente Rohr- und Kanalreinigungen zur Verfügung. Zusätzlich liegt unsere Expertise in der ...,https://rocket-rohrreinigung.de/,rocket-rohrreinigung.de,no
(Elektriker OR Gebäudetechnik OR Sicherheitstechnik OR Rohrreinigung) Essen,Essen,Elektriker Essen | Meistergeführtes Elektrohandwerk,Ihr Elektriker in Essen ✓ 24/7 Notdienst ✓ Elektroinstallation ✓ Photovoltaik ✓ E-Mobilität ▷ Meisterbetrieb ☎ Jetzt anfragen!,https://elektro-baraka.com/,elektro-baraka.com,no
(Elektriker OR Gebäudetechnik OR Sicherheitstechnik OR Rohrreinigung) Essen,Essen,Elektriker in Essen - Stellenangebote - Elektro Exner,"Wenn Sie einen zuverlässigen und guten Partner für Elektroinstallationen und Reparaturen aller Art suchen, sind Sie bei uns genau richtig! Jetzt anrufen!",https://elektro-exner.de/Stellenangebote/,elektro-exner.de,no
(Elektriker OR Gebäudetechnik OR Sicherheitstechnik OR Rohrreinigung) Essen,Essen,Ausbildung bei Haustechnik Stöbener e.K. Elektriker,Kontakt. Ansprechpartner: Herr Stöbener Haustechnik Stöbener e.K.. Wintgenstraße 1 45239 Essen Heidhausen Tel: 0201 403588.,https://www.handwerk-essen.de/ausbildung/stelle/haustechnik-stoebener-e-k-anlagenmechaniker-duplicate-1/,handwerk-essen.de,no
(Elektriker OR Gebäudetechnik OR Sicherheitstechnik OR Rohrreinigung) Essen,Essen,Elektroniker:in für Energie- und Gebäudetechnik - Contilia Karriere,Die Ausbildung dauert drei Jahre und kombiniert Praxis im Krankenhaus mit Unterricht in der Berufsschule. Dabei wächst dein Verantwortungsbereich Schritt für ...,https://karriere.contilia.de/einstiege/ausbildung/elektroniker-oder-elektronikerin-fuer-energie-und-gebaeudetechnik,karriere.contilia.de,no
(Elektriker OR Gebäudetechnik OR Sicherheitstechnik OR Rohrreinigung) Essen,Essen,Elektro-Peters: Home,Wir übernehmen alle Elektroarbeiten rund um Ihr Haus: vom neuen Lichtschalter bis zur kompletten Hausinstallation. Elektro Peters Elektriker in Essen für ...,https://elektro-peters.de/,elektro-peters.de,no
(Elektriker OR Gebäudetechnik OR Sicherheitstechnik OR Rohrreinigung) Essen,Essen,"Elektriker Gebäudeinstandhaltung (m/w/d) - Essen, Deutschland - Job",Das ist zukünftig dein Job · Eigenständige Durchführung von Wartungs- und Instandhaltungsmaßnahmen an elektrischen Anlagen in Gebäuden · Systematische Analyse ...,https://touch.ferchau.com/de/de/job/508591/elektriker-gebaeudeinstandhaltung?sortingType=actuality&sortingDirection=DESC&offset=4750,touch.ferchau.com,no
(Elektriker OR Gebäudetechnik OR Sicherheitstechnik OR Rohrreinigung) Essen,Essen,"und Gebäudetechnik, Ausbildung Essen Elektroniker für Energie",Ausbildungsbeginn: 01.08.2026; Elektroniker/innen der Fachrichtung Energie- und Gebäudetechnik planen elektrotechnische Anlagen von Gebäuden sowie deren ...,https://www.jobs-in-essen.de/ausbildung/elektroniker-fuer-energie-und-gebaeudetechnik-essen,jobs-in-essen.de,no
(Elektriker OR Gebäudetechnik OR Sicherheitstechnik OR Rohrreinigung) Essen,Essen,Beleuchtungstechnik in Essen,Sie haben Fragen? Elektro Schwack GmbH. Deipenbecktal 18 45277 Essen. Telefon: +49 201 848210. Fax: +49 201 8482121. E-mail: lichttechnik-schwack@arcor.de ...,https://www.lichttechnik-schwack.de/,lichttechnik-schwack.de,no
(Elektriker OR Gebäudetechnik OR Sicherheitstechnik OR Rohrreinigung) Essen,Essen,Ihre Karriere als Elektriker in Essen - Elektro Litke,"Wir sind ein Meisterbetrieb für Elektroinstallation mit Sitz in Essen und bieten seit über 22 Jahren qualifizierte Planung, Projektierung, Installation sowie ...",https://elektro-litke.de/karriere/,elektro-litke.de,no
(Elektriker OR Gebäudetechnik OR Sicherheitstechnik OR Rohrreinigung) Essen,Essen,Elektroinstallation in Essen | Elektrotechnik Pitsch | T: 0201/315634,Herzlich willkommen bei Elektrotechnik Pitsch in Essen · Elektroinstallationen · Sicherheitstechnik · Beleuchtung · Erneuerbare Energien · uvm.,https://www.elektrotechnik-pitsch.de/,elektrotechnik-pitsch.de,no
(Elektriker OR Gebäudetechnik OR Sicherheitstechnik OR Rohrreinigung) Essen,Essen,Elektro Becker GmbH: Elektriker | Elektroinstallation | Essen,"hr Elektriker in Essen mit Rundum-Service übernimmt Elektroinstallationen, Netzwerkverkabelungen, Sprechanlagen und Automatisierungen. Jetzt anrufen!",https://www.elektro-becker-gmbh.de/,elektro-becker-gmbh.de,no
(Elektriker OR Gebäudetechnik OR Sicherheitstechnik OR Rohrreinigung) Essen,Essen,Jobbörse Essen | Pertec,"Elektriker (m/w/d) / Elektroniker (m/w/d) für den Schaltschrankbau - Essen, Duisburg, Bochum, Dortmund. Standort Essen; Essen, Duisburg, Bochum, Dortmund ...",https://www.pertec.de/jobboerse-essen,pertec.de,no
(Elektriker OR Gebäudetechnik OR Sicherheitstechnik OR Rohrreinigung) Essen,Essen,Elektroniker für Energie- und Gebäudetechnik (m/w/d),"Elektroniker für Energie- und Gebäudetechnik (m/w/d)Standort: Essen | Vollzeit | UnbefristetFür unseren Mandanten, ein etabliertes Essener ...",https://jobs.hypertrics.de/o/elektroniker-fur-energie-und-gebaudetechnik-mwd-4,jobs.hypertrics.de,no
(Elektriker OR Gebäudetechnik OR Sicherheitstechnik OR Rohrreinigung) Essen,Essen,Rohrreinigung & Kanalreinigung Essen | 24h Notdienst,Abfluss verstopft in Essen? Roel Umwelttechnik bietet schnelle & professionelle Rohrreinigung und Kanalreinigung. Unser 24h Notdienst ist 365 Tage im Jahr ...,https://roel-umwelttechnik.de/rohrreinigung-essen,roel-umwelttechnik.de,no
(Elektriker OR Gebäudetechnik OR Sicherheitstechnik OR Rohrreinigung) Essen,Essen,Ausbildung zum Elektroniker (w/m/d) - Elektro Decker GmbH,Starte mit uns in Deine berufliche Zukunft und beginne ab dem 1. August 2027 · Guter Hauptschulabschluss (in Mathematik und Deutsch wird eine gute Leistung ...,https://www.elektro-decker-nrw.de/karriere/stellenangebote/elektroniker-w-m-d-fuer-den-bereich-elektroinstallation/,elektro-decker-nrw.de,no
(Elektriker OR Gebäudetechnik OR Sicherheitstechnik OR Rohrreinigung) Essen,Essen,Essen: Sicherheit und Funktionalität - Elektrotechnik August Peters,"Wir sind für Sie rund um die Uhr im Einsatz - wir reparieren, installieren, konfigurieren und sanieren. Ihr Fachbetrieb.",https://www.elektrotechnik-augustpeters.de/unsere-leistungen/intelligent-modernisieren/sicherheit-und-funktionalitaet.html,elektrotechnik-augustpeters.de,no
(Elektriker OR Gebäudetechnik OR Sicherheitstechnik OR Rohrreinigung) Essen,Essen,Rohrreinigung in Essen - RKS Rohr und Kanal Technik GmbH,In Essen sind wir Ihr zuverlässiger Ansprechpartner für die professionelle Rohrreinigung Essen sowie die fachgerechte Pflege moderner Entwässerungssysteme.,https://rks-rohr-kanaltechnik.de/einsatzgebiet/essen/,rks-rohr-kanaltechnik.de,no
(Elektriker OR Gebäudetechnik OR Sicherheitstechnik OR Rohrreinigung) Essen,Essen,Smart Home Lösungen und Netzwerktechnik – ask Elektrotechnik in ...,"ask Elektrotechnik GmbH in Essen: Ihr Meisterbetrieb für Smart Home Lösungen, Steuerungstechnik, Schaltschrankbau, Netzwerktechnik, ...",https://ask-elektro.de/gebaeudetechnik/,ask-elektro.de,no
(Elektriker OR Gebäudetechnik OR Sicherheitstechnik OR Rohrreinigung) Essen,Essen,Elektroinstallation vom Fachmann - Fabry & Forsbach GmbHFabry ...,"Lieferung, Montage und Reparaturen von Nachtspeicherheizungen, Durchlauferhitzern bzw. Untertischgeräten; Beratung und Ausführung von Sicherheitstechnik ...",https://www.fabryforsbach.de/,fabryforsbach.de,no
(Elektriker OR Gebäudetechnik OR Sicherheitstechnik OR Rohrreinigung) Essen,Essen,R. ASSMANN Regeltechnik GmbH Essen | MSR-Technik ...,Seit 1975 errichten und betreuen wir die Gebäudetechnik unserer Kunden. Mit optimierten und zukunftorientierten Strategien sind wir Garant für eine ...,http://www.assmann-regeltechnik.de/,assmann-regeltechnik.de,no
(Elektriker OR Gebäudetechnik OR Sicherheitstechnik OR Rohrreinigung) Essen,Essen,Elektro Beschoner,"Hier schlägt das Herz unserer Firma. Vom Kurzschluss bis zum Wechseln eines Leuchtmittels, das Versetzen von Steckdosen oder die Überprüfung der ...",https://www.elektro-beschoner.de/,elektro-beschoner.de,no
(Elektriker OR Gebäudetechnik OR Sicherheitstechnik OR Rohrreinigung) Essen,Essen,Ausbildung als Elektroniker*in für Betriebstechnik (m/w/d | WG Essen,Die Wassergewinnung Essen GmbH ist ein Tochterunternehmen der GELSENWASSER AG und der Stadtwerke Essen AG. Die Gesellschaft beschäftigt sich mit der ...,https://www.wg-essen.de/karriere/ausbildung-als-elektronikerin-fuer-betriebstechnik-mwd/,wg-essen.de,no
(Elektriker OR Gebäudetechnik OR Sicherheitstechnik OR Rohrreinigung) Essen,Essen,Hoffrogge Elektroinstallation GmbH,"45141 Essen; phone_dark.svg (02 01) 21 16 32; mail_dark.svg info@elektro ... Sicherheitstechnik · Beleuchtungstechnik. Öffnungszeiten. Montag, 08:00 – 16:30 ...",https://www.elektro-hoffrogge.de/,elektro-hoffrogge.de,no
(Elektriker OR Gebäudetechnik OR Sicherheitstechnik OR Rohrreinigung) Essen,Essen,Elsatech Essen,Effizient arbeitende Heizungstechnik & Sanitäranlagen · Wir kümmern uns um Ihre Gebäudetechnik und Hausinstallation · Elektrotechnische Altbausanierung aus einer ...,https://elsatech.de/,elsatech.de,no
(Elektriker OR Gebäudetechnik OR Sicherheitstechnik OR Rohrreinigung) Essen,Essen,Decker Elektrotechnik GmbH,"Die Ausbildung zum Elektriker ... Um sich seinen Traum zu erfüllen, hat Fabian Decker die ehemalige Firma Ruiz und Schneider Elektrotechnik Essen GmbH übernommen ...",https://www.decker-elektrotechnik.de/,decker-elektrotechnik.de,no
(Elektriker OR Gebäudetechnik OR Sicherheitstechnik OR Rohrreinigung) Essen,Essen,Start | TT-Gebäudetechnik,"TT-Gebäudetechnik ist Ihr Ansprechpartner in allen Fragen rund um die Themen Sanitär-, Heizungs,- und Kältetechnik mit Sitz in Oberhausen.",https://www.tt-gebaeudetechnik.de/,tt-gebaeudetechnik.de,no
(Elektriker OR Gebäudetechnik OR Sicherheitstechnik OR Rohrreinigung) Essen,Essen,Professionelle Elektroinstallation | PR Elektrotechnik,"Durch bestens geschultes Personal, gute Produktkenntnisse, Profiwerkzeug und unsere jahrelange Erfahrung sind wir die Elektriker aus Essen, die Ihnen schnell, ...",https://www.elektrotechnik-pr.de/elektro/elektroinstallation,elektrotechnik-pr.de,no
(Elektriker OR Gebäudetechnik OR Sicherheitstechnik OR Rohrreinigung) Essen,Essen,Elektro Bober - Leistungen,Für Ihre Elektroinstallation bieten wir Ihnen einen kompetenten Rundum-Service nach Maß: von der Planung und Beratung über die fachgerechte Installation bis ...,https://www.elektro-bober.de/,elektro-bober.de,no
(Elektriker OR Gebäudetechnik OR Sicherheitstechnik OR Rohrreinigung) Essen,Essen,Haustechnik in Essen | Die besten 64 Fachbetriebe 2026,"64 Elektriker für Haustechnik in Essen gefunden ; Rezhwan Kadir HUG Haus & Gebäudetechnik. Schopenhauerweg 14, 45279 Essen. (01575) 4488158 ; Ulrich Messing ...",https://www.elektriker24.org/stadt/essen-ruhr/cat/haustechnik/,elektriker24.org,no
(Elektriker OR Gebäudetechnik OR Sicherheitstechnik OR Rohrreinigung) Essen,Essen,K&S Gebäudetechnik,Wir sind K&S Gebäudetechnik – einer der größten technischen Gebäudeausrüster in Nordrhein-Westfalen. Mit innovativen und perfekt aufeinander abgestimmten ...,https://www.ks-gebaeudetechnik.de/,ks-gebaeudetechnik.de,no
(Elektriker OR Gebäudetechnik OR Sicherheitstechnik OR Rohrreinigung) Essen,Essen,Elektriker in Essen - ET ElektroTechnik,"Elektriker in Essen: Elektroinstallation, Modernisierung, Fehlersuche, Smart Home & Netzwerk. Sauber, termintreu, verständlich. Tel. 15755136808.",https://www.et-elektrotechnik.online/elektriker-in-essen/,et-elektrotechnik.online,no
(Elektriker OR Gebäudetechnik OR Sicherheitstechnik OR Rohrreinigung) Essen,Essen,"Rohrreinigung Essen – Schnell, fair & transparent",Suchen Sie eine professionelle Rohrreinigung Essen? Das Team von Werkglück löst Ihre Abflussprobleme schnell und zuverlässig. Jetzt Kontakt aufnehmen!,https://werkglueck-rohrreinigung.de/,werkglueck-rohrreinigung.de,no
(Elektriker OR Gebäudetechnik OR Sicherheitstechnik OR Rohrreinigung) Essen,Essen,Elektriker | acquandoo ruhr - Wasserschadenmanagement,Elektriker · Bodenleger · Fliesenleger · Schreiner · Trockenbau · Maler. Sitz der Gesellschaft. acquandoo ruhr GmbH. Johanniskirchstraße 94 45329 Essen Telefon: ...,https://ruhr.acquandoo.com/sanierung/elektriker/,ruhr.acquandoo.com,no
(Elektriker OR Gebäudetechnik OR Sicherheitstechnik OR Rohrreinigung) Essen,Essen,"Offene Stellen im SHK Bereich im Raum Essen, Bottrop & Oberhausen","Hier finden Sie offen Stellenanzeigen im SHK Bereich wie zum Beispiel: Anlagenmechaniker (m/w/d) im Raum Essen, Bottrop & Oberhausen.",https://weber-essen.ruhr/jobs/,weber-essen.ruhr,no
(Elektriker OR Gebäudetechnik OR Sicherheitstechnik OR Rohrreinigung) Essen,Essen,RÜGER Bad und Heizung - Ihr Fachbetrieb für Haustechnik,"Sprechen Sie mit uns. Wir sind Ihr Fachbetrieb in Essen Holsterhausen, für alle Fragen rund um die Haustechnik, Badsanierung, Heizungsmodernisierung und ...",https://shk-rueger.de/,shk-rueger.de,no
(Elektriker OR Gebäudetechnik OR Sicherheitstechnik OR Rohrreinigung) Essen,Essen,Smarte Sanierung - Elektrotechnik Kohlmann Essen GmbH,Sicherheitstechnik · Busch-tenton® · Digitalradio DAB+ · Doepke · DFS Audio · Doepke ... Elektrotechnik Kohlmann Essen GmbHNiederweniger Straße 33245257 Essen ...,https://www.kohlmann-elektrotechnik.de/beratung/intelligentes-wohnen/smarte-sanierung.html,kohlmann-elektrotechnik.de,no
(Elektriker OR Gebäudetechnik OR Sicherheitstechnik OR Rohrreinigung) Essen,Essen,https://www.rohrreinigung-sanitär.de/,No information is available for this page. · Learn why,https://www.xn--rohrreinigung-sanitr-tzb.de/,xn--rohrreinigung-sanitr-tzb.de,no
(Elektriker OR Gebäudetechnik OR Sicherheitstechnik OR Rohrreinigung) Essen,Essen,Rohrreinigung in Essen finden,"Wenn Sie die Wartung und Reparatur von Rohrleitungen zu einem Hauptanliegen machen, können Sie Wasserschäden, elektrische Risiken, giftiges Schimmelwachstum und ...",https://rohrexperten24.de/orte/rohrreinigung-essen/,rohrexperten24.de,no
(Elektriker OR Gebäudetechnik OR Sicherheitstechnik OR Rohrreinigung) Essen,Essen,Elektroinstallation Sicherheit - Essen - Frank Scheffczyk,"Wir sind für Sie rund um die Uhr im Einsatz - wir reparieren, installieren, konfigurieren und sanieren. Ihr Fachbetrieb in Essen. ... Sicherheitstechnik · Busch- ...",https://www.frank-scheffczyk.de/unsere-leistungen/intelligent-modernisieren/sicherheit-und-funktionalitaet/elektroinstallation-sicherheit.html,frank-scheffczyk.de,no
(Elektriker OR Gebäudetechnik OR Sicherheitstechnik OR Rohrreinigung) Essen,Essen,Jobs/Ausbildung - RGE Servicegesellschaft Essen mbH,"Sollten aktuell keine Stellen in deinem gewünschten Einsatzbereich vakant sein, freuen wir uns, wenn du die Aktivitäten der RGE weiterverfolgst und vielleicht ...",https://www.rge-essen.de/jobs,rge-essen.de,no
(Elektriker OR Gebäudetechnik OR Sicherheitstechnik OR Rohrreinigung) Essen,Essen,Elektro-Sicherheitsberater in Essen,"Wir sind ein Meister- und Ausbildungsbetrieb mit zur Zeit 7 Mitarbeitern und gehören der Elektroinnung Essen an. Rufen Sie uns an, wenn Sie Umbau- oder ...",https://essen.branchen-info.net/tag/elektro-sicherheitsberater/339942/,essen.branchen-info.net,no
(Elektriker OR Gebäudetechnik OR Sicherheitstechnik OR Rohrreinigung) Essen,Essen,"Elektroinstallateure in Stadtbezirk I, Essen mit E-Mail, Bewertungen ...",... Gebäudetechnik tätig - Elektrosanierung - Photovoltaikanlagen - Wallbox Installation - Beleuchtungstechnik - Kamera & Netzwerktechnik - Aufzugsinstallation ...,https://web2.cylex.de/branchen/elektroinstallateure/Essen/?hw=1&dst=Stadtbezirk-I&hr=1&he=1,web2.cylex.de,no
(Elektriker OR Gebäudetechnik OR Sicherheitstechnik OR Rohrreinigung) Essen,Essen,"Leistungsspektrum: Sanitär, Bad, Heizung oder Klimatechnik",Mit unseren Leistungen müssen wir uns nicht verstecken. Ihr Auftrag ist unsere Arbeit.,https://www.stoebener.de/unternehmen/shk/leistungen,stoebener.de,no
(Sanitärinstallateur OR Heizungsinstallateur OR Kältetechnik) Leipzig,Leipzig,Kälte- und Klimatechnik- Leipzig GmbH: Startseite,"Wir realisieren für unsere Kunden Klimaanlagen, Kälteanlagen, Kühlzellen, Kühlhäuser, Kühlmöbel für Gastronomie und Handel, Industriekühlung.",https://klimatechnik-leipzig.de/,klimatechnik-leipzig.de,no
(Sanitärinstallateur OR Heizungsinstallateur OR Kältetechnik) Leipzig,Leipzig,Heizung und Sanitärbau Leipzig GmbH,"Die Heizung- Sanitärbau Leipzig GmbH bietet das komplette Kompetenzspektrum der Heizungs- und Sanitärtechnik für Gewerbebau, Hotelbau und Wohnungsbau im Raum ...",https://www.heizung-sanitaerbau.de/,heizung-sanitaerbau.de,no
(Sanitärinstallateur OR Heizungsinstallateur OR Kältetechnik) Leipzig,Leipzig,Wärmepumpe Klimaanlage und Kältetechnik in Leipzig,"Der Spezialist für Wärmepumpen, Klimaanlagen und Kälte-Technik im gewerblichen, öffentlichen und privaten Bereich · Egal ob Wärmepumpen für Ein- und ...",https://www.kaelte-klima-leipzig.de/,kaelte-klima-leipzig.de,no
(Sanitärinstallateur OR Heizungsinstallateur OR Kältetechnik) Leipzig,Leipzig,HSB: Heizung + Sanitär Bau in Leipzig und Umgebung,"Heizung, Sanitär, technische Hausbewirtschaftung und Wohnungsinstandsetzung. Profitieren Sie von unserer 30jährigen Erfahrung inkl. großen Bauprojekten.",https://www.hsb-leipzig.de/,hsb-leipzig.de,no
(Sanitärinstallateur OR Heizungsinstallateur OR Kältetechnik) Leipzig,Leipzig,Bad & Haustechnik Leipzig: Meisterbetrieb seit 4 Generationen,"✓ Komfort & Sicherheit für Ihr Zuhause: Wir modernisieren Bäder, installieren Sanitäranlagen, bauen Heizungen mit Wärmepumpen ein und sorgen für zuverlässige ...",https://reich-shk.de/,reich-shk.de,no
(Sanitärinstallateur OR Heizungsinstallateur OR Kältetechnik) Leipzig,Leipzig,▷ irbis Kälte- und Klimatechnik GmbH & Co. KG in Leipzig  ,"Wir von irbis realisieren Beratung, Planung, 3D Konstruktion, Ingenieurleistungen, Anlagenbau, Service und Wartung – Alles aus einer Hand. Hieraus verknüpfen ...",https://www.irbis.de/,irbis.de,no
(Sanitärinstallateur OR Heizungsinstallateur OR Kältetechnik) Leipzig,Leipzig,Willkommen bei Winter Sanitär- Heizung GmbH in Leipzig,"Wir installieren für Sie kreative Badlösungen sowie innovative Heizungsanlagen und übernehmen Installation, Wartung und Reparatur.",https://www.xn--heizung-sanitr-leipzig-d5b.de/,xn--heizung-sanitr-leipzig-d5b.de,no
(Sanitärinstallateur OR Heizungsinstallateur OR Kältetechnik) Leipzig,Leipzig,HSI Leipzig - Professionelle Heizungs- & Sanitärtechnik,Dem Heizungsprofi im Großraum Leipzig · Heizungsbau · Sanitär · Wärmepumpen · Anlagenplanung · Solarenergie & -beratung · Wartungsarbeiten & Reparatur.,https://hsi-leipzig.de/,hsi-leipzig.de,no
(Sanitärinstallateur OR Heizungsinstallateur OR Kältetechnik) Leipzig,Leipzig,Dähnert Haustechnik Inh. Matthias Dähnert | Bäder aus Leipzig,Ihr Fachbetrieb für Heizung & Sanitär. Profitieren Sie von unserer 145-jährigen Erfahrung! Unsere Mitarbeiter sind bestens geschult und haben Handwerk im Blut.,https://haustechnik-md.info/,haustechnik-md.info,no
(Sanitärinstallateur OR Heizungsinstallateur OR Kältetechnik) Leipzig,Leipzig,"KÄLTE-KLIMA Halle - Leipzig: Kältetechnik, Klimatechnik und ...",Mit ca. 20 Mitarbeitern und Mitarbeiterinnen wird kompetenter Kundendienst und die Planung und Montage von Kälte- und Klima-Anlagen sichergestellt. Im Juni 2008 ...,https://www.kaelte-klima-gmbh.de/kaelte-klima/standorte_kaelte_klima/kaeltetechnik_halle-leipzig.htm,kaelte-klima-gmbh.de,no
(Sanitärinstallateur OR Heizungsinstallateur OR Kältetechnik) Leipzig,Leipzig,Heizung Sanitär Solar - pipe-tec - Ihr Klempner in Leipzig,"Heizung, Solaranlagen, Wärmepumpen, Badgestaltung und Sanitär-Installationen. Mit der pipe-tec GmbH werden Ihre individuellen Projekte realisierbar.",https://www.heizung-sanitaer-leipzig-pipetec.de/,heizung-sanitaer-leipzig-pipetec.de,no
(Sanitärinstallateur OR Heizungsinstallateur OR Kältetechnik) Leipzig,Leipzig,HKS Petzold - Heizung Sanitär Leipzig – Klempner Leipzig,"Die Klempnerei Petzold ist Ihr kompetenter Heizungs- und Sanitärfachbetrieb aus Leipzig. Wir bieten Qualität und Fachwissen in den Bereichen Heizung, Sanitär, ...",https://www.klempner-leipzig.de/,klempner-leipzig.de,no
(Sanitärinstallateur OR Heizungsinstallateur OR Kältetechnik) Leipzig,Leipzig,Stiemer Gebäudemanagement | Sanitär Heizung Leipzig,"Wir von Stiemer Gebäudemanagement sind in allen Fragen zu Sanitär, Heizung, Klima und Lüftung sowie die Nutzung regenerativer Energien Ihr zuverlässiger und ...",https://www.stiemer.eu/,stiemer.eu,no
(Sanitärinstallateur OR Heizungsinstallateur OR Kältetechnik) Leipzig,Leipzig,Haustechnik Kukral,"Ihr verlässlicher Partner in Leipzig für professionelle Lösungen rund um Sanitär-, Heizungs- und Klimainstallationen.",https://haustechnik-kukral.de/,haustechnik-kukral.de,no
(Sanitärinstallateur OR Heizungsinstallateur OR Kältetechnik) Leipzig,Leipzig,Heizungsbau Kahlert GmbH - Leipziger Traditionsunternehmen seit ...,Daniel Kahlert GmbH (Leipzig) Heizungs- und Sanitär: Heizungstechnik | Sanitärtechnik | Gasanlagen | Wärmepumpenanlagen | Solar | Regenwassernutzung.,https://www.kahlert-heizung.de/,kahlert-heizung.de,no
(Sanitärinstallateur OR Heizungsinstallateur OR Kältetechnik) Leipzig,Leipzig,WKK Kälte Klimatechnik GmbH,0049-3416524659 · Info@wkk-le.de · Wir verwirklichen all Ihre Wünsche · Komfort für den Wohnraum · Unsere Öffnungszeiten · Zuverlässige Arbeit – schnell und flexibel ...,https://www.kaelte-leipzig.de/,kaelte-leipzig.de,no
(Sanitärinstallateur OR Heizungsinstallateur OR Kältetechnik) Leipzig,Leipzig,SHK Leipzig GmbH - Ihr Meister für Badmodernisierung in Leipzig,"Ob lang geplanter Badumbau oder die dringende Reparatur Ihrer Heizung – am besten rufen Sie uns einfach an. Unter +49341-26598112 beraten wir Sie freundlich, ...",https://shkleipzig.de/,shkleipzig.de,no
(Sanitärinstallateur OR Heizungsinstallateur OR Kältetechnik) Leipzig,Leipzig,Bernstein Haustechnik – SHK & Heizung in Leipzig,"Wir entwickeln für Sie professionelle Lösungen rund um Heizung, Sanitär und Klimatechnik. Von der Planung über die fachgerechte Installation bis zur Wartung ...",https://www.bernstein-haustechnik.de/,bernstein-haustechnik.de,no
(Sanitärinstallateur OR Heizungsinstallateur OR Kältetechnik) Leipzig,Leipzig,Kältetechnik & Klimatechnik Leipzig | Smok & Zahn Kälte Klima GmbH,"Smok & Zahn Kälte Klima GmbH – Ihr Meisterbetrieb für Kältetechnik, Klimaanlagen und Wärmepumpen in Leipzig und Umgebung. Beratung, Montage, Wartung und ...",https://sz-kaelteklima.de/,sz-kaelteklima.de,no
(Sanitärinstallateur OR Heizungsinstallateur OR Kältetechnik) Leipzig,Leipzig,Klempner Notdienst Leipzig - Haustechnik und Notdienst,Schnelle Haustechniklösungen und Sanitärinstallationen in Leipzig. Kontaktieren Sie uns für zuverlässige Reparaturen und individuelle Dienstleistungen.,https://www.industrie-haustechnik-service-notdienst.com/,industrie-haustechnik-service-notdienst.com,no
(Sanitärinstallateur OR Heizungsinstallateur OR Kältetechnik) Leipzig,Leipzig,Boltze Haustechnik in 04177 Leipzig,BOLTZE Haustechnik Henricistraße 34 | 04177 Leipzig Telefon: (0341) 47 73 46 9 | Telefax: (0341) 47 94 53 6 | Email: info@boltze-haustechnik.de ...,https://www.boltze-haustechnik.de/,boltze-haustechnik.de,no
(Sanitärinstallateur OR Heizungsinstallateur OR Kältetechnik) Leipzig,Leipzig,"Tilo Richter, Sanitär und Heizungsbau in Leipzig | Tilo Richter ...","Ich bin Ihr kompetenter und zuverlässiger Partner für Heizung, Sanitär, Klempnerei und Solar. · Durch meine langjährige Erfahrung im Bereich Sanitär- und ...",https://www.leipzig-sanitaer.de/,leipzig-sanitaer.de,no
(Sanitärinstallateur OR Heizungsinstallateur OR Kältetechnik) Leipzig,Leipzig,Matthias Kriegenherdt - Leipzig,Sanitärarbeiten für Bad und Küche · Gas- und Wasserinstallation · Heizung Neubau oder Modernisierung · Wartung von Heizungs- und Speicheranlagen ...,http://www.kriegenherdt.de/,kriegenherdt.de,no
(Sanitärinstallateur OR Heizungsinstallateur OR Kältetechnik) Leipzig,Leipzig,Rasenberger,"Unser Aufgabengebiet umfasst im Sanitärbereich die Badplanung und Badinstallation, Sanierung von Bädern und altersgerecht Badumbauten sowie ...",https://rasenberger.info/,rasenberger.info,no
(Sanitärinstallateur OR Heizungsinstallateur OR Kältetechnik) Leipzig,Leipzig,BIOLY - Heizung und Sanitär | Leipzig,Seit Jahren bietet unser Leipziger Heizungs- und Sanitärunternehmen von der konventionellen Gasheizung über die energiesparende Brennwerttechnik mit Fußboden- ...,https://www.bioly.net/,bioly.net,no
(Sanitärinstallateur OR Heizungsinstallateur OR Kältetechnik) Leipzig,Leipzig,"Auerbach GmbH - Heizung, Sanitär und Kühlturmtechnik in Leipzig ...",Innovative Lösungen! · Privatkunden · Hausverwaltungen · Industrie. +49 (0) 341 65 10 162. Kontakt. Sommerfelder Straße 79. 04316 Leipzig. Telefon: +49 (0) 341 ...,https://www.auerbach-leipzig.de/,auerbach-leipzig.de,no
(Sanitärinstallateur OR Heizungsinstallateur OR Kältetechnik) Leipzig,Leipzig,KMS-HEIZUNG GmbH - Leipzig,Sanitärinstallationen; Solarinstallationen; Klimatechnik; Lüftungsbau; Schornsteinsanierungen; Regenwassernutzungsanlagen; Saunabau; Baunebenleistungen. Wir ...,https://www.kms-heizung.de/,kms-heizung.de,no
(Sanitärinstallateur OR Heizungsinstallateur OR Kältetechnik) Leipzig,Leipzig,"Installation, Wartung und Service für alle Art von Klimaanlagen",Wegener GmbH | Leipzig | Heizung | Heizungsservice | Wartung | Notdienst | Elektro | Sanitär ... info@wegener-leipzig.de. Copyright © Wegener GmbH - All ...,https://www.wegener-leipzig.de/klimaanlagen/,wegener-leipzig.de,no
(Sanitärinstallateur OR Heizungsinstallateur OR Kältetechnik) Leipzig,Leipzig,Fachbetriebe finden – | Fachverband SHK Sachsen,"Innung Sanitär-Heizung-Klima Leipzig, Innung SHK Sanitär-Heizung-Klima Chemnitz und Umgebung, - geschlossen- Innung Heizung Sanitär Klima Annaberg, Innung ...",https://www.installateur.net/de/fachbetriebe-finden/?innung=19,installateur.net,no
(Sanitärinstallateur OR Heizungsinstallateur OR Kältetechnik) Leipzig,Leipzig,"Ihr Meisterbetrieb für Heizung, Sanitär und Solar in Leipzig","Nico Foltin – Ihr Spezialist für moderne Heizung- und Solar Systeme. Ihr Klempner für Sanitär, Heizkessel und Solarthermie. Jetzt direkt kontaktieren!",https://heisan-foltin.de/,heisan-foltin.de,no
(Sanitärinstallateur OR Heizungsinstallateur OR Kältetechnik) Leipzig,Leipzig,Heizung & Sanitär - Abacent Personalservice GmbH,Aus Leipzig in ganz Deutschland ... Mit unseren Leipziger Niederlassungen bedienen wir reibungslos alle Einsatzorte in ganz Deutschland. Nehmen Sie Kontakt mit ...,https://www.abacent.de/heizung-sanitaer/,abacent.de,no
(Sanitärinstallateur OR Heizungsinstallateur OR Kältetechnik) Leipzig,Leipzig,Heizung Sanitär Leipzig,"Die Firma bieten Qualität und Fachwissen in den Bereichen Heizung, Sanitär, Solar, Blechklempnerei, Rohrreinigung in EFH und MFH, Leckage-Ortung und der ...",https://sanitaer-heizung-leipzig.de/,sanitaer-heizung-leipzig.de,no
(Sanitärinstallateur OR Heizungsinstallateur OR Kältetechnik) Leipzig,Leipzig,"SHK Großhandel – Heizung, Sanitär, Klima | WS","WS Weinmann & Schanz GmbH ist der Versandgroßhandel für die Sanitär-, Heizungs- und Klimabranche.",https://www.weinmann-schanz.de/de/de.html,weinmann-schanz.de,no
(Sanitärinstallateur OR Heizungsinstallateur OR Kältetechnik) Leipzig,Leipzig,BSG Chemie Leipzig - Hannover 96 II - OneFootball,Sehen Sie die Ergebnisse von Hannover 96 II gegen BSG Chemie Leipzig im Club Freundschaftsspiele auf OneFootball.,https://onefootball.com/de/spiel/2686897,onefootball.com,no
(Sanitärinstallateur OR Heizungsinstallateur OR Kältetechnik) Leipzig,Leipzig,Ausschreibungen / Landkreis Schaumburg,"Umnutzung der Hausmeisterwohnung RGS - Kältetechnik. Name und Anschrift des ... Towers GmbH,Theklaer Straße 106, 04349 Leipzig. Abgeschlossenes ...",https://www.schaumburg.de/Aktuelles/Ausschreibungen/,schaumburg.de,no
(Sanitärinstallateur OR Heizungsinstallateur OR Kältetechnik) Leipzig,Leipzig,GC-GRUPPE - Der Großhandel für SHK,"Die GC-GRUPPE ist ein Großhandel für SHK Haustechnik und bietet Produkte für die Sortimentsbereiche Sanitär, Heizung, Klima/Lüftung, Elektro & Installation.",https://www.gc-gruppe.de/,gc-gruppe.de,no
(Sanitärinstallateur OR Heizungsinstallateur OR Kältetechnik) Leipzig,Leipzig,Immer der günstigste und sauberste Strom | 1KOMMA5°,3. Reihenhaus. 4. Anderes. Zurück. Wo befindet sich deine Heizung derzeit? Selecting an option will navigate to the next step. 1. Keller. 2. Erdgeschoss. 3.,https://1komma5.com/de/,1komma5.com,no
(Sanitärinstallateur OR Heizungsinstallateur OR Kältetechnik) Leipzig,Leipzig,"heima24: Online-Shop für Bad, Heizung & Sanitär",Sanitär Onlineshop ✓ Fachhandel für Heim- und Handwerker ✓ Markenqualität & Niedrige Preise ✓ Alles aus einer Hand ✓ Schneller Versand.,https://www.heima24.de/,heima24.de,no
(Sanitärinstallateur OR Heizungsinstallateur OR Kältetechnik) Leipzig,Leipzig,Karriere bei Rheinmetall – Jetzt Verantwortung übernehmen!,"Egal, wann Sie sich für uns als Arbeitgeber entscheiden, ob nach dem Schulabschluss, während bzw. nach Abschluss des Studiums oder mit beruflicher Erfahrung, ...",https://www.rheinmetall.com/de/karriere/uebersicht-karriere,rheinmetall.com,no
(Sanitärinstallateur OR Heizungsinstallateur OR Kältetechnik) Leipzig,Leipzig,Dein Studium an der IU | IU Internationale Hochschule,Die IU Internationale Hochschule bietet Dir das größte Angebot an Bachelor- und Masterstudiengängen sowie berufliche Spezialisierungen. Jetzt starten!,https://www.iu.de/,iu.de,no
(Sanitärinstallateur OR Heizungsinstallateur OR Kältetechnik) Leipzig,Leipzig,UKSH Universitätsklinikum Schleswig-Holstein,Finden Sie Ihre Expertin/Ihren Experten in unseren 500 Ambulanzen auf den Campi Kiel und Lübeck. Wir helfen Ihnen gern. Finden Sie Ihre Ambulanz. Standort.,https://www.uksh.de/,uksh.de,no
(Elektriker OR Gebäudetechnik OR Sicherheitstechnik OR Rohrreinigung) Leipzig,Leipzig,UNIROR Universal-Rohrreinigungs GmbH Leipzig in Leipzig: UNIROR,Entsorgung nicht gefährlicher Abfälle · Rohr- und Kanalreinigung · Rohr- und Kanaluntersuchungen mittels TV-Inspektion gemäß DIN EN 13508-2 u. a..,https://www.uniror-leipzig.de/,uniror-leipzig.de,no
(Elektriker OR Gebäudetechnik OR Sicherheitstechnik OR Rohrreinigung) Leipzig,Leipzig,Rohrreinigung Leipzig | ExRohr 24/7 Notdienst,"Sofortige Hilfe in Leipzig. ☎ 0800 20 999 20 (kostenlos, 24/7). Rohrreinigung, Kanalreinigung, Kanalsanierung und Dichtheitsprüfung.",https://exrohr.de/leipzig,exrohr.de,no
(Elektriker OR Gebäudetechnik OR Sicherheitstechnik OR Rohrreinigung) Leipzig,Leipzig,Innungsbetriebe - Elektro-Innung Leipzig,Innungsbetriebe ; A.L.M. Kabellinienbau GmbH. An der Windmühle 14 04158 Leipzig. 03419013521. 034119744697 ; AllTec · Gewerbegebiet Eula-West Nr. 11 04552 Borna.,https://www.elektro-innung-leipzig.de/innungsbetriebe.html,elektro-innung-leipzig.de,no
(Elektriker OR Gebäudetechnik OR Sicherheitstechnik OR Rohrreinigung) Leipzig,Leipzig,"EBA Elektro-, Bau- und Anlagentechnik GmbH Leipzig",Unsere Firma befasst sich mit der gesamten Bandbreite der Gebäudetechnik. Hauptprofil ist die klassische Elektroinstallation sowie MSR-Installationen und ...,https://www.eba-leipzig.de/,eba-leipzig.de,no
(Elektriker OR Gebäudetechnik OR Sicherheitstechnik OR Rohrreinigung) Leipzig,Leipzig,Rohrreinigung Leipzig – Norva24 Deutschland GmbH,Ihr Rohrreiniger in Leipzig & Umgebung! Zuverlässig ✓ Effizient ✓ 24 h Notdienst ✓ Rufen Sie uns an oder senden uns eine Mail!,https://norva24.de/rohrreinigung-leipzig/,norva24.de,no
(Elektriker OR Gebäudetechnik OR Sicherheitstechnik OR Rohrreinigung) Leipzig,Leipzig,EHK Krüger | Elektro- und Hausservice in Leipzig,Elektro- und Hausservice Krüger. Dreilindenstr. 26; 04177 Leipzig. info@ehk-leipzig ... leipzig.de. Öffnungszeiten. Montag bis Freitag von 07:00 bis 16:00 Uhr.,https://www.ehk-leipzig.de/,ehk-leipzig.de,no
(Elektriker OR Gebäudetechnik OR Sicherheitstechnik OR Rohrreinigung) Leipzig,Leipzig,Elektrotechnik Leipzig – FHT Fischer Haustechnik,"Ihr zertifizierter Fachbetrieb für Elektro-, Glasfaser- und Kommunikationstechnik in Leipzig. Qualität, Zuverlässigkeit und Kompetenz seit 1994.",https://fht-leipzig.de/,fht-leipzig.de,no
(Elektriker OR Gebäudetechnik OR Sicherheitstechnik OR Rohrreinigung) Leipzig,Leipzig,Ausbildungsplätze Energie- und Gebäudetechnik Leipzig,Ausbildungsplätze Leipzig Energie- und Gebäudetechnik: Aktuelle Lehrstellen und Ausbildungsstellen für Energie- und Gebäudetechnik in Leipzig und Umgebung.,https://www.jobs-in-leipzig.de/ausbildung/energie-und-gebaeudetechnik-leipzig,jobs-in-leipzig.de,no
(Elektriker OR Gebäudetechnik OR Sicherheitstechnik OR Rohrreinigung) Leipzig,Leipzig,Elektriker-Jobs Leipzig (m/w/d) - R+S solutions,Stellenangebote der R+S SOLUTIONS GMBH · Bauleiter Elektrotechnik (m/w/d) · Projektleiter Energie- und Gebäudetechnik (m/w/d) · Servicemonteur Elektrotechnik (m ...,https://www.rs-solutions.de/elektriker-jobs-leipzig/,rs-solutions.de,no
(Elektriker OR Gebäudetechnik OR Sicherheitstechnik OR Rohrreinigung) Leipzig,Leipzig,und Gebäudetechnik / Elektriker / Haustechniker (m/w/d),Bewerben Sie sich auf Elektroniker für Energie- und Gebäudetechnik / Elektriker / Haustechniker (m/w/d) bei ENGIE Deutschland GmbH.,https://www.xn--jobs-fr-leipzig-4vb.de/job/elektroniker-fuer-energie-und-gebaeudetechnik-elektriker-haustechniker-m-w-d.1899964735.html,xn--jobs-fr-leipzig-4vb.de,no
(Elektriker OR Gebäudetechnik OR Sicherheitstechnik OR Rohrreinigung) Leipzig,Leipzig,Ausbildung zum Elektroniker für Energie- und Gebäudetechnik (m/w/d),Bei uns bist Du als Elektroniker in Leipzig und Umgebung unterwegs. Wir sind ein quicklebendiges Unternehmen mit über 50 Mitarbeitern. Hier findest Du die ...,https://www.kabelbauleipzig.de/stellenangebote/ausbildung-zum-elektroniker-fuer-energie-und-gebaeudetechnik-m-w-d/,kabelbauleipzig.de,no
(Elektriker OR Gebäudetechnik OR Sicherheitstechnik OR Rohrreinigung) Leipzig,Leipzig,Berufsschule - Felix-Bloch-Schule,"Industrieelektriker Fachrichtung Betriebstechnik · Ausbildungsdauer: 2 Jahre · Installation, Inbetriebnahme und Wartung von elektrischen Anlagen in der Industrie ...",https://www.fbsbsz.de/index.php/schulprofil/berufsschule,fbsbsz.de,no
(Elektriker OR Gebäudetechnik OR Sicherheitstechnik OR Rohrreinigung) Leipzig,Leipzig,"Elektroniker / Elektriker (m/w/d) Gebäudetechnik in Leipzig, Sachsen","Betrieb, Inspektion, Wartung und Instandhaltung von haustechnischen Anlagen im Bereich Elektrotechnik · Störungsbedingte Instandsetzung und ...",https://www.fish4.co.uk/jobs/elektroniker-elektriker-m-w-d-geb-udetechnik-in-leipzig-sachsen-deutschland/9-3134539209C9,fish4.co.uk,no
(Elektriker OR Gebäudetechnik OR Sicherheitstechnik OR Rohrreinigung) Leipzig,Leipzig,15 Firmenadressen Rohrreinigung / Kanalsanierung Leipzig. Hilfe ...,Rohrreinigung Henne's · Uniror Universal Rohrreinigungs GmbH in Leipzig · ARS - Abluft- und Rohrreinigungsservice Rothe GmbH · Möbius Rohrtechnik & Renovation ...,https://www.leipzig-sachsen.de/firmen/bauberufe_handwerker/rohrreinigung.html,leipzig-sachsen.de,no
(Elektriker OR Gebäudetechnik OR Sicherheitstechnik OR Rohrreinigung) Leipzig,Leipzig,Elektriker (m/w/d) für Sicherheitstechnik - 36h/Woche - ASB GmbH,Wir bieten Ihnen eine unbefristete Festanstellung in einem · Sie werden regional in Leipzig und im Leipziger Umland ohne mehrtägige Reisen eingesetzt. · Sie haben ...,https://asb-security.career.softgarden.de/jobs/37091997/Elektriker-m-w-d-f%C3%BCr-Sicherheitstechnik---36h-Woche/,asb-security.career.softgarden.de,no
(Elektriker OR Gebäudetechnik OR Sicherheitstechnik OR Rohrreinigung) Leipzig,Leipzig,Jobs,Wir suchen zur sofortigen Anstellung: Elektroinstallateure & Servicetechniker (m/w/d) für Sicherheitstechnik: Ihr Aufgabengebiet umfasst die Montage und ...,https://www.sicherheit-nach-mass.de/jobs.html,sicherheit-nach-mass.de,no
(Elektriker OR Gebäudetechnik OR Sicherheitstechnik OR Rohrreinigung) Leipzig,Leipzig,Elektroniker (m/w/d) - WG Lipsia eG,"Praktische Ausbildung in eigener Firma und in Teilen bei einer Fremdfirma. Ausbildungsinhalte: Bearbeiten, Montieren, Installieren; Messen und Analysieren ...",https://wg-lipsia.de/stellenangebote/elektroniker/,wg-lipsia.de,no
(Elektriker OR Gebäudetechnik OR Sicherheitstechnik OR Rohrreinigung) Leipzig,Leipzig,US-Elektro,"Unser Service umfasst die Errichtung, Reparatur, Wartung und Planung von Elektroanlagen jeglicher Art bis 20kV · Errichtung, Wartung und Vermietung von ...",http://www.us-elektro-kg.de/,us-elektro-kg.de,no
(Elektriker OR Gebäudetechnik OR Sicherheitstechnik OR Rohrreinigung) Leipzig,Leipzig,"HTWK Leipzig Energie-, Gebäude- und Umwelttechnik","Beginn im 1. Jahr mit Vollzeit-Berufsausbildung; ab 2. Jahr Einstieg in das Studium an der HTWK Leipzig,; Absolvierung 1. bis 4. Fachsemester des ...",https://www.htwk-leipzig.de/studieren/studiengaenge/auslaufende-studiengaenge/energie-gebaeude-und-umwelttechnik-1,htwk-leipzig.de,no
(Elektriker OR Gebäudetechnik OR Sicherheitstechnik OR Rohrreinigung) Leipzig,Leipzig,Elektroniker:in mit Fachrichtung Energie - Universität Leipzig,"Elektroniker und Elektronikerinnen der Fachrichtung Energie- und Gebäudetechnik konzipieren, errichten, ändern, vernetzen, warten und reparieren ...",https://www.uni-leipzig.de/universitaet/arbeiten-an-der-universitaet-leipzig/berufsausbildung/elektronikerin,uni-leipzig.de,no
(Elektriker OR Gebäudetechnik OR Sicherheitstechnik OR Rohrreinigung) Leipzig,Leipzig,"Rohrreinigung, -bruch und Leckortung im Gewerbe Leipzig ...","Für Leipzig-Wiederitzsch übernimmt das BÖTTGER Heizung & Sanitär – Mit modernster Technik spüren wir Leckagen, Verstopfungen und Schäden zuverlässig auf und ...",https://www.boettger-heizung-sanitaer.de/proweb/gewerbekunden/rohrreinigung-leckortung,boettger-heizung-sanitaer.de,no
(Elektriker OR Gebäudetechnik OR Sicherheitstechnik OR Rohrreinigung) Leipzig,Leipzig,Elektroinstallation fachgerecht durch Elektriker aus Leipzig,Wir erneuern Ihre Elektroinstallation mit Sicherungskosten aus einer Hand für Ihr Haus und Wohnung. Neue Zuleitungen und Steckdosen verlegen ...,https://bossmann-gmbh-leipzig.de/leistungen/elektrotechnik/,bossmann-gmbh-leipzig.de,no
(Elektriker OR Gebäudetechnik OR Sicherheitstechnik OR Rohrreinigung) Leipzig,Leipzig,Umschulung Elektroniker:in (IHK) Leipzig | bfw,"Die Umschulung dauert 28 Monate in Vollzeit, inklusive 6 Monate Praktikum. Abschluss: Elektroniker:in (IHK), Fachrichtung Energie- und Gebäudetechnik – ...",https://www.bfw.de/angebot/umschulung/leipzig/elektronikerin-ihk-fachrichtung-energie-und-gebaeudetechnik-umschulung/,bfw.de,no
(Elektriker OR Gebäudetechnik OR Sicherheitstechnik OR Rohrreinigung) Leipzig,Leipzig,Jobs in Leipzig | FM Facility Management Stellenmarkt,Jobs in Leipzig: 6 offene Stellen · apoprojekt GmbH 1 · Fachverband SHK Sachsen 1 · Hermes Germany GmbH 1 · Ledino Deutschland GmbH 1 · Pleitz GmbH Heizung - Klima - ...,https://stellenmarkt.facility-management.de/region/deutschland/sachsen/leipzig/,stellenmarkt.facility-management.de,no
(Elektriker OR Gebäudetechnik OR Sicherheitstechnik OR Rohrreinigung) Leipzig,Leipzig,Stellenangebote Gebäudetechnik - Die Jobsuche für Leipzig,Springe zum Inhalt HOME ÜBER UNS GEBÄUDETECHNIK STEUERUNGSTECHNIK JOBS PRAKTIKA TEAM KONTAKT Ihre Leipziger Ingenieurgesellschaft für Elektrotechnik und ...,https://www.goodmonday.de/jobs.jsp?jobs=y&term=Geb%C3%A4udetechnik&town=Leipzig,goodmonday.de,no
(Elektriker OR Gebäudetechnik OR Sicherheitstechnik OR Rohrreinigung) Leipzig,Leipzig,FISCHER & KÖLZNER GmbH | Elektro- und Sicherheitstechnik,Hier finden Sie alle wichtigen Informationen zum Thema Elektro- und Sicherheitstechnik. ... 04155 Leipzig. +49 341 4420704. fischer.koelzner@t-online.de. Suche ...,https://fk-elektro.de/,fk-elektro.de,no
(Elektriker OR Gebäudetechnik OR Sicherheitstechnik OR Rohrreinigung) Leipzig,Leipzig,Elektrotechnik Paulick - Zuverlässiger Partner für Elektrotechnik,"Elektroinstallation für Privat-, Gewerbe- und Industriekunden. Mit einem Zuverlässigen Team können wir Ergebnisse liefern. Unsere Loyalität für eine ...",https://www.paulick-elektro.de/,paulick-elektro.de,no
(Elektriker OR Gebäudetechnik OR Sicherheitstechnik OR Rohrreinigung) Leipzig,Leipzig,Elektroinstallation Leipzig – Köhler Elektrotechnik,"Sie suchen einen Betrieb im Raum Leipzig, der bei der Elektroinstallation mit Kompetenz, Erfahrung und Flexibilität punkten kann? ... Gebäudetechnik. Unsere ...",https://www.koehler-gmbh.de/elektroinstallation-leipzig,koehler-gmbh.de,no
(Elektriker OR Gebäudetechnik OR Sicherheitstechnik OR Rohrreinigung) Leipzig,Leipzig,Staatlich geprüfte Techniker:in für Elektrotechnik - WBS Schulen,Staatlich geprüfte Techniker:in für Elektrotechnik - Bachelor Professional in Technik (Vollzeit). Fachschule für Technik Leipzig ... Leipzig. 17.08.2026 ...,https://www.wbs-schulen.de/fachschule-fuer-technik-und-wirtschaft-leipzig-fachschulstudium-techniker-elektrotechnik/,wbs-schulen.de,no
(Elektriker OR Gebäudetechnik OR Sicherheitstechnik OR Rohrreinigung) Leipzig,Leipzig,HE Heinrich Elektronik GmbH Leipzig,KNX Gebäudetechnik. Antennensysteme Netzwerktechnik. Türkommunikationsanlagen. Brandmeldesysteme Sprachalarmierungsanlagen Einbruchmeldeanlagen,https://www.he-leipzig.de/,he-leipzig.de,no
(Elektriker OR Gebäudetechnik OR Sicherheitstechnik OR Rohrreinigung) Leipzig,Leipzig,Umwelttechnik/Rohr- und Kanalservice Leipzig - Bau Bildung Sachsen,"Der Standort Leipzig ist auf die Durchführung von Schulungen im Fachbereich Umwelttechnik/Rohr-, Kanalservice spezialisiert und Ihr zuverlässiger Partner ...",https://bau-bildung.de/umwelttechnik-rohr-und-kanalservice-leipzig,bau-bildung.de,no
(Elektriker OR Gebäudetechnik OR Sicherheitstechnik OR Rohrreinigung) Leipzig,Leipzig,Elektroniker für Geräte und Systeme - BFW Leipzig,"Montage, Anschluss und Sicherheit von elektrischen Anlagen und Betriebsmitteln; Messung und Analyse elektrischer Funktionen und Systeme; Herstellung und ...",https://bfw-leipzig.de/reha-angebote/umschulung/gewerblich-technisch/elektroniker-fuer-geraete-und-systeme/,bfw-leipzig.de,no
(Elektriker OR Gebäudetechnik OR Sicherheitstechnik OR Rohrreinigung) Leipzig,Leipzig,Seibel365 Leipzig ❤️ Gebäudetechnik für Hausverwaltungen,"Unsere Leistungsbereiche · Elektroinstallation & Elektro-Notdienst · Sanitär-, Heizungs- und Warmwassertechnik (inkl. Notdienst) · Schlüsseldienst / ...",https://seibel-leipzig.de/,seibel-leipzig.de,no
(Elektriker OR Gebäudetechnik OR Sicherheitstechnik OR Rohrreinigung) Leipzig,Leipzig,Elektriker Leipzig. Services der Elektroinstallationsfirma,"Elektroinstallationen, Beleuchtungslösungen, Sicherheitstechnik, Smart Home Integration, Elektroprüfungen und Wartung das sind ein Teil unser Services.",https://elektriker-leipzig.websiteandmore.de/services/,elektriker-leipzig.websiteandmore.de,no
(Elektriker OR Gebäudetechnik OR Sicherheitstechnik OR Rohrreinigung) Leipzig,Leipzig,bsw-Fachschule für Technik Leipzig - Fort- und Weiterbildungen ...,Die bsw-Fachschule für Technik Leipzig bietet Fort- und Weiterbildungen an. Erfahren Sie mehr über die Vorteile und die praxisnahe Ausbildung bei uns.,https://www.fachschule-technik-leipzig.de/,fachschule-technik-leipzig.de,no
(Elektriker OR Gebäudetechnik OR Sicherheitstechnik OR Rohrreinigung) Leipzig,Leipzig,Leistungen - Top Elektroanlagen GmbH,04328 Leipzig. So finden Sie uns. 0341 259350 ... Elektroniker mit Fachrichtung Energie- und Gebäudetechnik / Elektronistallteur / Elektrotechniker (m/w/d).,https://elt-anlagen.de/Leistungen/,elt-anlagen.de,no
(Elektriker OR Gebäudetechnik OR Sicherheitstechnik OR Rohrreinigung) Leipzig,Leipzig,Hey Haustechnik: Ihr Fachmann für Heizung und Sanitär in und um ...,"Wir verstehen uns nicht nur als Dienstleister, sondern als Partner, der sich mit Leidenschaft um alle technischen Belange rund um Ihr Zuhause kümmert. Unser ...",https://www.hey-haustechnik.de/,hey-haustechnik.de,no
(Elektriker OR Gebäudetechnik OR Sicherheitstechnik OR Rohrreinigung) Leipzig,Leipzig,Sanitär- & Installationstechnik - Green Energy Systems Leipzig GmbH,"Egal ob es um die fachgerechte Verlegung von Wasserleitungen im Neubau, den Austausch defekter Stränge im Altbau oder die präzise Montage von Sanitärobjekten ...",https://www.green-energy-leipzig.de/sanitaerbau/sanitaer-und-installationstechnik,green-energy-leipzig.de,no
(Elektriker OR Gebäudetechnik OR Sicherheitstechnik OR Rohrreinigung) Leipzig,Leipzig,Ihr Profi für Gebäude- und Anlagenautomation - RPP Leipzig,Home · Tätigkeitsfelder Untermenü öffnen und schließen. Sanitärtechnik · Energieberatung · Wärmeversorgung · Lüftungsanlagen · Nutzungsspezifische Anlagen ...,https://rpp-leipzig.de/taetigkeitsfelder/gebaeudeautomation,rpp-leipzig.de,no
(Elektriker OR Gebäudetechnik OR Sicherheitstechnik OR Rohrreinigung) Leipzig,Leipzig,Über uns - elektrotechnik rené teich,Zusätzlich wird aufgrund von erfolgter Ausbildung die Sparte KNX-Gebäudetechnik mit in die Produktpalette aufgenommen. Es sind schon jetzt weitere ...,https://www.elektrotechnik-leipzig.de/uber-uns/,elektrotechnik-leipzig.de,no
(Elektriker OR Gebäudetechnik OR Sicherheitstechnik OR Rohrreinigung) Leipzig,Leipzig,Arbeitsgebiete - Ingenieurbüro Kamann,Blitzschutzanlagen. Ingenieurbüro Kamann Prager Str. 171 04299 Leipzig. Telefon: 0341 / 59 01 018. Telefax: 0341 / 59 01 019. Email: info@ib ...,https://www.ib-kamann.de/arbeitsgebiete/,ib-kamann.de,no
(Elektriker OR Gebäudetechnik OR Sicherheitstechnik OR Rohrreinigung) Leipzig,Leipzig,DÜVOS Energie- und Haustechnik GmbH (Standnummer: 42),"DÜVOS Energie- und Haustechnik GmbH (Standnummer: 42) ; Straße: Föpplstr. 09 ; Plz, Ort: 04347 Leipzig - DE ; Telefon: 0341 244720 ; E-Mail: info@duevos.de ; Website ...",https://deine-jobmesse.profairs.de/users/deine-jobmesse/ausstellerverzeichnis/?messeid=68&ausstellerid=2295,deine-jobmesse.profairs.de,no
(Elektriker OR Gebäudetechnik OR Sicherheitstechnik OR Rohrreinigung) Leipzig,Leipzig,Haustechnik - Branchenbuch Leipzig,No information is available for this page. · Learn why,https://leipzig.branchen-info.net/haustechnik-973-1.php,leipzig.branchen-info.net,no
(Elektriker OR Gebäudetechnik OR Sicherheitstechnik OR Rohrreinigung) Leipzig,Leipzig,Kabelsalat Elektrik,Über uns. Wir von Kabelsalat sind ein eingetragenes Handwerksunternehmen in Leipzig und können durch viel Erfahrung im Bereich der Elektrotechnik mit ...,https://kabelsalat-elektrik.de/,kabelsalat-elektrik.de,no
(Elektriker OR Gebäudetechnik OR Sicherheitstechnik OR Rohrreinigung) Leipzig,Leipzig,KSH Leipzig,"Technische-Gebäude-Ausrüstung KSH Ingenieurbüro GmbH. Wir bieten Service rund um Heizungstechnik, Sanitärtechnik, Lüftungstechnik, Elektrotechnik, ...",http://www.ksh-haustechnik.de/,ksh-haustechnik.de,no
(Elektriker OR Gebäudetechnik OR Sicherheitstechnik OR Rohrreinigung) Leipzig,Leipzig,Sanitär Heizung Klima in Leipzig,"Fachbetrieb Heizung, Sanitär, Klima, Lüftung in Leipzig, Gefährdungsanalyse und Risikoabschätzung.",https://www.weber-gebaeudetechnik.de/,weber-gebaeudetechnik.de,no
(Elektriker OR Gebäudetechnik OR Sicherheitstechnik OR Rohrreinigung) Leipzig,Leipzig,https://haustechnik-schulze.de/,No information is available for this page. · Learn why,https://haustechnik-schulze.de/,haustechnik-schulze.de,no
(Sanitärinstallateur OR Heizungsinstallateur OR Kältetechnik) Bremen,Bremen,Sanitär Heizung Elektro | Bremen Pinkepank,Unsere Leistungen 0421 43624 0 info@pinkepank-bremen.de Sonneberger Straße 428329 Bremen Pinkepank. Sanitär- und Elektroinstallation in Bremen und Umgebung. ...,https://www.pinkepank-bremen.de/,pinkepank-bremen.de,no
(Sanitärinstallateur OR Heizungsinstallateur OR Kältetechnik) Bremen,Bremen,Sanitär Heizung Meisterbetrieb | Bremen | Warnecke & Sohn,"Sie planen ein neues Bad oder eine neue Heizung? Dann sprechen Sie mit uns. Neubau, Umbau oder Sanierung - wir beraten Sie dabei zu allen Themen rund um Sanitär ...",https://www.warneckeundsohn.de/,warneckeundsohn.de,no
(Sanitärinstallateur OR Heizungsinstallateur OR Kältetechnik) Bremen,Bremen,Neumann & Grimm: Sanitär Heizung Energie Bad | Bremen,"Ihre Fragen zur Sanitär-, Heizungs- und Klimatechnik beantwortet Neumann & Grimm in Bremen. Sanitärinstallateuren lässt Badträume wahr werden.",https://www.neumann-grimm.de/,neumann-grimm.de,no
(Sanitärinstallateur OR Heizungsinstallateur OR Kältetechnik) Bremen,Bremen,Haustechnik in Bremen - Peinemann + Sohn (GmbH & Co. KG),"Peinemann + Sohn (GmbH & Co. KG) aus Bremen - Experten für Heizung | Sanitär | Bad | Klima – Beratung, Planung, Modernisierung – Unternehmen & Privatkunden.",https://www.peinemann.de/,peinemann.de,no
(Sanitärinstallateur OR Heizungsinstallateur OR Kältetechnik) Bremen,Bremen,"Bergmann GmbH, Bremen: Installateur Sanitär Heizung","Bergmann GmbH – Ihr Installateur für Sanitär, Heizung und effiziente Anlagen zur Nutzung erneuerbarer Energien rund um Bremen.",https://www.bergmann-bremen.de/,bergmann-bremen.de,no
(Sanitärinstallateur OR Heizungsinstallateur OR Kältetechnik) Bremen,Bremen,Anders Heizung-Sanitär GmbH Bremen – Ihr Fachbetrieb seit 1965,"Bremen – Sanitär, Heizung, Klimatechnik und Badsanierung seit 1965. Gegründet 1965 in Bremen – über 60 Jahre Erfahrung in Sanitär, ☎ Jetzt anrufen: 0421-870126",https://www.anders-bremen.de/,anders-bremen.de,no
(Sanitärinstallateur OR Heizungsinstallateur OR Kältetechnik) Bremen,Bremen,Jürgen Schulze GmbH: Willkommen,"Egal, ob Boden- oder Wandheizung, Schulze Heizung ist Ihr kompetenter Experte in Bremen und gewährleisten eine schnelle, saubere und zuverlässige Installation.",https://heizung-schulze.de/,heizung-schulze.de,no
(Sanitärinstallateur OR Heizungsinstallateur OR Kältetechnik) Bremen,Bremen,Installateur John GmbH – Ihr Partner für Bad & Heizung in Bremen,"Installateur John GmbH: Professionelle Bad- und Heizungsmodernisierung in Bremen. Von Planung bis Fertigstellung – individuell, zuverlässig und transparent.",https://installateur-john.de/,installateur-john.de,no
(Sanitärinstallateur OR Heizungsinstallateur OR Kältetechnik) Bremen,Bremen,"Sanitär Heizung | Bremen, Florian Franck","Ich bin Ihr zuverlässiger Ansprechpartner in allen Fragen zu Heizung, Bad und Sanitär im Altbau, bei Umbau und Anbau oder bei Sanierung und Modernisierung ...",https://www.florianfranck.de/,florianfranck.de,no
(Sanitärinstallateur OR Heizungsinstallateur OR Kältetechnik) Bremen,Bremen,Peter Bolte - Bad | Heizung | Klempnerei in Bremen,"Seit über 100 Jahren, führen wir alle Arbeiten rund ums Bad, Gasheizungsbau und Bauklempnerei für unsere Kunden in ganz Bremen und im Bremer Umland durch.",https://www.bolte-bremen.de/,bolte-bremen.de,no
(Sanitärinstallateur OR Heizungsinstallateur OR Kältetechnik) Bremen,Bremen,Ihr Installateur Sanitär Heizung GmbH - Bremen,"Planung, Bau, Service und Wartung von Sanitäranlagen, Heizungen und Einsatz regenerativer Energien in Bremen und umzu.",https://ihr-installateur.de/,ihr-installateur.de,no
(Sanitärinstallateur OR Heizungsinstallateur OR Kältetechnik) Bremen,Bremen,ENGELAGETROEGEL: Sanitär Heizung Bremen,"Ihr Installateur für Sanitär und Heizung aus Bremen. ENGELAGETROEGEL, Ihr Partner für Wasser und Wärme. Schöne Bäder, effiziente Heizungsanlagen, alternative ...",https://www.engelagetroegel.de/,engelagetroegel.de,no
(Sanitärinstallateur OR Heizungsinstallateur OR Kältetechnik) Bremen,Bremen,Karl Marggraf: Meisterbetrieb Sanitär Heizung | Bremen,"Ihr Installateur für Sanitär und Heizung aus Bremen. Karl Marggraf, Ihr Partner für Wasser, Wärme und Solar. Wenn eine neue Heizung eingebaut, die Umrüstung ...",https://www.dermarggraf.de/,dermarggraf.de,no
(Sanitärinstallateur OR Heizungsinstallateur OR Kältetechnik) Bremen,Bremen,GEITEKK: Gebäude- und Industrietechnik Bremen,"GEITEKK für Sanitär, Heizung, Kälte- und Klima- sowie Elektrotechnik rund um Bremen.",https://www.geitekk.de/,geitekk.de,no
(Sanitärinstallateur OR Heizungsinstallateur OR Kältetechnik) Bremen,Bremen,Heizung und Bad Bremen | Warneke + Schulz Meisterbetrieb,Meisterbetrieb für Bad & Heizung in Bremen. Vertrauen Sie auf über 100 Jahre Erfahrung & alles aus einer Hand. Jetzt Termin vereinbaren!,https://warneke-schulz.de/,warneke-schulz.de,no
(Sanitärinstallateur OR Heizungsinstallateur OR Kältetechnik) Bremen,Bremen,"Basel Gebäudetechnik GmbH, Sanitär und Heizung in Bremen Nord","Wir, die Basel Gebäudetechnik GmbH, sind ein Installationsbetrieb mit Sitz in Bremen Nord und haben uns auf die Sanierung von Bädern, den Austausch von alten ...",https://www.basel-gebaeudetechnik.de/,basel-gebaeudetechnik.de,no
(Sanitärinstallateur OR Heizungsinstallateur OR Kältetechnik) Bremen,Bremen,"ROLAND Kälte-Klimatechnik GmbH — Kälte, Klima & Lüftung in ...","Ihr Fachbetrieb für Kälte, Klima & Lüftung in Bremen und Weyhe. Professionelle Planung, Installation & Wartung für Gewerbe & Industrie. Seit über 40 Jahren!",https://www.roland-kaelteklima.de/,roland-kaelteklima.de,no
(Sanitärinstallateur OR Heizungsinstallateur OR Kältetechnik) Bremen,Bremen,Tegelbeckers: Ihr Klima- und Kälte-Spezialist für Bremen und umzu,Seit 1951 Ihr zuverlässiger Partner im Bereich Kältetechnik • Kühlanlagen • Wärmepumpen • Klimaanlagen • Lüftungstechnik ➤ Jetzt mehr erfahren!,https://www.tegelbeckers-gmbh.de/,tegelbeckers-gmbh.de,no
(Sanitärinstallateur OR Heizungsinstallateur OR Kältetechnik) Bremen,Bremen,Hüser Bad und Heizung: Installateur Bremen,Ihr Installateur für Sanitär und Heizung aus Bremen. · Hüser Bad und Heizung steht für echte Handwerksleistung. · Heizungsmodernisierung · Heizungswechsel - in ...,https://www.hueser-haustechnik.de/,hueser-haustechnik.de,no
(Sanitärinstallateur OR Heizungsinstallateur OR Kältetechnik) Bremen,Bremen,Raumluft & Kältetechnik Bremen - Bauklempnerei Citozi,Wir installieren Klimaanlagen und kümmern uns um ihre zentralen Lüftungsanlagen. Denn eine gute Raumluft sorgt für besseren Wohnkomfort.,https://bauklempnerei-citozi.de/kaeltetechnik-bremen/,bauklempnerei-citozi.de,no
(Sanitärinstallateur OR Heizungsinstallateur OR Kältetechnik) Bremen,Bremen,Ötjengerdes Badmodernisierung Heizung in Bremen,Modernisierung und den Neubau von Heizungsanlagen und Bädern im Großraum Bremen und umzu. Sanitär Reparaturen und Heizungsservice selbstverständlich.,https://oetjengerdes24.de/,oetjengerdes24.de,no
(Sanitärinstallateur OR Heizungsinstallateur OR Kältetechnik) Bremen,Bremen,Bauer & Söhne GmbH Heizung+Sanitär | Profis für Heizung ...,"Wir sind Ihr Partner für Haustechnik, Bad und Heizung in Bremen. Ob Heizungssanierung oder Badmodernisierung - wir realisieren Ihr Projekt.",https://bauer-soehne.de/,bauer-soehne.de,no
(Sanitärinstallateur OR Heizungsinstallateur OR Kältetechnik) Bremen,Bremen,Chr. Bollmann & Sohn GmbH – Startseite,"Schwerpunktmäßig sind wir in der Altbausanierung tätig – sei es neue Wasser- oder Kanalsysteme mit Rückstauschutz, neue Heizungsanlagen oder neue Bad-/ ...",https://www.bollmann-und-sohn.de/,bollmann-und-sohn.de,no
(Sanitärinstallateur OR Heizungsinstallateur OR Kältetechnik) Bremen,Bremen,Meisterbetrieb Geisweller aus Bremen | Sanitär und Heizung,Neben dem Einbau von Heizungen oder einem neuen Badezimmer führen wir auch Kleinreparaturen im Bereich Sanitär & Heizung aus.,https://www.geisweller-sanitaer-heizung.de/,geisweller-sanitaer-heizung.de,no
(Sanitärinstallateur OR Heizungsinstallateur OR Kältetechnik) Bremen,Bremen,Gebrüder Krüger Haustechnik – Bad & Heizung in Bremen,"Gebrüder Krüger Haustechnik – Ihr Fachbetrieb in Bremen für Badsanierung, Heizungsmodernisierung & smarte Haustechnik mit persönlicher Beratung.",https://gebr-krueger-haustechnik.de/,gebr-krueger-haustechnik.de,no
(Sanitärinstallateur OR Heizungsinstallateur OR Kältetechnik) Bremen,Bremen,Jürgen Neumann GmbH - Bremen,Jürgen Neumann Gmbh Gasheizungen · Klempnerei · Sanitäre Installation Fleetrade 54 · 28207 Bremen Telefon: +49 (0)421 498281 Telefax: +49 (0)421 5776720 ...,https://www.neumann-anlagenmechanik.de/,neumann-anlagenmechanik.de,no
(Sanitärinstallateur OR Heizungsinstallateur OR Kältetechnik) Bremen,Bremen,Lankenau Haustechnik | Ihr Fachbetrieb für Heizung in Bremen,Ob lang geplanter Badumbau oder die dringende Reparatur Ihrer Heizung – am besten rufen Sie uns einfach an. Unter Telefon 0421 646272 sind wir persönlich für ...,https://lankenau-bremen.de/,lankenau-bremen.de,no
(Sanitärinstallateur OR Heizungsinstallateur OR Kältetechnik) Bremen,Bremen,HLS Bremen: Sanitär + Heizung E. + K. Lang,"Badezimmer, Installationen, Klempnerarbeiten, Solaranlagen, Regenwassernutzungsanlagen und Abwasserhebeanlagen sind unsere Domänen. Bei Rohrbrüchen, ...",https://www.hls-portal.de/HLS/Bremen/1080/Sanit%C3%A4r+%2B+Heizung+E.+%2B+K.+Lang,hls-portal.de,no
(Sanitärinstallateur OR Heizungsinstallateur OR Kältetechnik) Bremen,Bremen,Energetische Sanierung Kälte & Klimatechnik Bremen,Kälte & Klimatechnik für Einfamilienhäuser in Bremen. Experten für ENERGETISCHE Sanierung. ✓ Qualität ✓ Preis ✓ schnelle Lieferung ⭐|⭐|⭐|⭐|,https://bossmann-store.de/Kaelte-Klimatechnik-Energetisch-fuer-ein-Einfamilienhaus-Bremen-Angebot/BR-ENERG-klimatec,bossmann-store.de,no
(Sanitärinstallateur OR Heizungsinstallateur OR Kältetechnik) Bremen,Bremen,k-s-der-heizungsmann.de,No information is available for this page. · Learn why,https://k-s-der-heizungsmann.de/,k-s-der-heizungsmann.de,no
(Sanitärinstallateur OR Heizungsinstallateur OR Kältetechnik) Bremen,Bremen,Klimatechniker in Bremen - Sanitärbetrieb Artelt OHG,Wir bringen das perfekte Raumklima in Ihr Haus. Neben einer individuellen Beratung übernehmen wir zusätzlich die Montage und Einrichtung Ihrer dezentralen ...,https://www.artelt-bremen.de/klimatechniker-bremen,artelt-bremen.de,no
(Sanitärinstallateur OR Heizungsinstallateur OR Kältetechnik) Bremen,Bremen,https://bremen.branchen-info.net/fp_638132.php,No information is available for this page. · Learn why,https://bremen.branchen-info.net/fp_638132.php,bremen.branchen-info.net,no
(Sanitärinstallateur OR Heizungsinstallateur OR Kältetechnik) Bremen,Bremen,Home Kontakt Impressum Sanitär Heizung,Installateur / Klempner / Heizung / Sanitär / ... www.bergmann-Bremen.de.,https://kirschenlohr-s.de/,kirschenlohr-s.de,no
(Elektriker OR Gebäudetechnik OR Sicherheitstechnik OR Rohrreinigung) Bremen,Bremen,Böttjer Elektrotechnik: Elektriker in Bremen,"Wir sind ein familiengeführter Meisterfachbetrieb für Elektrotechnik von Gewerbe- und Privatkunden aus dem Bremer Raum, Niedersachsen und Hamburg.",https://elektro-boettjer.de/,elektro-boettjer.de,no
(Elektriker OR Gebäudetechnik OR Sicherheitstechnik OR Rohrreinigung) Bremen,Bremen,Elektriker in Bremen – Elektro Thobe für moderne Elektrotechnik,"Elektro Thobe ist Ihr Elektriker in Bremen für Elektroinstallationen, Photovoltaik, Smart Home & mehr. Persönlich, kompetent, zuverlässig – jetzt ...",https://elektro-thobe.de/,elektro-thobe.de,no
(Elektriker OR Gebäudetechnik OR Sicherheitstechnik OR Rohrreinigung) Bremen,Bremen,Renke Gebäudetechnik GmbH: Start,"Wir sind Profis in den Bereichen Heizung, Lüftung, Sanitär, Elektro und Regenerative Energien. Mit umfangreichem Know-how arbeiten wir schnell, sauber, ...",https://renke-bremen.de/,renke-bremen.de,no
(Elektriker OR Gebäudetechnik OR Sicherheitstechnik OR Rohrreinigung) Bremen,Bremen,"Elektro Kriete in Bremen - Elektrotechnik für Haus, Büro & Gewerbe","Elektro Kriete bietet Leistungen rund um moderne Gebäudetechnik. Dazu gehören Elektroinstallationen, Netzwerktechnik, Sicherheitstechnik, Beleuchtung, ...",https://elektro-kriete.de/,elektro-kriete.de,no
(Elektriker OR Gebäudetechnik OR Sicherheitstechnik OR Rohrreinigung) Bremen,Bremen,ELEKTRO EGE GmbH und Co KG in Bremen,Unser Leistungsversprechen an Sie · Fach kompetente individuelle Beratung und Durchführung · Zuverlässige Umsetzung der geplanten Arbeiten · Faires Preis-Leistung ...,https://elektro-ege.de/,elektro-ege.de,no
(Elektriker OR Gebäudetechnik OR Sicherheitstechnik OR Rohrreinigung) Bremen,Bremen,Hanse Smart: Professionelle Elektroinstallationen in Bremen,"Als moderner Elektriker für Bremen und Umgebung realisieren wir sichere, effiziente und zukunftsfähige Elektroinstallationen für Wohn‑ und Gewerbeobjekte. Von ...",https://hanse-smart.de/,hanse-smart.de,no
(Elektriker OR Gebäudetechnik OR Sicherheitstechnik OR Rohrreinigung) Bremen,Bremen,Innungsbetriebe - Elektro-Innung Bremen,Innungsbetriebe ; Adler Solar GmbH. Ingolstädter Str. 1-3 28219 Bremen. 0421-83570100. info@adlersolar.de ; Alpert Elektrotechnik GmbH. Ludwig-Quidde-Str. 20,https://www.elektroinnung-bremen.de/innungsbetriebe.html,elektroinnung-bremen.de,no
(Elektriker OR Gebäudetechnik OR Sicherheitstechnik OR Rohrreinigung) Bremen,Bremen,Elektroniker/in - Energie- und Gebäudetechnik Bremen,Elektroniker/in - Energie- und Gebäudetechnik Jobs in Bremen: Top-Arbeitgeber ✓ aktuell ✓ lokal ✓ große Auswahl ➤ jetzt Stellenangebote in deiner Nähe ...,https://www.karriere-bremen.de/stellenangebote-elektroniker-energie-und-gebaeudetechnik,karriere-bremen.de,no
(Elektriker OR Gebäudetechnik OR Sicherheitstechnik OR Rohrreinigung) Bremen,Bremen,Elektroniker/in – Energie- und Gebäudetechnik,Elektroniker/innen der Fachrichtung Energie- und Gebäudetechnik planen elektrotechnische Anlagen von Gebäuden sowie deren Energieversorgung und Infrastruktur.,https://sz-vegesack.de/berufsschule/ausbildungsberufe/elektronikerin-energie-und-gebaeudetechnik/,sz-vegesack.de,no
(Elektriker OR Gebäudetechnik OR Sicherheitstechnik OR Rohrreinigung) Bremen,Bremen,Hoefert Elektro GmbH Bremen | Startseite,"Wir bieten optimale Lösungen für Netzwerktechnik, Gebäudetechnik und Kommunikationstechnik. Unsere Experten planen, liefern und installieren komplett ...",https://www.hoefert-elektro.de/,hoefert-elektro.de,no
(Elektriker OR Gebäudetechnik OR Sicherheitstechnik OR Rohrreinigung) Bremen,Bremen,Jobs Gebäudetechnik Bremen - jobs.weser-kurier.de,Aktuell 87 Jobs für Gebäudetechnik in Bremen gefunden auf jobs.weser-kurier.de - die Jobbörse des WESER-KURIER.,https://jobs.weser-kurier.de/jobs/geb%C3%A4udetechnik-in-bremen,jobs.weser-kurier.de,no
(Elektriker OR Gebäudetechnik OR Sicherheitstechnik OR Rohrreinigung) Bremen,Bremen,"und Gebäudetechnik, Ausbildung Bremen Elektroniker für Energie",Ausbildungsbeginn: 01.08.2026; Die Firma D'Behr Elektro Technik GmbH in Bremen sucht Auszubildende als Elektroniker für Gebäude- und Energietechnik (m/w/d) zum ...,https://www.jobs-in-bremen.info/ausbildung/elektroniker-fuer-energie-und-gebaeudetechnik-bremen,jobs-in-bremen.info,no
(Elektriker OR Gebäudetechnik OR Sicherheitstechnik OR Rohrreinigung) Bremen,Bremen,elektro-janssen-bremen.de: Home,"Alles für Ihr Unternehmen. Bei uns erhalten Sie genau die Lösungen, die optimal auf die Bedürfnisse in Ihrem Unternehmen abgestimmt sind.",https://elektro-janssen-bremen.de/,elektro-janssen-bremen.de,no
(Elektriker OR Gebäudetechnik OR Sicherheitstechnik OR Rohrreinigung) Bremen,Bremen,Elektroinstallation - Energiesparen - Bremen - Elektro Oelckers ...,Wir als Elektro-Profi garantieren Ihnen beste Qualität. · Fachkompetente individuelle Beratung und Durchführung · Zuverlässige Umsetzung der geplanten Arbeiten ...,https://www.elektro-oelckers.de/,elektro-oelckers.de,no
(Elektriker OR Gebäudetechnik OR Sicherheitstechnik OR Rohrreinigung) Bremen,Bremen,Specketer & Heitmann Elektrotechnik GmbH & Co. KG - Bremen,Als e-Marken Fachbetrieb garantieren Ihnen beste Qualität. · Fachkompetente individuelle Beratung und Durchführung · Zuverlässige Umsetzung der geplanten Arbeiten ...,https://www.specketer-heitmann.de/,specketer-heitmann.de,no
(Elektriker OR Gebäudetechnik OR Sicherheitstechnik OR Rohrreinigung) Bremen,Bremen,Team Funke Bremen – Ihr Partner für Gebäudetechnik,"Team Funke Bremen: Komplettanbieter für Gebäudetechnik. Wärmepumpe & PV für Privatkunden, Kälte, Klima, Heizung, Lüftung & Elektro für Gewerbe.",https://teamfunke-bremen.de/,teamfunke-bremen.de,no
(Elektriker OR Gebäudetechnik OR Sicherheitstechnik OR Rohrreinigung) Bremen,Bremen,Elektroniker (m/w/d) in Bremen gesucht - Ing. W. Wichmann Sanitär,Bewirb dich als Elektroniker für Energie- und Gebäudetechnik (m/w/d) bei Ing. W. Wichmann Sanitär- und Heizungstechnik GmbH aus Bremen!,https://www.wichmann-bremen.de/karriere/stellenangebote/elektroniker-fuer-energie-und-gebaeudetechnik-m/w/d-1/,wichmann-bremen.de,no
(Elektriker OR Gebäudetechnik OR Sicherheitstechnik OR Rohrreinigung) Bremen,Bremen,Fachplaner/in Elektrotechnik (Energie- und Gebäudetechnik) Bremen,"Spezialist für TGA Planung: Von Elektrotechnik- über HLS-Planung (Heizung, Lüftung, Sanitär) bis hin zur Versorgungstechnik steht die Hellmich + Partner Gruppe ...",https://hellmich-partner.de/fachplaner-in-elektrotechnik-energie-und-gebaeudetechnik-bremen/,hellmich-partner.de,no
(Elektriker OR Gebäudetechnik OR Sicherheitstechnik OR Rohrreinigung) Bremen,Bremen,Job Finder - Bremen - Ecotec GmbH,"Finden Sie hier aktuelle Jobangebote von ZECH - Ausbildungsplätze, attraktive Stellen für Professionals, Berufseinsteiger*innen und Studierende.",https://www.ecotec-bremen.de/karriere/job-finder,ecotec-bremen.de,no
(Elektriker OR Gebäudetechnik OR Sicherheitstechnik OR Rohrreinigung) Bremen,Bremen,Ausbildungsberufe von A-Z - Karriereportal - karriere.bremen.de,"Montieren von Rohrleitungen und Bauteilen sowie von Ver- und Entsorgungsanlagen; Installieren von zum Beispiel Heizkörpern, Waschbecken und Solaranlagen ...",https://www.karriere.bremen.de/ausbildungsberufe-von-a-z-34325,karriere.bremen.de,no
(Elektriker OR Gebäudetechnik OR Sicherheitstechnik OR Rohrreinigung) Bremen,Bremen,Elektroniker / Elektriker (m/w/d) Gebäudetechnik - Bremen,"Elektroniker / Elektriker (m/w/d) Gebäudetechnik Bremen · Betrieb, Inspektion, Wartung und Instandhaltung von haustechnischen Anlagen im Bereich Elektrotechnik ...",https://www.avanti-handwerk.de/stellenbeschreibung/elektroniker-elektriker-m-w-d-gebaeudetechnik-28209-bremen-acd03a6f-d777-41af-be0c-e18043a53f8f.html,avanti-handwerk.de,no
(Elektriker OR Gebäudetechnik OR Sicherheitstechnik OR Rohrreinigung) Bremen,Bremen,Gebäudetechnik Bremen: Ihre Experten für Haustechnik ...,"GOGO Gebäudetechnik kombiniert klassisches Elektrohandwerk mit moderner Gebäudeautomation und kompletter Kanaltechnik. Inhabergeführt, regional verwurzelt, 24/7 ...",https://gogo-gebaeudetechnik.de/,gogo-gebaeudetechnik.de,no
(Elektriker OR Gebäudetechnik OR Sicherheitstechnik OR Rohrreinigung) Bremen,Bremen,PAWEL-Elektrotechnik GmbH Experte für Gebäudeelektronik,"Wir sind Ihr Profi für Elektrotechnik, Datennetzwerktechnik und Einbruch- und Meldetechnik in Bremen.",https://www.pawel-elektrotechnik.de/,pawel-elektrotechnik.de,no
(Elektriker OR Gebäudetechnik OR Sicherheitstechnik OR Rohrreinigung) Bremen,Bremen,Bormann Gebäudetechnik,"Seitdem beraten, planen und realisieren wir kleine und große Bauvorhaben für private, gewerbliche und öffentliche Auftraggeber im Raum Bremen und ganz ...",https://bormann-gt.de/,bormann-gt.de,no
(Elektriker OR Gebäudetechnik OR Sicherheitstechnik OR Rohrreinigung) Bremen,Bremen,Ausbildung zum Elektroniker der Fachrichtung Energie U ...,Ausbildung zum Elektroniker der Fachrichtung Energie U Gebäudetechnik Bremen 2024 Stellenangebote · Elektroniker / Techniker Brandmeldeanlagen (m/w/d) ...,https://www.rapidjob.de/jobs/ausbildung-zum-elektroniker-der-fachrichtung-energie-u-geb%C3%A4udetechnik-bremen-2024-stellenangebote/,rapidjob.de,no
(Elektriker OR Gebäudetechnik OR Sicherheitstechnik OR Rohrreinigung) Bremen,Bremen,Elektrotechnik Schlobohm GmbH Bremen | Elektroinstallation ...,"Elektrotechnik Schlobohm GmbH in Bremen – Ihr Meisterbetrieb seit 1948 für Elektroinstallation, Photovoltaik, E-Ladestationen, Smart Home & KNX.",https://www.schlobohm-gmbh.de/,schlobohm-gmbh.de,no
(Elektriker OR Gebäudetechnik OR Sicherheitstechnik OR Rohrreinigung) Bremen,Bremen,Elektroniker:in für Energie- und Gebäudetechnik - Handwerk Bremen,"Bei uns können Sie den überbetrieblichen Lehrgang zum Elektroniker absolvieren. Zur Anmeldung oder bei Fragen, nehmen Sie gerne Kontakt mit uns auf!",https://www.handwerkbremen.de/ausbildung-ueba/ausbildung-ueba/elektroniker-in-fuer-energie-und-gebaeudetechnik,handwerkbremen.de,no
(Elektriker OR Gebäudetechnik OR Sicherheitstechnik OR Rohrreinigung) Bremen,Bremen,Leistungen - Zillmer Elektrotechnik Bremen GmbH,"Wartung, Reparatur, Modernisierung · Planung und Installation von elektrotechnischen Anlagen (Gebäudetechnik) · Programmierung von KNX-Anlagen · Sicherheitstechnik ...",https://zillmer-bremen.de/leistungen.html,zillmer-bremen.de,no
(Elektriker OR Gebäudetechnik OR Sicherheitstechnik OR Rohrreinigung) Bremen,Bremen,Gebäudetechnik für Bremen - Bormann Elektrobau,"Eine sorgfältige, kundenorientierte Beratung und Planung, fachgerechte Montagen sowie Wartungsarbeiten durch qualifizierte Mitarbeiter sind Voraussetzungen für ...",https://www.bormann-elektrobau.de/unternehmen/elektro/leistungen/gebaeudetechnik,bormann-elektrobau.de,no
(Elektriker OR Gebäudetechnik OR Sicherheitstechnik OR Rohrreinigung) Bremen,Bremen,Jobs - Bädeker & Rux Elektroinstallation GmbH aus Bremen,Starte jetzt deine Karriere in einer zukunftssicheren Branche! Bewirb dich jetzt für eine Ausbildung als Elektroniker für Energie- und Gebäudetechnik (m/w/d).,https://www.baedeker-rux.de/jobs.php,baedeker-rux.de,no
(Elektriker OR Gebäudetechnik OR Sicherheitstechnik OR Rohrreinigung) Bremen,Bremen,Elektrotechnik - Meyer Technik Unternehmensgruppe,"Auch die Sicherheitstechnik gehört zu unserem Leistungsspektrum. Dabei unterstützen wir Sie zum Beispiel bei den Themen Brandmeldetechnik, ...",https://www.meyergruppe.de/elektrotechnik,meyergruppe.de,no
(Elektriker OR Gebäudetechnik OR Sicherheitstechnik OR Rohrreinigung) Bremen,Bremen,Contact - Rohrreinigung Bremen Sanitär Experten mit 24/7 Notdienst.,"Unser freundliches Team berät Sie umfassend zu allen Leistungen rund um die Rohrreinigung und Sanitärarbeiten. Wir erklären Ihnen die Vorgehensweise, die ...",https://experten-rohrreinigung-bremen.de/contacts/,experten-rohrreinigung-bremen.de,no
(Elektriker OR Gebäudetechnik OR Sicherheitstechnik OR Rohrreinigung) Bremen,Bremen,Fachrichtung Technik - Allgemeine Berufsbildende Schule in Bremen,"Möchtest du später in einem handwerklichen Beruf tätig werden? Dann solltest du eines der Berufsfelder Elektrotechnik, Holztechnik, Metalltechnik oder Technik ...",https://abs-bremen.de/bildungsgaenge/berufsorientierungsklassebo/fachrichtung-technik.php,abs-bremen.de,no
(Elektriker OR Gebäudetechnik OR Sicherheitstechnik OR Rohrreinigung) Bremen,Bremen,Elektroniker:in Energie- und Gebäudetechnik - Christoffers,"Wir sind ein erfolgreich tätiger Anbieter von technischen Dienstleistungen in der Energie- und Versorgungstechnik, dessen Leistungsspektrum von der Planung über ...",https://www.christoffers.com/karriere_44---17.html,christoffers.com,no
(Elektriker OR Gebäudetechnik OR Sicherheitstechnik OR Rohrreinigung) Bremen,Bremen,"Wer ? - Helmke Haustechnik, Elektro, Sanitär, Bad","Der Firmensitz ist Thedinghausen. Im Einsatz sind wir vor allem für Kunden aus der Region Verden und Bremen, betreuen aber auch langejährige, überregionale ...",https://www.elektro-helmke.de/,elektro-helmke.de,no
(Elektriker OR Gebäudetechnik OR Sicherheitstechnik OR Rohrreinigung) Bremen,Bremen,Drücker Meisterbetrieb für Installationstechnik GmbH in Bremen,"Modernisierung, Wartung oder Reparatur – Ihr direkter Draht zum Experten · Langjährige Zusammenarbeit mit renommierten Herstellern · Ausschließlich Installation ...",https://druecker-gmbh.de/,druecker-gmbh.de,no
(Elektriker OR Gebäudetechnik OR Sicherheitstechnik OR Rohrreinigung) Bremen,Bremen,Sanitärinstallationen - Heitmann Haustechnik GmbH - Wehrbleck,"Die Energiewende gestalten mit moderner Haus- und Gebäudetechnik. Lassen Sie uns ... Im Städtedreieck zwischen Bremen, Osnabrück und Hannover gelegen ...",https://www.heitmann-haustechnik.de/loesungen/sanitaer/,heitmann-haustechnik.de,no
(Elektriker OR Gebäudetechnik OR Sicherheitstechnik OR Rohrreinigung) Bremen,Bremen,Seibel365 Bremen ❤️ Gebäudetechnik für Hausverwaltungen,Seibel365 unterstützt bei technischen Problemen und Maßnahmen rund um Gebäude und Anlagen – sowohl im privaten als auch im gewerblichen Bereich. Dazu zählen ...,https://seibel-bremen.de/,seibel-bremen.de,no
(Sanitärinstallateur OR Heizungsinstallateur OR Kältetechnik) Dresden,Dresden,Sachsen-Kälte GmbH: Start,"Wir installieren, reparieren und optimieren Kälte- und Klimatechnik jeder Größe, vom Kleingerät bis zur Gesamtanlage: Kühlschränke und Kühltruhen ...",https://www.sachsen-kaelte.de/,sachsen-kaelte.de,no
(Sanitärinstallateur OR Heizungsinstallateur OR Kältetechnik) Dresden,Dresden,HTS Haustechnik aus Dresden - Heizung | Bad | Klima | Elektro,"HTS Haustechnik in Dresden – Experten für Heizung | Sanitär | Bad | Klima | Elektro – Beratung, Planung, Wartung – Unternehmen & Privatkunden.",https://www.hts-dresden.de/,hts-dresden.de,no
(Sanitärinstallateur OR Heizungsinstallateur OR Kältetechnik) Dresden,Dresden,"Heizungs-, Sanitär-, Klima & Elektroinstallation | RINK","Experte für Heizung, Sanitär, Elektro & Klima. Wir übernehmen die Planung, Installation, Wartung, aller Branchen in Dresden für reibungslose Abläufe. ...",https://www.rink-dresden.de/,rink-dresden.de,no
(Sanitärinstallateur OR Heizungsinstallateur OR Kältetechnik) Dresden,Dresden,Betriebe - Innung SHK Dresden,Axel Auerswald / Heizung-Sanitär-Dach. Installateur- und Heizungsbaumeister Talstr. 37 01731 Kreischa. 035206/30 32 8 heizung@axel-auerswald.de,https://shk-dresden.de/betriebe/seite-0/?tx_bwguild_userlist%5Bdemand%5D%5Bcategories%5D%5B0%5D=6&cHash=4f382ae2dface38d3e553e801a1d3768,shk-dresden.de,no
(Sanitärinstallateur OR Heizungsinstallateur OR Kältetechnik) Dresden,Dresden,Haustechnik Lautenbach - Ihr Meister für Heizungen in Dresden,Ihr Fachmann für Heizungstechnik in Dresden und Umgebung. Als Experte für Modernisierung und Kundendienst kümmern wir uns um Ihr Anliegen.,https://haustechnik-lautenbach.de/,haustechnik-lautenbach.de,no
(Sanitärinstallateur OR Heizungsinstallateur OR Kältetechnik) Dresden,Dresden,"Heizungsbau & Badsanierung in Dresden, Loschwitz & Radebeul",Sanitärinstallation aus Dresden für Privatkunden & Unternehmen. Mit Haustechnik Piekara GmbH in Dresden erwartet Sie ein erfahrener Partner mit umfassenden ...,https://ht-piekara.de/,ht-piekara.de,no
(Sanitärinstallateur OR Heizungsinstallateur OR Kältetechnik) Dresden,Dresden,Heizungsbauer aus Dresden | Firma Ritter,"Heizungsbauer Ritter ist Ihr Experte für Heizung, Wärmepumpe, Sanitär und Solar für Dresden und Umland. Jetzt Kontakt aufnehmen!",https://www.heizungsbau-ritter.de/,heizungsbau-ritter.de,no
(Sanitärinstallateur OR Heizungsinstallateur OR Kältetechnik) Dresden,Dresden,Syllwasschy &amp; Söhne Heizungs-und Sanitärinstallation GmbH,"Wir sind Ihr Partner in Dresden , Dresden und Umgebung für alle Fragen rund um die Badsanierung, Heizungsmodernisierung, Haustechnik und Wohnraumlüftung.",https://syllwasschy.de/,syllwasschy.de,no
(Sanitärinstallateur OR Heizungsinstallateur OR Kältetechnik) Dresden,Dresden,"Klimaanlagen Wärmepumpen | Perfekt Klima, Dresden","Perfekt Klima – Ihr Installateur für Klimaanlagen, Klimatechnik, Lüftungsanlagen und Wärmepumpen rund um Dresden. Sprechen Sie mit uns!",https://www.perfektklima.de/,perfektklima.de,no
(Sanitärinstallateur OR Heizungsinstallateur OR Kältetechnik) Dresden,Dresden,"Brockmann Klima GmbH Dresden - Klima-, Lüftungs- und ...","Klima und Kälte, Heizung und Sanitär, Systemtechnik und Automation - Ihr zuverlässiger Partner von der Planung und Konzeption bis zur Ausführung aller ...",https://www.brockmann-klima.de/,brockmann-klima.de,no
(Sanitärinstallateur OR Heizungsinstallateur OR Kältetechnik) Dresden,Dresden,"Kretschmar Haustechnik GmbH | Dresden | Heizung, Bad, Sanitär","Als regionales Unternehmen und Fachbetrieb für Haustechnik unterstützen wir Kunden in Dresden und der Region bei Heizung, Sanitärinstallation, Lüftungstechnik ...",https://www.kht-dresden.de/,kht-dresden.de,no
(Sanitärinstallateur OR Heizungsinstallateur OR Kältetechnik) Dresden,Dresden,Geßner Haustechnik Dresden: Startseite,Als Handwerksunternehmen der Dresdner Innung für Sanitär Heizung Klima bieten wir Ihnen umfassende Leistungen für Haustechnik und Innenausbau.,https://gessner-haustechnik.de/,gessner-haustechnik.de,no
(Sanitärinstallateur OR Heizungsinstallateur OR Kältetechnik) Dresden,Dresden,Klempnerei Richter: Startseite,Sanitär und Heizung Richter Inh. S.Richter-Hinzer. Königsbrücker Landstraße 16 01109 Dresden. Telefon: +49 (0) 351 8 80 65 36. Telefax: +49 (0) 351 8 90 18 62,https://www.klempnerei-richter.de/,klempnerei-richter.de,no
(Sanitärinstallateur OR Heizungsinstallateur OR Kältetechnik) Dresden,Dresden,Heizungsbau Schoof in Dresden | Start,"Wir sind Fachbetrieb der Innung Sanitär-, Heizungs-, Klimatechnik Dresden und zeichnen uns durch beste Qualität, eine hohe Fachkompetenz und Termintreue aus.",https://www.heizungsbau-schoof.de/,heizungsbau-schoof.de,no
(Sanitärinstallateur OR Heizungsinstallateur OR Kältetechnik) Dresden,Dresden,Home - Heimann Sanitär Aus Dresden,"Unsere Expertise erstreckt sich über verschiedene Bereiche, einschließlich der individuellen Badplanung, Lüftung, Heizungsinstallation und regenerativer ...",https://heimann-sanitaer.de/,heimann-sanitaer.de,no
(Sanitärinstallateur OR Heizungsinstallateur OR Kältetechnik) Dresden,Dresden,Haustechnik-Team Dresden – Ihr Partner für Barrierefreie ...,"Auf diesen Seiten stellen wir unsere Firma als ausführendes Unternehmen in den Bereichen Heizung, Sanitär, Gasinstallationen, Trockenbau, Fliesenlegearbeiten ...",https://haustechnik-team.de/,haustechnik-team.de,no
(Sanitärinstallateur OR Heizungsinstallateur OR Kältetechnik) Dresden,Dresden,Neubert – Haustechnik + Sanitär,"Ihr Profi für Heizung, Wärmepumpen, Solartechnik, alternative Energien und Sanitär-Installationen. ... 01328 Dresden. Telefon: 0351 2176315. Telefax: 0351 2176316",https://www.neubert-ht.de/,neubert-ht.de,no
(Sanitärinstallateur OR Heizungsinstallateur OR Kältetechnik) Dresden,Dresden,Müller Heizung Sanitär Klima Haustechnik GmbH - Cossebauder Str ...,"Müller Heizung Sanitär Klima Haustechnik GmbH , Cossebauder Str.40 , 01157 Dresden Meisterbetrieb Heizung und Sanitär , Erneuerbare Energien , Wärmepumpen ...",https://www.mueller-haustechnik-dresden.de/,mueller-haustechnik-dresden.de,no
(Sanitärinstallateur OR Heizungsinstallateur OR Kältetechnik) Dresden,Dresden,Firma Lämpel – Heizungsbau und Sanitärinstallateur – Installation ...,"Installateur für Bad, Sanitär, Heizung und Lüftung · Unsere Leistungen · Projekte Badgestaltung · So erreichen Sie uns · Standort Dresden - Klotzsche · Kontaktieren ...",https://laempel.com/,laempel.com,no
(Sanitärinstallateur OR Heizungsinstallateur OR Kältetechnik) Dresden,Dresden,"Firma Wilhelm Miersch, Kälte–Klima–Service GmbH – Willkommen ...","Die Firma „Wilhelm Miersch, Kälte–Klima–Service GmbH” ist ein traditionsreiches, sächsisches Unternehmen auf dem Gebiet des Kälte- und Klimaanlagenbaus.",https://www.miersch-kaelte-klima.de/,miersch-kaelte-klima.de,no
(Sanitärinstallateur OR Heizungsinstallateur OR Kältetechnik) Dresden,Dresden,"Installateur Sanitär Heizung | Dresden, Sexauer-Dresden GmbH","Sexauer-Dresden GmbH – Ihr Installateur für Sanitär, Heizung und effiziente Anlagen zur Nutzung erneuerbarer Energien rund um Dresden.",https://www.sexauer-dresden.de/,sexauer-dresden.de,no
(Sanitärinstallateur OR Heizungsinstallateur OR Kältetechnik) Dresden,Dresden,Sanitär-& Heizungsbau Hesse: Home,Das Unternehmen wurde 1906 gegründet und ist über vier Generationen als Familienbetrieb geführt und für Ihre Qualitätsarbeit in Dresden und Umgebung bekannt.,https://klempnerei-hesse.de/,klempnerei-hesse.de,no
(Sanitärinstallateur OR Heizungsinstallateur OR Kältetechnik) Dresden,Dresden,Habelt-Haustechnik – Heizung & Sanitär Dresden,"Habelt-Haustechnik wurde 1992 gegründet. Es ist ein anerkannter Fach-& Ausbildungsbetrieb für Heizung und Sanitär, eingetragen in die Handwerksrollen sowie ins ...",https://habelt-haustechnik.de/,habelt-haustechnik.de,no
(Sanitärinstallateur OR Heizungsinstallateur OR Kältetechnik) Dresden,Dresden,Klempner- und Installateurmeister Christian Bergmann – Heizung ...,"Wir sind Fachbetrieb der Innung Sanitär-, Heizungs-, Klimatechnik Dresden. ; Sanitär- & Heizungsinstallation, Bauklempnerei ; Wartungen, Montage von Bauelementen.",https://www.klempnerei-bergmann.de/,klempnerei-bergmann.de,no
(Sanitärinstallateur OR Heizungsinstallateur OR Kältetechnik) Dresden,Dresden,J.Heinze und Söhne GmbH | Meisterbetrieb für Heizung in Dresden,"Seit 1992 Ihr zuverlässiger Partner für Wärmepumpen, Photovoltaik und Sanitärinstallation. In Dresden, Coswig, Klipphausen & Freital sind wir für Sie da!",https://heinze-heizungen.de/,heinze-heizungen.de,no
(Sanitärinstallateur OR Heizungsinstallateur OR Kältetechnik) Dresden,Dresden,Kältemeister,"Die Kältemeister sind deine Ansprechpartner Nr. 1 für Kälte und Klimatechnik in Raum Dresden. Wir übernehmen alle Service-, Wartungs- und Reparaturarbeiten ...",https://www.kaeltemeister.de/,kaeltemeister.de,no
(Sanitärinstallateur OR Heizungsinstallateur OR Kältetechnik) Dresden,Dresden,Lattermann Haustechnik,Heizung · Sanitär. Lüftung & Klima. Referenzen. Einfamilienhäuser. Neubau ... Duplex – Grafik und Druck Dresden UG · Impressum · Datenschutz. Rufen Sie uns an ...,https://www.haustechnik-lattermann.de/,haustechnik-lattermann.de,no
(Sanitärinstallateur OR Heizungsinstallateur OR Kältetechnik) Dresden,Dresden,Kälte- & Klimatechnik aus Dresden – B+N Haustechnik,"Effiziente Kältetechnik-Lösungen für optimale Kühlung, einschließlich maßgeschneiderter Klimaanlagen und Kühlsysteme, die auf individuelle Bedürfnisse ...",https://www.bplusn.de/haustechnik/kaeltetechnik/,bplusn.de,no
(Sanitärinstallateur OR Heizungsinstallateur OR Kältetechnik) Dresden,Dresden,Top 10 Heizungsbauer in Dresden - StarOfService,Beauftragen Sie den besten Heizungsbauer in Dresden · Utz Elsner Haustechnik-Anlagenbau · Alexander Dittrich · Gas – Bau Bluhm · Mennicke Rohrbau Dresden Gmbh.,https://www.starofservice.de/liste/sachsen/dresden/dresden/heizungsinstallation,starofservice.de,no
(Sanitärinstallateur OR Heizungsinstallateur OR Kältetechnik) Dresden,Dresden,Heizungs- und Sanitäre Installationen in Dresden,"1. Klempnerei Hesse, ein seit 1906 bestehender Familienbetrieb in vierter Generation, garantiert hochwertige Sanitär- und Heizungsarbeiten in Dresden und ...",https://dresden.branchen-info.net/branche/heizungs-und-sanitaere-installationen/990/,dresden.branchen-info.net,no
(Elektriker OR Gebäudetechnik OR Sicherheitstechnik OR Rohrreinigung) Dresden,Dresden,Kanalinspektion & Rohrreinigung Dresden - Kanalinspektion ...,Rohrreinigung und Kanalinspektion für Dresden und Umgebung. Jetzt anrufen 0157-33335455. Kanalinspektion in Dresden und Umgebung. 24 Stunden am Tag und 7 Tage ...,https://33335455.de/,33335455.de,no
(Elektriker OR Gebäudetechnik OR Sicherheitstechnik OR Rohrreinigung) Dresden,Dresden,Elektrotechnik-Dienstleistungen | Dresden | Thomas Schaefer,Elektrotechnik-Dienstleistungen und ein breites Spektrum elektrischer Installationen in Dresden und Umgebung. Landstraße 229 01259 Dresden Kontakt 01728 569065 ...,https://www.elektriker-dresden.eu/,elektriker-dresden.eu,no
(Elektriker OR Gebäudetechnik OR Sicherheitstechnik OR Rohrreinigung) Dresden,Dresden,Rohrreinigung Dresden: 24h Notdienst - RohrStar.de,"Unser Notdienst für Rohrreinigung Dresden ist 24 Stunden/Tag besetzt, also zu jeder Tages- und Nachtzeit - egal ob unter der Woche oder am Wochenende.",https://rohrstar.de/rohrreinigung-dresden,rohrstar.de,no
(Elektriker OR Gebäudetechnik OR Sicherheitstechnik OR Rohrreinigung) Dresden,Dresden,MS Tec Gebäudetechnik - Dresden,"MS-Tec ist Ihr Partner beim Neubau von Eigenheimen für die gesamte Gebäudetechnik im Bereich Heizung/Sanitär, Solar- und Energiesparanlagen sowie deren ...",https://ms-tec-gebaeudetechnik.de/,ms-tec-gebaeudetechnik.de,no
(Elektriker OR Gebäudetechnik OR Sicherheitstechnik OR Rohrreinigung) Dresden,Dresden,Innungsbetriebe - Elektro-Innung Dresden,EBE Bernd Engst GmbH & Co. KG Elektrounternehmen. Otto-Mohr-Straße 9 01237 Dresden. 035127232-100. 035127232-199. info@ebe-dresden.de.,https://www.elektroinnung-dresden.de/innungsbetriebe.html,elektroinnung-dresden.de,no
(Elektriker OR Gebäudetechnik OR Sicherheitstechnik OR Rohrreinigung) Dresden,Dresden,ELEKTRO DRESDEN-WEST Gesellschaft für Elektrotechnik mbH ...,"Wir, die ELEKTRO DRESDEN-WEST Gesellschaft für Elektrotechnik mbH (EDW) sind ein mittelständisches Unternehmen im Bereich der Elektro- und Gebäudetechnik.",https://www.ed-w.de/startseite/,ed-w.de,no
(Elektriker OR Gebäudetechnik OR Sicherheitstechnik OR Rohrreinigung) Dresden,Dresden,Trautmann Technik Team Dresden: Elektrotechnik Dresden | Mit uns ...,Ob Elektroinstallationen oder Innenausbau – im Bereich der komplexen Bauleistungen ist das Trautmann Technik Team gut für Sie aufgestellt. Die Aufstellung steht.,https://trautmann-technik-team.de/,trautmann-technik-team.de,no
(Elektriker OR Gebäudetechnik OR Sicherheitstechnik OR Rohrreinigung) Dresden,Dresden,Wir planen und projektieren Ihre Elektroanlagen in Dresden,Wir planen und projektieren Elektroanlagen in Dresden. Mit intelligenten Bussystemen und Einsatz von Markenprodukten entsprechen wir höchstenAnforderungen.,https://elektro-herrmann.de/,elektro-herrmann.de,no
(Elektriker OR Gebäudetechnik OR Sicherheitstechnik OR Rohrreinigung) Dresden,Dresden,Ausbildung: Elektroniker/in für Energie- und Gebäudetechnik (m/w/d),"Als Azubi in der Fachrichtung Energie- und Gebäudetechnik lernst du, die elektrische Stromversorgung von Gebäuden beim Hausbau zu planen, einzurichten und ...",https://www.elektrobau-dresden-ost.de/unternehmen/elektro/recruiting/jobdetail?mode=jobdetail&jobid=14972,elektrobau-dresden-ost.de,no
(Elektriker OR Gebäudetechnik OR Sicherheitstechnik OR Rohrreinigung) Dresden,Dresden,RENG Elektrotechnik Dresden: Standort und Kontakt,Zur Verstärkung unseres wachsenden Teams mit dauerhaften Einsatz bei einem Industriekunden im Norden von Dresden (keine Auswärtsmontage) suchen wir Kollegen.,https://renggruppe.de/de/standorte/dresden/,renggruppe.de,no
(Elektriker OR Gebäudetechnik OR Sicherheitstechnik OR Rohrreinigung) Dresden,Dresden,Berufliches Schulzentrum für Elektrotechnik Dresden,"Die Berufsschule des BSZ für Elektrotechnik besitzt als dualer Partner von Handwerks- und Industrie-Unternehmen die Kompetenz, die Erstausbildung für junge ...",https://bszet.de/,bszet.de,no
(Elektriker OR Gebäudetechnik OR Sicherheitstechnik OR Rohrreinigung) Dresden,Dresden,Elektro Zierke – Elektroinstallation in Dresden und Umgebung,Unser Kerngeschäft ist vor allem die klassische Elektroinstallation in Dresden und Umgebung. Leistungen im Detail. Qualität aus Sachsen - seit 1978. Unsere ...,https://www.elektro-zierke.de/,elektro-zierke.de,no
(Elektriker OR Gebäudetechnik OR Sicherheitstechnik OR Rohrreinigung) Dresden,Dresden,"Berufe AZ - Anlagenmechaniker für Sanitär-, Heizungs","Mit Köpfchen und Spezialwerkzeugen installierst und checkst du regelmäßig Heizungs-, Klima- und Lüftungsanlagen - hochmoderne Systeme, bei denen es um ...","https://hwk-dresden.odav.de/2,0,bazdetail.html?id=1016",hwk-dresden.odav.de,no
(Elektriker OR Gebäudetechnik OR Sicherheitstechnik OR Rohrreinigung) Dresden,Dresden,SINA GmbH Dresden - www.saxbranchen.de,"Fachgerechte Elektroinstallationen von Elektrotechnik, Gebäudeautomation, Smart Home (KNX Bussysteme) für Industriegewerbe, Wohnungswirtschaft und Privatkunden.",https://www.saxbranchen.de/Dresden/Elektroinstallation/SINA%20GmbH%20Dresden-1977522/,saxbranchen.de,no
(Elektriker OR Gebäudetechnik OR Sicherheitstechnik OR Rohrreinigung) Dresden,Dresden,"Ausbildung - Heizungs-, Sanitär- und Elektroservice - Ullrich-Dresden","Ullrich Gebäudetechnik GmbH. Heizungs-, Sanitär- und Elektroservice Gostritzer Str. 1 01217 Dresden 0351-877520 | info@ullrich-gt.de. Notfall-Button.",https://www.ullrich-gt.de/karriere/ausbildung,ullrich-gt.de,no
(Elektriker OR Gebäudetechnik OR Sicherheitstechnik OR Rohrreinigung) Dresden,Dresden,Weber Haustechnik Dresden,"Unser Angebot erstreckt sich dabei auf Vertrieb, Planung, Einbau und nicht zuletzt Sanierung und Wartung diverser Anlagen. Sämtliche Komplettleistungen ...",https://www.weber-dresden.de/,weber-dresden.de,no
(Elektriker OR Gebäudetechnik OR Sicherheitstechnik OR Rohrreinigung) Dresden,Dresden,ELEKTRO-SCHWEISSTECHNIK-DRESDEN GmbH – est-dresden ...,"Unsere Ingenieure und Spezialisten entwickeln, fertigen und vertreiben Produkte und Anwendungsverfahren für modernste Schweißtechnologien weltweit.",https://www.est-dresden.de/,est-dresden.de,no
(Elektriker OR Gebäudetechnik OR Sicherheitstechnik OR Rohrreinigung) Dresden,Dresden,Fachkraft Elektronik/Mechatronik (m/w/d) - Berndt Rohr,"in Vollzeit, unbefristet. Standort: Dresden/Kesselsdorf · erfolgreich abgeschlossene Ausbildung als Mechatroniker, Elektriker, Landmaschinenmechaniker/ - ...",https://www.rks-berndt.de/meine-zukunft/stellenangebote/elektroniker-mechatroniker/,rks-berndt.de,no
(Elektriker OR Gebäudetechnik OR Sicherheitstechnik OR Rohrreinigung) Dresden,Dresden,Ausbildung - Elektrobildungs- und Technologiezentrum e. V. - ebz.de,"ÜBA-Kursangebote, u. a. für Elektroniker im Handwerk in den unterschiedlichen Fachrichtungen · kooperative Ausbildungskursangebote, Service- und ...",https://www.ebz.de/ausbildung/,ebz.de,no
(Elektriker OR Gebäudetechnik OR Sicherheitstechnik OR Rohrreinigung) Dresden,Dresden,Elektro-Sanitär-Paul GmbH - Ihr Profi für Elektro in Dresden,Ihr Partner für moderne Energietechnik und technischen Innenausbau ... Die ESP GmbH steht für integrierte Lösungen rund um regenerative Gebäudetechnik. Wir planen ...,https://esp-gmbh.de/,esp-gmbh.de,no
(Elektriker OR Gebäudetechnik OR Sicherheitstechnik OR Rohrreinigung) Dresden,Dresden,Gebäudetechnik Ledwig: Gebäudetechnik | Haustechnik | Heizung ...,Ihr Fachbetrieb für Kanalreinigung - Heizung und Wärme sowie hochwertige Bäder und Saunaanlagen bei Dresden. 035954 50011.,https://www.gebaeudetechnik-ledwig.de/haustechnik-grossharthau,gebaeudetechnik-ledwig.de,no
(Elektriker OR Gebäudetechnik OR Sicherheitstechnik OR Rohrreinigung) Dresden,Dresden,Über Uns - Wir sind die Meisterwerke Dresden,"Ob Dach, Maler, Bad und Sanitär, ob Elektro, Heizung und Klima, ob Stahl- und Metallbau, Sicherheitstechnik, Briefkasten- sowie Klingelanlagen und vieles mehr.",https://meisterwerke-dresden.de/ueber-uns,meisterwerke-dresden.de,no
(Elektriker OR Gebäudetechnik OR Sicherheitstechnik OR Rohrreinigung) Dresden,Dresden,Gebäudetechnik bundesweit,Gebr. Biermann Haustechnik GmbH · Haustechnik für Gewerbe und Privat · Wartung und Kundenservice · Deutschlandweit im Einsatz.,https://www.biermann-haustechnik.de/,biermann-haustechnik.de,no
(Elektriker OR Gebäudetechnik OR Sicherheitstechnik OR Rohrreinigung) Dresden,Dresden,Netzwerk- & Sicherheitstechnik - Dresden - Karsten Eißner,"Zuverlässige Netzwerk- und Sicherheitstechnik in Dresden: IT‑Infrastruktur, Videoüberwachung, Zutrittskontrolle & Service vom Elektrofachbetrieb Eißner.",https://www.elt-eissner.de/leistungen/netzwerk-und-sicherheitstechnik,elt-eissner.de,no
(Elektriker OR Gebäudetechnik OR Sicherheitstechnik OR Rohrreinigung) Dresden,Dresden,EGA Elektroanlagenbau GmbH – Ihr Fachbetrieb für Elektrotechnik,"EGA Elektroanlagenbau GmbH in Pirna – Ihr zuverlässiger Partner für Elektroinstallation, Gebäudetechnik, Medizintechnik, Sicherheitstechnik und Solaranlagen ...",https://www.ega-elektroanlagenbau.de/,ega-elektroanlagenbau.de,no
(Elektriker OR Gebäudetechnik OR Sicherheitstechnik OR Rohrreinigung) Dresden,Dresden,Rauchabzugsanlagen Dr. Grundke eK - Fachfirmendetail - BHE,Grundke e.K.. Jägerstraße 33. 01099 Dresden. Tel.: 0351 8012434. Fax: 0351 8034177. E-Mail ... Sicherheitstechnik e.V.. Mitglied werden · Datenschutzerklärung ...,https://www.bhe.de/fachfirmendetail?fid=14277,bhe.de,no
(Elektriker OR Gebäudetechnik OR Sicherheitstechnik OR Rohrreinigung) Dresden,Dresden,"Elektro Förster | Elektrotechnik, Luft- und Klimatechnik in Dresden",Schnelle und fachkundige Instandsetzung defekter Anlagen und Systeme — damit alles wieder reibungslos läuft. 06. Elektroreparaturen. Zuverlässige Reparatur ...,https://elektrofoerster.com/,elektrofoerster.com,no
(Elektriker OR Gebäudetechnik OR Sicherheitstechnik OR Rohrreinigung) Dresden,Dresden,Sanitär-Fachbetrieb für Großprojekte: RohrTechnik Pro,"Sanitärinstallation & Wasserinstallation für Großprojekte – RohrTechnik Pro, Ihr Sanitär-Fachbetrieb in Leipzig, Dresden & Berlin. Jetzt anfragen!",https://rohrtechnikpro.de/,rohrtechnikpro.de,no
(Elektriker OR Gebäudetechnik OR Sicherheitstechnik OR Rohrreinigung) Dresden,Dresden,Hegewaldt,Diese Seite ist momentan noch im Aufbau! ! ! Bitte um Ihr Verständnis. Copyright © 2022.,https://www.reinigungstechnik-dresden.de/,reinigungstechnik-dresden.de,no
(Elektriker OR Gebäudetechnik OR Sicherheitstechnik OR Rohrreinigung) Dresden,Dresden,10 Dresden jobs - Work from home | Glassdoor,Search work from home jobs in Dresden. Get the right remote job in Dresden with company ratings and salaries. 10 open work from home jobs in Dresden.,"https://www.glassdoor.co.in/Job/dresden-sachsen-energie-quereinsteiger-jobs-SRCH_IL.0,7_IC2610266_KW8,38.htm",glassdoor.co.in,no
(Elektriker OR Gebäudetechnik OR Sicherheitstechnik OR Rohrreinigung) Dresden,Dresden,Seibel365 Dresden ❤️ Gebäudetechnik für Hausverwaltungen,"Seibel365 für Dresden richtet sich an alle, die Unterstützung bei technischen Problemen oder Maßnahmen rund um Gebäude benötigen – vom einzelnen Anliegen bis ...",https://seibel-dresden.de/,seibel-dresden.de,no
(Sanitärinstallateur OR Heizungsinstallateur OR Kältetechnik) Hannover,Hannover,Sedat Özgeç Sanitär-Heizung-Klima – Bad & Heizung in Hannover,"Ob Heizungsbau, Klempnerarbeiten, Gasgerätewartung, Reparaturen oder Badsanierungen: Wir stehen unseren Kunden mit Erfahrung, Fachwissen und zuverlässiger ...",https://sanitaer-oezgec.de/,sanitaer-oezgec.de,no
(Sanitärinstallateur OR Heizungsinstallateur OR Kältetechnik) Hannover,Hannover,"Installateur Sanitär Heizung | Ernst Martin & Co., Hannover","Wir von Ernst Martin & Co. sind Ihr zuverlässiger Sanitär- und Heizungsinstallateur für Hannover, Garbsen, Langenhagen und Umgebung. Seit vielen Jahren arbeiten ...",https://www.ernst-martin-haustechnik.de/,ernst-martin-haustechnik.de,no
(Sanitärinstallateur OR Heizungsinstallateur OR Kältetechnik) Hannover,Hannover,Herden & Köllner Haustechnik GmbH & Co. KG | Hannover,"Ihre Spezialisten für Sanitär, Heizung, Klimatechnik und vieles mehr aus Hannover - Herden & Köllner Haustechnik GmbH & Co. KG.",https://www.hk-haustechnik.de/,hk-haustechnik.de,no
(Sanitärinstallateur OR Heizungsinstallateur OR Kältetechnik) Hannover,Hannover,Kälte- & Klimatechnik Hannover: Experten für effiziente Lösungen,"Hannovers Experten für Kälte- und Klimatechnik: Individuelle Beratung, effiziente Anlagen & nachhaltiger Komfort.",https://www.roter-kaeltetechnik.de/,roter-kaeltetechnik.de,no
(Sanitärinstallateur OR Heizungsinstallateur OR Kältetechnik) Hannover,Hannover,Heymeier Haustechnik: Sanitär Heizung Elektro | Hannover,"Ihre Spezialisten für Sanitär, Heizung, Klimatechnik und vielem mehr aus Hannover - Heymeier Haustechnik.",https://www.heymeier.de/,heymeier.de,no
(Sanitärinstallateur OR Heizungsinstallateur OR Kältetechnik) Hannover,Hannover,Hagemann & Sohn: Heizung und Klimatechnik aus Hannover,"Haustechnik, Heizung, Sanitär, Klimatechnik und regenerative Energien. Wir sind Ihr Ansprechpartner in Hannover und Umgebung. Jetzt Kontakt aufnehmen.",https://www.shk-hagemann.de/,shk-hagemann.de,no
(Sanitärinstallateur OR Heizungsinstallateur OR Kältetechnik) Hannover,Hannover,Zimmermann | Elektrotechnik und Kältetechnik für Hannover,Wir freuen uns auf Ihren Anruf. Dienstleistung. Kälte | Klima | Elektro. Produkte. Smart Home / KNX | Licht / Beleuchtung. Haben Sie Fragen? Tel.: 0511 ...,https://www.kkez.de/,kkez.de,no
(Sanitärinstallateur OR Heizungsinstallateur OR Kältetechnik) Hannover,Hannover,Brauner Sanitär | Gas. Wasser. Heizung. | Hannover Nordstadt,"Markus Brauner Sanitärtechnik ist Ihr kompetenter Ansprechpartner für Heizungsbau und Sanitärinstallation, Kundendienst und Wartung. Seit 90 Jahren ist der ...",https://www.brauner-sanitaer.de/,brauner-sanitaer.de,no
(Sanitärinstallateur OR Heizungsinstallateur OR Kältetechnik) Hannover,Hannover,GIRSCHNER Hannover - Girschner | Kälte Klima Lüftungstechnik,"Erfahren Sie mehr über GIRSCHNER GmbH & Co. KG, ein zertifizierter Kälte-Klima-Fachbetrieb mit über 40 Jahren Erfahrung und weltweitem Rundumservice.",https://www.girschner.de/girschner-hannover,girschner.de,no
(Sanitärinstallateur OR Heizungsinstallateur OR Kältetechnik) Hannover,Hannover,Klempner | Heizungs- und Sanitärinstallateur in Hannover,"Klempner in Hannover – zuverlässiges Handwerk seit über 40 Jahren. Heizungs- und Sanitärinstallationen für private, gewerbliche und öffentliche Kunden. Sie ...",https://www.winfriedneumann.de/,winfriedneumann.de,no
(Sanitärinstallateur OR Heizungsinstallateur OR Kältetechnik) Hannover,Hannover,Kältech - Home,"Wir beraten, planen und installieren Klimaanlagen in Schlafzimmern und Wohnräumen. Über unser Online Formular können Angebote angefordert werden.",https://www.kaeltech.de/,kaeltech.de,no
(Sanitärinstallateur OR Heizungsinstallateur OR Kältetechnik) Hannover,Hannover,Heizung & Sanitär | Henry Völzer - Homepage,"Ihr Ansprechpartner für Heizung in Hannover und Umgebung. Installation, Wartung und moderne Wärmepumpen vom erfahrenen Handwerksbetrieb.",https://heizung-sanitaer-hannover.de/,heizung-sanitaer-hannover.de,no
(Sanitärinstallateur OR Heizungsinstallateur OR Kältetechnik) Hannover,Hannover,Heitefuß Haustechnik aus Hannover - Heizung | Sanitär | Bad ...,"Heitefuß Haustechnik aus Hannover - Experten für Heizung | Sanitär | Bad | Klima | Lüftung | Elektro | Solar – Beratung, Planung, Wartung, ...",https://www.heitefuss-hannover.de/,heitefuss-hannover.de,no
(Sanitärinstallateur OR Heizungsinstallateur OR Kältetechnik) Hannover,Hannover,Sanitär- und Wärmetechnik Klaus Nause GmbH in Hannover,Solaranlagen ✓ Wärmepumpen ✓ Heizung ✓ Sanitär und ✓ Badumbau: Profitieren Sie von unserer Erfahrung und rufen Sie uns unter ✆ 0511 461572 an.,https://www.nause-sanitaer.de/,nause-sanitaer.de,no
(Sanitärinstallateur OR Heizungsinstallateur OR Kältetechnik) Hannover,Hannover,"Sanitär- , Heizungs- und Lüftungs- / Klimatechnik in Hannover ...","Wir sind ein inhabergeführter Meister-, Fach- und Handwerksbetrieb in 4. Generation und haben uns auf die Planung, Lieferung, Montage und Wartung von ...",https://www.grossmann-gmbh.de/,grossmann-gmbh.de,no
(Sanitärinstallateur OR Heizungsinstallateur OR Kältetechnik) Hannover,Hannover,Hanno Diekmann GmbH - Sanitär & Heizungsbau Hannover,Immer pünktlich und termingetreu! · Neues bad geplant? · Wartung von Heizungsanlagen · Heizungen · Wärmepumpen · Reparaturen · Das Team! · Wir suchen zu sofort: ...,https://www.hanno-diekmann.de/,hanno-diekmann.de,no
(Sanitärinstallateur OR Heizungsinstallateur OR Kältetechnik) Hannover,Hannover,Klimaanlagen & Kältetechnik Hannover - WESER Kälte-Klima GmbH,"Klimaanlagen Hannover ✓ Gewerbe, Büro & Privat - Klima- & Kältetechnik Hannover. ☎ 24/7 Hotline: 0511/47542735.",https://weser-kaelte.de/standort-hannover/,weser-kaelte.de,no
(Sanitärinstallateur OR Heizungsinstallateur OR Kältetechnik) Hannover,Hannover,"Sanitär Heizung Klima | Heizimpuls, Hannover",Wir begleiten und beraten Sie bei Ihren Projekten und bieten viele Montage- und Wartungsservices im Heiz- und Sanitärbereich an. Bei unseren Aufträgen achten ...,https://www.heizimpuls.de/,heizimpuls.de,no
(Sanitärinstallateur OR Heizungsinstallateur OR Kältetechnik) Hannover,Hannover,Voelkel Haustechnik – Hannover,"Völkel Haustechnik ist der erfahrene Partner an Ihrer Seite für die Bereiche Sanitär, Heizung, Versorgungstechnik und Smart Home.",https://voelkel-haustechnik.de/,voelkel-haustechnik.de,no
(Sanitärinstallateur OR Heizungsinstallateur OR Kältetechnik) Hannover,Hannover,"Demir Sanitärtechnik GmbH | Sanitär, Heizung & Klima in Hannover","Seit über 20 Jahren Ihr SHK-Partner in Hannover. Bad und Sanitär, Heizungsbau, Klima, Solar, Fliesen und Service. Erstberatung kostenlos.",https://demir-sani.de/,demir-sani.de,no
(Sanitärinstallateur OR Heizungsinstallateur OR Kältetechnik) Hannover,Hannover,"Ihr Experte für Kälte-, Klima- & Wärmetechnik – HBH-Kälte GmbH ...","HBH-Kälte GmbH & Co. KG – Ihr Partner für effiziente Kälte-, Klima- & Wärmetechnik. Planung, Installation & Wartung aus einer Hand. Jetzt beraten lassen!",https://www.hbh-kaelte.de/,hbh-kaelte.de,no
(Sanitärinstallateur OR Heizungsinstallateur OR Kältetechnik) Hannover,Hannover,Leine Haustechnik GmbH - Die Experten für Sanitäre Anlagen,"Wir helfen bei der Neu- & Umgestaltung Ihres Bades und sagen Ihnen, worauf Sie besonders achten sollten. Sanitaerinstallation Hannover · Wartung.",https://leine-haustechnik.de/,leine-haustechnik.de,no
(Sanitärinstallateur OR Heizungsinstallateur OR Kältetechnik) Hannover,Hannover,Sanitär Heizung Klima Bäder in Hannover Laatzen,"Ihr Partner für Sanitär , Heizung, und. Klimatechnik in Region Hannover und Laatzen · ​ · 2019 gründete Can Akpinar - · Installateur und Heizungsbauermeister- ...",https://www.aktherm-sh.de/,aktherm-sh.de,no
(Sanitärinstallateur OR Heizungsinstallateur OR Kältetechnik) Hannover,Hannover,Thies Gebäudetechnik GmbH in Hannover,"Moderne Bad-, Heizungs- und Klimatechnik in Hannover. Mit unserer langjährigen Erfahrung und unserem umfangreichen Know-how stehen wir Ihnen zur Seite.",https://thies-hannover.de/,thies-hannover.de,no
(Sanitärinstallateur OR Heizungsinstallateur OR Kältetechnik) Hannover,Hannover,Hildebrandt Heizung Sanitär GmbH - Moderne Heiztechnik und ...,"Willkommen bei der Hildebrandt GmbH Ihr erfahrener Partner für Bad, Heizung und Sanitär in Hannover und Umgebung. Seit fast 50 Jahren steht die Hildebrandt ...",https://www.hildebrandt-gmbh.de/,hildebrandt-gmbh.de,no
(Sanitärinstallateur OR Heizungsinstallateur OR Kältetechnik) Hannover,Hannover,Hartzsch GmbH - Ihr Profi für Badsanierung & Heizungsbau in ...,"Wir sind der Profi für Badsanierung & Heizungsbau in und um Hannover, Langenhagen, Garbsen & Burgwedel. Jetzt beraten lassen!",https://hartzschgmbh.de/,hartzschgmbh.de,no
(Sanitärinstallateur OR Heizungsinstallateur OR Kältetechnik) Hannover,Hannover,Schlimme GmbH und Co KG | Ihr Meister für Heizung in Hannover,"Modernisierung, Wartung oder Reparatur – wir freuen uns auf Ihre Anfrage. Sie entscheiden, wie Sie mit uns in Kontakt treten wollen. Unter Telefon 0511 8382950 ...",https://schlimme.de/,schlimme.de,no
(Sanitärinstallateur OR Heizungsinstallateur OR Kältetechnik) Hannover,Hannover,"Tom Carter, Hannover: Heizung Sanitär","Als Meisterbetrieb für Sanitär und Badsanierung bieten wir Planung, Ausführung und Koordination aus erfahrener Hand. Unsere Stärke liegt im Blick fürs Detail ...",https://www.carter-shk.de/,carter-shk.de,no
(Sanitärinstallateur OR Heizungsinstallateur OR Kältetechnik) Hannover,Hannover,"Kügler Installateure | Sanitär | Hannover, Deutschland","Wir bieten professionelle Dienstleistungen im Bereich Heizung, einschließlich der Installation von Heizungsanlagen, Wartungsdienstleistungen, Reparaturen und ...",https://www.kuegler-installateure-hannover.de/,kuegler-installateure-hannover.de,no
(Sanitärinstallateur OR Heizungsinstallateur OR Kältetechnik) Hannover,Hannover,Firma Hottenrott - Sanitär Heizung Klima hannover klempner ...,"SHK-Meisterbetrieb seit über 125 Jahren in Hannover, Brennwertheizungen, Solaranlagen, Bäder, Anlagenmechaniker Fachbetrieb Meisterbetrieb Fachberater ...",https://www.hottenrott.de/,hottenrott.de,no
(Sanitärinstallateur OR Heizungsinstallateur OR Kältetechnik) Hannover,Hannover,"ST Sanitär Fischer GmbH • Partner für Heizung, Sanitär ...",ST Sanitär Fischer GmbH – Ihr Partner für Heizung- Sanitär- und Solaranlagen in Hannover ... Schönes neues Bad Effizientere Heizung? Solaranlage auf Dach? Wir ...,https://st-sanitaer.de/,st-sanitaer.de,no
(Sanitärinstallateur OR Heizungsinstallateur OR Kältetechnik) Hannover,Hannover,Klimatherm GmbH & Co KG - Fachbetrieb für Heizungs- und ...,Moderne Gebäudetechnik. Zuverlässig umgesetzt. · Ihr verlässlicher Partner für moderne Gebäudetechnik - seit 1966! · Heizung · moderne Bäder · Sanitär- und ...,https://klimatherm.com/,klimatherm.com,no
(Sanitärinstallateur OR Heizungsinstallateur OR Kältetechnik) Hannover,Hannover,heiztec-hannover,"Heizung. Installation und Wartung von Heizanlagen: Fachberatung, Service und Kompetenz vom Fachbetrieb. Sanitär. Badsanierung, Einbauarbeiten und Reparaturen: ...",https://www.heiztec-hannover.de/,heiztec-hannover.de,no
(Sanitärinstallateur OR Heizungsinstallateur OR Kältetechnik) Hannover,Hannover,Firmenverzeichnis - Heizung und Sanitär - Hannover.de,Wir sind ein Handwerksbetrieb mit mehr als 30 Jahren Erfahrung und wir machen Sie glücklich in den Leistungsbereichen Sanitäre Installationen und Heizunge.,https://www.hannover.de/Service/Werbung-Firmenverzeichnis/Haus-und-Garten/Heizung-und-Sanit%C3%A4r,hannover.de,no
(Sanitärinstallateur OR Heizungsinstallateur OR Kältetechnik) Hannover,Hannover,"Sanitär Hannover - preiswert, schnell und problemlos - Sanitär ...","Heymeier Hannover, Sanitär Hannover - preiswert schnell und problemlos - im Umkreis von Hannover, Hildesheim, Hameln, Springe, Celle, Braunschweig und ...",http://heymeier-hannover.de/,heymeier-hannover.de,no
(Sanitärinstallateur OR Heizungsinstallateur OR Kältetechnik) Hannover,Hannover,B&H Gewerbe- u. Klimakälte GmbH,B&H bietet professionelle Kälte- & Klimatechnik. Kontaktieren Sie uns für individuelle Lösungen und 24-Stunden-Notdienst!,https://www.b-hkaelte.de/,b-hkaelte.de,no
(Sanitärinstallateur OR Heizungsinstallateur OR Kältetechnik) Hannover,Hannover,Kälte- & Klimatechnik Hannover: Anbieter im Überblick - DEWEZET,"Kälte- & Klimatechniken in Hannover: 0 Anbieter mit Adresse, Kontakt ... Die besten Kälte- & Klimatechniken in Hannover. Weitere Kategorien entdecken.",https://www.dewezet.de/themenwelten/unternehmen/kaelte-klimatechnik/hannover,dewezet.de,no
(Sanitärinstallateur OR Heizungsinstallateur OR Kältetechnik) Hannover,Hannover,Heizungsbau - Jokiel Haustechnik GmbH,Menü. Startseite · Heizung · Heizungsbau · Wärmepumpe · Heizungsmodernisierung ... Kontakt. Braunstr. 4 30916 Isernhagen E-Mail: info@heizungsanitaer-hannover.de,https://heizungsanitaer-hannover.de/index.php/heizungsbau/,heizungsanitaer-hannover.de,no
(Elektriker OR Gebäudetechnik OR Sicherheitstechnik OR Rohrreinigung) Hannover,Hannover,Elektriker Hannover für Installation & Service | Elektro-Service ...,"Die Elektro-Service-Hannover.de GmbH, ein Sanierungsfachbetrieb in Hannover und Umgebung, übernimmt für Sie sämtliche Elektroinstallationsarbeiten.",https://www.elektro-service-hannover.de/,elektro-service-hannover.de,no
(Elektriker OR Gebäudetechnik OR Sicherheitstechnik OR Rohrreinigung) Hannover,Hannover,Elektrotechnik GK | Meisterbetrieb aus Hannover,Was wir als Elektriker in Hannover für Sie machen · Elektroinstallation · Smart Home · Photovoltaik & Speicher · Wallbox & Ladeinfrastruktur · Elektroplanung.,https://www.elektrotechnikgk.de/,elektrotechnikgk.de,no
(Elektriker OR Gebäudetechnik OR Sicherheitstechnik OR Rohrreinigung) Hannover,Hannover,EGEBA GmbH Gebäudetechnik in Hannover,"EGEBA Gebäudetechnik Hannover, Heizungsanlagen ✓ Kälte- und Klimatechnik ✓ Elektroanlagen ✓ 0511 54224590.",https://www.egeba.de/,egeba.de,no
(Elektriker OR Gebäudetechnik OR Sicherheitstechnik OR Rohrreinigung) Hannover,Hannover,KG-Gebäudetechnik,"KG‑Gebäudetechnik – Ihr Elektrofachbetrieb in Hannover. Elektroinstallationen, Wallboxen, Smart Home, Sicherheitstechnik & DGUV‑V3 Prüfung.",https://www.kg-gebaeudetechnik.de/,kg-gebaeudetechnik.de,no
(Elektriker OR Gebäudetechnik OR Sicherheitstechnik OR Rohrreinigung) Hannover,Hannover,Elektroniker/in der Fachrichtungen Energie- und Gebäudetechnik ...,"Der Beruf ""Elektroniker/-in"" konzentriert sich künftig auf die beiden Fachrichtungen Energie- und Gebäudetechnik sowie Automatisierungs- und Systemtechnik.","https://www.hwk-hannover.de/artikel/elektroniker-in-der-fachrichtungen-energie-und-gebaeudetechnik-sowie-automatisierungs-und-systemtechnik-23,0,937.html",hwk-hannover.de,no
(Elektriker OR Gebäudetechnik OR Sicherheitstechnik OR Rohrreinigung) Hannover,Hannover,Smart Home: EuS-tec GmbH Elektro- und Sicherheitstechnik in ...,"Qualifiziert, Engagiert und jederzeit erreichbar: Ihre Elektriker in Hannover! · elektrotechnische Installationen · qualifizierter E-CHECK · fortschrittliche ...",https://www.eus-tec-hannover.de/,eus-tec-hannover.de,no
(Elektriker OR Gebäudetechnik OR Sicherheitstechnik OR Rohrreinigung) Hannover,Hannover,Ihr Elektromeisterbetrieb in Hannover | Elektro-Elite Hannover ...,24H FÜR SIE ERREICHBAR 0176 22999582. WIR DENKEN ELEKTROTECHNIK NEU! In und um Hannover sind wir als Elektromeisterbetrieb für Sie da.,https://elektroelite.de/?srsltid=AfmBOor2gnpL9tAQcv2R_r0R3BJkZI6nbE3J7qrqN0utq-uDK4bmCwVV,elektroelite.de,no
(Elektriker OR Gebäudetechnik OR Sicherheitstechnik OR Rohrreinigung) Hannover,Hannover,Elektrotechnik Zeiser | Ihr Elektriker aus Hannover - Kirchrode,Leistungen · Ihr zuverlässiger Elektriker aus Hannover Kirchrode - nur einen Anruf entfernt! · 0176/70779870. Rufen SIe uns heute an. Rezensionen. Bastian ...,https://elektrotechnik-zeiser.de/,elektrotechnik-zeiser.de,no
(Elektriker OR Gebäudetechnik OR Sicherheitstechnik OR Rohrreinigung) Hannover,Hannover,Jobs & Karriere - Hannover - Rohrreinigungs-Eildienst Uecker GmbH,Jobs in Hannover & Braunschweig ✓ Service-Monteur für Rohrreinigung gesucht ✓ unbefristeter Job ✓ gute Bezahlung ✓ intensive Einarbeitung. Jetzt bewerben!,https://rohrreinigungseildienst-uecker.de/ueber-uns/jobs,rohrreinigungseildienst-uecker.de,no
(Elektriker OR Gebäudetechnik OR Sicherheitstechnik OR Rohrreinigung) Hannover,Hannover,Ausbildung als Elektroniker:in Energie- und Gebäudetechnik (m/w/d),"Die Ausbildung dauert 3,5 Jahre und startet zum 01.08.2026. Standort: Garbsen (Hauptsitz). Nach der Ausbildung begleiten wir Dich auf Wunsch bis zum Techniker ...",https://www.rks.info/ausbildung/elektroniker-energie-gebaeudetechnik,rks.info,no
(Elektriker OR Gebäudetechnik OR Sicherheitstechnik OR Rohrreinigung) Hannover,Hannover,Innungsbetriebe - Elektro-Innung Hannover,30165 Hannover. 0511-371246. 0511-634342. Post@Ihr-Elektriker-Hannover.de · Zur Website · Route finden. P & H Elektrotechnik GmbH. Osterfeldstr. 1 30890 ...,https://www.elektroinnung.de/innungsbetriebe.html,elektroinnung.de,no
(Elektriker OR Gebäudetechnik OR Sicherheitstechnik OR Rohrreinigung) Hannover,Hannover,Elektro Bergmann GmbH Hannover - Sanitärtechnik - e-masters,Elektro Bergmann GmbHKollenrodtstraße 6030163 HannoverDeutschlandTelefon: +49-511-665094Telefax: +49-511-392674E-Mail: bergmann-elektro(at)t-online.de.,https://www.bergmann-elektro.de/,bergmann-elektro.de,no
(Elektriker OR Gebäudetechnik OR Sicherheitstechnik OR Rohrreinigung) Hannover,Hannover,Hannover - WISAG,Ganz Hannover und die Region im Blick: Gemeinsam mit Ihnen sorgen wir für Höchstleistungen – in der Industrie und in einer Vielzahl von Immobilien.,https://www.wisag.de/standorte/hannover/,wisag.de,no
(Elektriker OR Gebäudetechnik OR Sicherheitstechnik OR Rohrreinigung) Hannover,Hannover,Elektrotechnik Günther GmbH – Elektriker Elektroinstallationsbetrieb,Elektrotechnik Günther ist ein führendes familiengeführtes Unternehmen im Bereich der Elektrotechnik mit Sitz in Hannover. Mit einem umfassenden Portfolio ...,https://elektrotechnik-guenther.de/,elektrotechnik-guenther.de,no
(Elektriker OR Gebäudetechnik OR Sicherheitstechnik OR Rohrreinigung) Hannover,Hannover,Stellenangebote - Hannover - Anita Hartmann Elektrotechnik,"Elektroniker/in mit Fachrichtung Energie- und Gebäudetechnik. Arbeitsgebiet: Elektrotechnik, Sicherheitstechnik, Elektroinstallation, Wartung, Reparatur ...",https://www.hartmann-elektrotechnik.de/wir-ueber-uns/stellenangebote.html,hartmann-elektrotechnik.de,no
(Elektriker OR Gebäudetechnik OR Sicherheitstechnik OR Rohrreinigung) Hannover,Hannover,Elektriker/in für Automatisierungstechnik oder für Energie,Elektriker/in für Automatisierungstechnik oder für Energie- und Gebäudetechnik ... 30419 Hannover Telefon: 05 11 / 97 99 2-0 e-Mail: info@ ...,https://www.industrie-electric.de/elektriker-in-fur-automatisierungstechnik-und-energie-und-gebaudetechnik/,industrie-electric.de,no
(Elektriker OR Gebäudetechnik OR Sicherheitstechnik OR Rohrreinigung) Hannover,Hannover,Elektroniker Energie- und Gebäudetechnik Hannover (m/w/d),Für ein wachsendes Unternehmen im Bereich E-Mobilität in Hannover suchen wir einen Elektroniker Energie- und Gebäudetechnik (m/w/d). Sie installieren und warten ...,https://jobs.atgermany.de/elektroniker-energie-gebaeudetechnik-hannover-ladeinfrastruktur-gewerbe-energieverteilung,jobs.atgermany.de,no
(Elektriker OR Gebäudetechnik OR Sicherheitstechnik OR Rohrreinigung) Hannover,Hannover,Netzwerktechnik - Elektro-Bau-Hannover,"Wir realisieren maßgeschneiderte Lösungen für LAN-, WLAN- und Glasfasernetzwerke, einschließlich strukturierter Verkabelung und modernster Netzwerktechnologien.",https://elektro-bau-hannover.de/netzwerktechnik/,elektro-bau-hannover.de,no
(Elektriker OR Gebäudetechnik OR Sicherheitstechnik OR Rohrreinigung) Hannover,Hannover,Gebäudetechnik in Hannover | Smart Home und mehr,"Wenn Sie einen Experten für die Gebäudetechnik suchen, dann sind Sie bei uns genau richtig! Vom Smart Home bis zur Beleuchtung helfen wir weiter!",https://www.bonnes-boxhorn.de/unsere-leistungen/gebaeudetechnik,bonnes-boxhorn.de,no
(Elektriker OR Gebäudetechnik OR Sicherheitstechnik OR Rohrreinigung) Hannover,Hannover,Hannover | K & B Elektroanlagen: Elektro Licht Smart Home,"Ihre Elektriker für Elektroinstallation, Elektrotechnik, Elektrogeräte und vieles mehr aus Hannover - K & B Elektroanlagen - Jetzt hier informieren.",https://www.k-b-elektro.de/,k-b-elektro.de,no
(Elektriker OR Gebäudetechnik OR Sicherheitstechnik OR Rohrreinigung) Hannover,Hannover,Elektrotechnik Sass GmbH - Ihr kompetenter Fachbetrieb in Hannover,Die Firma ELEKTROTECHNIK SASS GmbH geht aus dem 1946 gegründeten Handwerksbetrieb von Alfred Sass sen. hervor. Der Familienbetrieb wird durch Alfred Sass ...,https://www.elektrotechnik-sass.de/,elektrotechnik-sass.de,no
(Elektriker OR Gebäudetechnik OR Sicherheitstechnik OR Rohrreinigung) Hannover,Hannover,Elektro Rieger GmbH: Home,Wir wurden ausgezeichnet von der Handwerkskammer Hannover für hervorragende Ausbildungsqualität. Mehr Informationen finden Sie hier. Herzlich willkommen bei ...,https://www.elektro-rieger.de/,elektro-rieger.de,no
(Elektriker OR Gebäudetechnik OR Sicherheitstechnik OR Rohrreinigung) Hannover,Hannover,MR ELEKTRO – MR ELEKTRO GmbH & Co. KG,"Sicher, intelligent und zukunftssicher – mehr als nur Strom aus der Steckdose. Wir kennen uns aus und beraten Sie gerne und passend zu Ihren Bedürfnissen. Link ...",https://macht-an.de/,macht-an.de,no
(Elektriker OR Gebäudetechnik OR Sicherheitstechnik OR Rohrreinigung) Hannover,Hannover,Börger Elektrotechnik GmbH,Wir haben uns auf moderne Gebäudetechnik ... Sicherheitstechnik steuern. Wir sind enercity Profipartner. BÖRGER ELEKTROTECHNIK GmbH. Thuler Weg 3 30519 Hannover.,https://boergerelektrotechnik.de/,boergerelektrotechnik.de,no
(Elektriker OR Gebäudetechnik OR Sicherheitstechnik OR Rohrreinigung) Hannover,Hannover,Smart Home & Building in Hannover - Elektro Werk,Wir richten für Sie intelligente Gebäudetechnik wie Smart Home Geräte ein und vernetzen diese miteinander. Ganz einfach!,https://www.elektro-werk.com/smart-home-hannover/,elektro-werk.com,no
(Elektriker OR Gebäudetechnik OR Sicherheitstechnik OR Rohrreinigung) Hannover,Hannover,"HKH Hannover – Rohrleitungsbau, Heizung & Sanitär",Wir sind Teil der führenden Kooperation in der Gebäudetechnik · Zugang zu den besten Produkten führender Premiumhersteller · Innovative Lösungen durch den ...,https://www.hkhannover.de/,hkhannover.de,no
(Elektriker OR Gebäudetechnik OR Sicherheitstechnik OR Rohrreinigung) Hannover,Hannover,Seibel365 Hannover ❤️ Gebäudetechnik für Hausverwaltungen,"Seibel365 koordiniert Dienstleistungen rund um Gebäude, Technik und Instandhaltung in zahlreichen Städten deutschlandweit – unter anderem in Braunschweig, ...",https://seibel-hannover.de/,seibel-hannover.de,no
(Elektriker OR Gebäudetechnik OR Sicherheitstechnik OR Rohrreinigung) Hannover,Hannover,"Gasleitung Sanierung, Rohrreinigung und mehr im Raum Hannover","Gasleitung Sanierung, Rohrreinigung und mehr vom SHK - Meisterbetrieb im Raum Hannover Langenhagen, Isernhagen, Wedemark, Kaltenweide.",https://www.komarek-haustechnik.de/sonstige-leistungen/,komarek-haustechnik.de,no
(Elektriker OR Gebäudetechnik OR Sicherheitstechnik OR Rohrreinigung) Hannover,Hannover,Elektro Tekkal | Wir verstehen Technik!,"Mit über zehn Jahre Erfahrung im Elektrohandwerk verstehen wir, was Sie möchten. Durch die breitgefächerte Qualifikation unserer Mitarbeiter können wir Ihnen ...",https://www.elektro-tekkal.de/,elektro-tekkal.de,no
(Elektriker OR Gebäudetechnik OR Sicherheitstechnik OR Rohrreinigung) Hannover,Hannover,Leitsmann - Startseite,Schneller Service - Faire Preise! Fachbetrieb der Elektro-Innung Hannover. Marktstraße 41. 30159 Hannover. Tel.: 0511 / 32 15 33. Fax: 0511 / 32 14 11. info(at) ...,https://www.elektro-leitsmann.de/,elektro-leitsmann.de,no
(Elektriker OR Gebäudetechnik OR Sicherheitstechnik OR Rohrreinigung) Hannover,Hannover,Jobs für Anlagenmechaniker in Hannover - Wir suchen!,"Wir sind an unserem Standort in Hannover auf der Suche nach einem fachkundigen und erfahrenen Anlagenmechaniker, der aufgeschlossen gegenüber Kunden ist und ...",http://www.rohrreinigungsdienst-sucht-mitarbeiter.de/anlagenmechaniker-hannover.html,rohrreinigungsdienst-sucht-mitarbeiter.de,no
(Elektriker OR Gebäudetechnik OR Sicherheitstechnik OR Rohrreinigung) Hannover,Hannover,enercity profipartner e.V.,30165 Hannover. post@ihr-elektriker-hannover.de · 0511/371246 · Zur Partnerseite. Elektrowerk Hannover Behncke Maschinenbau GmbH. Gerhardtstr. 14. 30167 ...,https://www.enercity-profipartner.de/profipartner/,enercity-profipartner.de,no
(Elektriker OR Gebäudetechnik OR Sicherheitstechnik OR Rohrreinigung) Hannover,Hannover,Elektro - B&B Bau,Die Elektroinstallation wird nach den neuesten Vorschriften durch unseren Elektromeister aus Hannover umgesetzt. B & B Bau hat den Elektriker in der Nähe.,https://b-bbau.de/elektro-2/,b-bbau.de,no
(Elektriker OR Gebäudetechnik OR Sicherheitstechnik OR Rohrreinigung) Hannover,Hannover,Die besten Lösungen für Ihr Gewerbe - Köthe Sanitär + Heizungsbau,"Ihre Spezialisten für Sanitär, Heizung, Klimatechnik und vieles mehr aus Hannover - Köthe Sanitär + Heizungsbau. ... Rohrreinigung, -bruch und Leckortung im ...",https://www.koethe-gmbh.de/shk/gewerbekunden,koethe-gmbh.de,no
(Elektriker OR Gebäudetechnik OR Sicherheitstechnik OR Rohrreinigung) Hannover,Hannover,Schweer Elektrotechnik: Home,... Hannover. Tel: +49 (0) 155 62 11 55 92. ×. Home · Leistungen · Bewerben · Angebot ... Wir suchen Dich!! • Ausbildung zum Elektriker. • Offene Stellen als ...,https://www.schweer-elektro.de/,schweer-elektro.de,no
(Elektriker OR Gebäudetechnik OR Sicherheitstechnik OR Rohrreinigung) Hannover,Hannover,Niederlassung Hannover - Josef Beermann GmbH & CO.KG,"… macht: Kabel- & Rohrleitungsbau, Elektrotechnik, Sanitär-, Heizungs- & Klimatechnik, erneuerbare Energien, Horizontalbohrtechnik, Boden-, Bauschutt- & ...",https://www.beermann.de/niederlassungen/hannover/,beermann.de,no
(Elektriker OR Gebäudetechnik OR Sicherheitstechnik OR Rohrreinigung) Hannover,Hannover,Home | Ingenieurbüro Eletan GmbH,Nach nun mehr als 15 Jahren am Standort Vahrenwalder Platz 3 in Hannover haben wir unser Büro vollständig renoviert. Neue großzügige und lichtdurchflutete ...,https://www.eletan.de/,eletan.de,no
(Elektriker OR Gebäudetechnik OR Sicherheitstechnik OR Rohrreinigung) Hannover,Hannover,System-Technik - Branchenbuch Hannover,No information is available for this page. · Learn why,https://hannover.branchen-info.net/systemtechnik-1656-1.php,hannover.branchen-info.net,no
(Elektriker OR Gebäudetechnik OR Sicherheitstechnik OR Rohrreinigung) Hannover,Hannover,e-masters - Hannover: Elektroinstallation - Elektro Heese,"Wir sind mit zukunftssicheren Lösungen vertraut und bilden uns ständig weiter. Die teilweise komplexen Zusammenhänge machen wir Ihnen mit unserem ""know-how"" ...",https://www.elektro-heese.de/unsere-leistungen/elektroinstallation.html,elektro-heese.de,no
(Elektriker OR Gebäudetechnik OR Sicherheitstechnik OR Rohrreinigung) Hannover,Hannover,Gebäudeautomation für Firmen – Ihre Experten in Hannover,"Sie haben weitere Fragen an uns? Dann zögern Sie nicht, Elektriker Homann zu kontaktieren! Wir stehen Ihnen mit fachkundiger Beratung und zuverlässigem Service ...",https://elektriker-homann.de/gebaeudeautomation-firmen/,elektriker-homann.de,no
(Elektriker OR Gebäudetechnik OR Sicherheitstechnik OR Rohrreinigung) Hannover,Hannover,Elektro - Harte Haustechnik GmbH,"Wir bieten Ihnen die Planung, Errichtung und Prüfung elektrischer Anlagen für Ihr Wohngebäude, als auch Ihre gewerblichen Räumlichkeiten an.",https://harte-haustechnik.de/elektro/,harte-haustechnik.de,no
(Sanitärinstallateur OR Heizungsinstallateur OR Kältetechnik) Nürnberg,Nürnberg,Heizungs-Sanitärtechnik Kraus: Sanitär Heizung | Nürnberg,"Privat · Wärmepumpen · Heizungen & Heizsysteme · Badezimmer · Erneuerbare Energien · Klimaanlagen · Trink-, Regen- und Abwasser · Fliesenarbeiten ...",https://www.kraus-shk.de/,kraus-shk.de,no
(Sanitärinstallateur OR Heizungsinstallateur OR Kältetechnik) Nürnberg,Nürnberg,Sanitär Heizung Nürnberg | Loos Sanitär- und Heizungstechnik,"Loos Sanitär- und Heizungstechnik - Ihr Installateur für Sanitär und Heizung in Nürnberg für Feucht, Schwaig, Nürnberg und Umgebung. Ihr Team von Loos Sanitär- ...",https://www.sanitaer-loos.de/,sanitaer-loos.de,no
(Sanitärinstallateur OR Heizungsinstallateur OR Kältetechnik) Nürnberg,Nürnberg,Lucinski Heizung + Sanitär GmbH Nürnberg: Home,Wir sind Ihr verlässlicher und kompetenter Spezialist im Raum Nürnberg und bieten Ihnen innovative Lösungen für Heizungs- und Sanitärprojekte.,https://lucinski.de/,lucinski.de,no
(Sanitärinstallateur OR Heizungsinstallateur OR Kältetechnik) Nürnberg,Nürnberg,A.K. Haustechnik: Sanitär Heizung Nürnberg,"Als Heizungsinstallateur beraten wir Sie umfassend und verständlich, wie Ihre neue Heizungsanlage optimal auf den Bedarf geplant und installiert wird. Auch bei ...",https://www.ak-haustechnik.de/,ak-haustechnik.de,no
(Sanitärinstallateur OR Heizungsinstallateur OR Kältetechnik) Nürnberg,Nürnberg,ZIMMERMANN Kälte- und Klimatechnik in Nürnberg,Die Kompetenzen der Horst Zimmermann GmbH reichen von der Beratung über die Planung bis zur Montage von modernen und zukunftsfähigen Kälte- und Klimaanlagen.,https://www.klima-zimmermann.de/,klima-zimmermann.de,no
(Sanitärinstallateur OR Heizungsinstallateur OR Kältetechnik) Nürnberg,Nürnberg,Sinan Erkol Haustechnik - Bad- und Heizungssanierung in Nürnberg,"Sinan Erkol Haustechnik – Ihr Partner im Kreis Nürnberg für moderne Bäder, regenerative Energien und innovative Lüftungsanlagen. Wir sind für Sie da!",https://sinan-erkol-haustechnik.de/,sinan-erkol-haustechnik.de,no
(Sanitärinstallateur OR Heizungsinstallateur OR Kältetechnik) Nürnberg,Nürnberg,Hofmann Haustechnik aus Nürnberg - Heizung | Bad | Klima | Lüftung,"Bei uns finden Sie maßgeschneiderte Lösungen für Badsanierung und Bäderbau, egal ob es sich um Altbau, Neubau oder Gewerbeimmobilien handelt. Wir verstehen, ...",https://www.hofmann-haustechnik.de/,hofmann-haustechnik.de,no
(Sanitärinstallateur OR Heizungsinstallateur OR Kältetechnik) Nürnberg,Nürnberg,Schmoll + Sohn GmbH aus Nürnberg - Heizung | Bad | Klima | Lüftung,"Bei uns finden Sie maßgeschneiderte Lösungen für Badsanierung und Bäderbau, egal ob es sich um Altbau, Neubau oder Gewerbeimmobilien handelt. Wir verstehen, ...",https://www.schmoll-sohn.de/,schmoll-sohn.de,no
(Sanitärinstallateur OR Heizungsinstallateur OR Kältetechnik) Nürnberg,Nürnberg,"Rainer Rossmann – Heizung, Sanitär & Bad in Nürnberg","Meisterbetrieb Rainer Rossmann Heizung & Sanitär in Nürnberg: Badmodernisierung, Heiztechnik, Trinkwasserfilter & Lüftung – kompetent, ...",https://rossmann-heizung.de/,rossmann-heizung.de,no
(Sanitärinstallateur OR Heizungsinstallateur OR Kältetechnik) Nürnberg,Nürnberg,GFZ George KG: Klima- und Kältetechnik | Nürnberg,"Wenn Sie auf der Suche nach einem kompetenten und erfahrenen Experten für Klimaanlagen sind, dann sind Sie bei GFZ George KG in Nürnberg genau richtig.",https://www.gfz-george.de/,gfz-george.de,no
(Sanitärinstallateur OR Heizungsinstallateur OR Kältetechnik) Nürnberg,Nürnberg,Der Felsner: Homepage,"Ihr Spezialist in Nürnberg für Bäder, Sanitär, Heizung & Klima, Elektro & Licht – für Privat & Gewerbe. Jetzt beraten lassen!",https://www.der-felsner.de/,der-felsner.de,no
(Sanitärinstallateur OR Heizungsinstallateur OR Kältetechnik) Nürnberg,Nürnberg,J. Riegel GmbH: Heizung & Bad | Nürnberg,"Ob Komplettbad, Heizungsmodernisierung, schnelle Reparaturen, Kundendienst oder Wartung : Wir kümmern uns persönlich um Ihr Zuhause, koordinieren alle Arbeiten ...",https://www.jriegel-gmbh.de/,jriegel-gmbh.de,no
(Sanitärinstallateur OR Heizungsinstallateur OR Kältetechnik) Nürnberg,Nürnberg,Heizung- und Sanitärtechnik aus Nürnberg: Roland Fischer ...,"Sanitär in Nürnberg. Wir bieten Beratung, Installation und Betreuung – Besonders spezialisiert haben wir uns auf die Errichtung von kompletten Bädern. Unsere ...",https://www.sanitaer-fischer-nuernberg.de/,sanitaer-fischer-nuernberg.de,no
(Sanitärinstallateur OR Heizungsinstallateur OR Kältetechnik) Nürnberg,Nürnberg,Kollischon Sanitär- und Heizungstechnik | Nürnberg,"Ihre Spezialisten für Badsanierung, Badumbau und Klimatechnik und vieles mehr aus Nürnberg - Kollischon Sanitär- und Heizungstechnik.",https://www.kollischon-sht.de/,kollischon-sht.de,no
(Sanitärinstallateur OR Heizungsinstallateur OR Kältetechnik) Nürnberg,Nürnberg,Home - NIKO Sanitär- u. Heizungstechnik,"Wir sind Ihr Partner in Nürnberg für alle Fragen rund um die Badsanierung, Heizungsmodernisierung, Haustechnik und Wohnraumlüftung. Gemeinsam finden wir für Sie ...",https://xn--niko-heizung-sanitr-xwb.de/,xn--niko-heizung-sanitr-xwb.de,no
(Sanitärinstallateur OR Heizungsinstallateur OR Kältetechnik) Nürnberg,Nürnberg,H-Tech Franken GmbH | Experten für Heizung und Bad,Ob lang geplanter Badumbau oder die dringende Reparatur Ihrer Heizung – am besten rufen Sie uns einfach an. Unter Telefon 0911/210 862 95 sind wir persönlich ...,https://htech-franken.de/,htech-franken.de,no
(Sanitärinstallateur OR Heizungsinstallateur OR Kältetechnik) Nürnberg,Nürnberg,Huber Sanitär Technik: Home,Huber Sanitär-Technik GmbH & Co Sanitäre Installation Adalbertstr. 14 90441 Nürnberg. Tel: 0911 — 628 15 — 0. Fax: 0911 — 628 15 — 50. E‑Mail: info ...,https://hubersanitaer.de/,hubersanitaer.de,no
(Sanitärinstallateur OR Heizungsinstallateur OR Kältetechnik) Nürnberg,Nürnberg,Ihr Experte für Sanitär & Heizung Nürnberg - Koller Haustechnik,Koller Haustechnik ist Ihr zuverlässiger Partner für alle Fragen rund um Heizung und Sanitär in Nürnberg und Umgebung. Wir bieten Ihnen ein umfassendes ...,https://koller-ht.de/nuernberg.html,koller-ht.de,no
(Sanitärinstallateur OR Heizungsinstallateur OR Kältetechnik) Nürnberg,Nürnberg,Sanitär Heizung | Nürnberg | Zecha Sanitär und Heizungstechnik,Wir von Zecha Sanitär und Heizungstechnik sind Ihr Fachmann rund um Wasser und Wärme im Raum Nürnberg und Umgebung. Ob Trinkwasser oder Nutzwasser: Sprechen Sie ...,https://www.zecha-nuernberg.de/,zecha-nuernberg.de,no
(Sanitärinstallateur OR Heizungsinstallateur OR Kältetechnik) Nürnberg,Nürnberg,Gericke GmbH: Sanitär Heizung Nürnberg,"Ihr Installateur für Sanitär und Heizung aus Nürnberg. · Neues Badezimmer · Trink-, Regen- und Abwasser · Heizungen & Heizsysteme · Lüftungsanlagen & ...",https://www.gericke-gmbh.com/,gericke-gmbh.com,no
(Sanitärinstallateur OR Heizungsinstallateur OR Kältetechnik) Nürnberg,Nürnberg,"Firma Henning - Ihr Partner für Heizung, Sanitär und Solar in ...","Heizung, Sanitär, Solar & Bad kompetent aus einer Hand? Firma Henning in Nürnberg Eibach und Reichelsdorf ist Ihr Partner.",http://www.firmahenning.de/,firmahenning.de,no
(Sanitärinstallateur OR Heizungsinstallateur OR Kältetechnik) Nürnberg,Nürnberg,Nürnberg Fürth Heizung Sanitär Kundendienst Badsanierung ...,Ihr Fachbetrieb für Sanitär Heizung Lüftung · Heizungstechnik · Bad- und Sanitärinstallationen · Umwelt- und Solartechnik. Informieren Sie sich auf den ...,https://www.vp-installationen.de/,vp-installationen.de,no
(Sanitärinstallateur OR Heizungsinstallateur OR Kältetechnik) Nürnberg,Nürnberg,Ihr Installateur in Nürnberg - BROCHIER BADWERK,"Installateur in Nürnberg für zuverlässige, funktionale Installationen: ✓Sanitär ✓Heizung ✓Elektro ✓Wohnraumlüftung. ☎ 0911 5442360 - wir beraten Sie gerne.",https://www.brochier-badwerk.de/installateur-nuernberg/,brochier-badwerk.de,no
(Sanitärinstallateur OR Heizungsinstallateur OR Kältetechnik) Nürnberg,Nürnberg,C.Ortmann - Nürnberg,"Seit 1995 haben wir Erfahrung als Meisterbetrieb und sind Ihr kompetenter Ansprechpartner für Sanitär, Heizung und neue Energien und Kundendienst! Informieren ...",https://www.bad-heizung-nbg.de/,bad-heizung-nbg.de,no
(Sanitärinstallateur OR Heizungsinstallateur OR Kältetechnik) Nürnberg,Nürnberg,Kassapis Heizungsservice GmbH | Heizungs- und Sanitäranlagen ...,"Installation von Heizungs- und Sanitäranlagen. Öl- und Gasheizungen für Ein- und Mehrfamilienhäuser, Kundendienst und Reparaturen | Kassapis Heizungsservice ...",https://www.kassapis-heizungsservice.de/,kassapis-heizungsservice.de,no
(Sanitärinstallateur OR Heizungsinstallateur OR Kältetechnik) Nürnberg,Nürnberg,Dreyer Nürnberg | Ihr Spezialist für Bad & Heizung,"Wenn nichts fehlt, ist es Dreyer. Ihr Partner für exklusive Bäder, moderne Heizungen und erstklassigen Service im Raum Nürnberg. Jetzt entdecken!",https://dreyer-gmbh.de/,dreyer-gmbh.de,no
(Sanitärinstallateur OR Heizungsinstallateur OR Kältetechnik) Nürnberg,Nürnberg,"Innung Sanitär-, Heizungs- und Klimatechnik, Flaschnerei Nürnberg ...","Portal für Handwerksbetriebe und Verbraucher. Informationen und Anmeldung zu Seminaren, Sachkundelehrgängen und andere Fortbildungsterminen.",https://www.innung-shk.de/,innung-shk.de,no
(Sanitärinstallateur OR Heizungsinstallateur OR Kältetechnik) Nürnberg,Nürnberg,Sanitär in Nürnberg | 2026,Sanitär in Nürnberg - Hier finden Sie aktuelle Adressen & Telefonnummern für Ihre Suche nach Sanitär in Nürnberg und Umgebung | jobs-in-nuernberg.de.,https://www.jobs-in-nuernberg.de/branchenbuch/sanitaer,jobs-in-nuernberg.de,no
(Sanitärinstallateur OR Heizungsinstallateur OR Kältetechnik) Nürnberg,Nürnberg,"Klimaanlage Nürnberg | Planung, Einbau & Service",Unsere Fachkräfte der Kälte-Klimatechnik stehen Ihnen in Nürnberg von der Planung der Anlage bis zur Montage und Installation zur Seite und beraten Sie ...,https://www.kaeltetechnik-wanninger.de/klimaanlage-nuernberg,kaeltetechnik-wanninger.de,no
(Sanitärinstallateur OR Heizungsinstallateur OR Kältetechnik) Nürnberg,Nürnberg,"Uwe Holzhey GmbH, Nürnberg, DE",Ihr kompetenter Ansprechpartner für durchdachte Heizungs- und Sanitärsysteme im Großraum Nürnberg · Installation · Sanitär﻿ · zur Gas- & Wasserinstallation · zur ...,https://www.haustechnik-holzhey.de/,haustechnik-holzhey.de,no
(Sanitärinstallateur OR Heizungsinstallateur OR Kältetechnik) Nürnberg,Nürnberg,Bader-Scholz: Home,Unser Service · Heizungstechnik · Bad- und Sanitärinstallationen · Service Wartung · Altbausanierung · Wasserschaden · Notdienst ...,https://bader-scholz.de/,bader-scholz.de,no
(Sanitärinstallateur OR Heizungsinstallateur OR Kältetechnik) Nürnberg,Nürnberg,Kurt Wälzlein GmbH - Ihr Partner für moderne Haustechnik,"Heizung · Brennwerttechnik Gas & Öl · Regenerative Heiztechnik wie: Pellet, Hackschnitzel & Holz · Wärmepumpe (Luft-Wasser, Wasser-Wasser) · Solare- ...",https://www.waelzlein-gmbh.de/,waelzlein-gmbh.de,no
(Sanitärinstallateur OR Heizungsinstallateur OR Kältetechnik) Nürnberg,Nürnberg,Kraiter Haustechnik - Sanitär Heizung Solar,"Sanitär Heizung Solar bei Kraiter Haustechnik in Nürnberg und Umgebung - komplette Projektplanung, ausgezeichneten Service und fachmännische Installation.",https://kraiter-haustechnik.de/,kraiter-haustechnik.de,no
(Sanitärinstallateur OR Heizungsinstallateur OR Kältetechnik) Nürnberg,Nürnberg,Thomas Schmidt Sanitär und Heizung UG | Nürnberg,Sanitär | Heizung | Klima. Hier entsteht der Internetauftritt von: Kontakt. Thomas Schmidt | Klosterweg 33 | 90455 Nürnberg | 0911 - 98 80 78 20.,http://nuernberg-schmidt.de/,nuernberg-schmidt.de,no
(Sanitärinstallateur OR Heizungsinstallateur OR Kältetechnik) Nürnberg,Nürnberg,Herrmann Haustechnik • Herrmann Haustechnik Nürnberg,"Wer mit moderner Haustechnik komfortable Wohlfühl-Räume schaffen möchte, kommt an Herrmann Haustechnik nicht vorbei. Mit über 60 Jahren Erfahrung in der Sanitär ...",https://herrmann-haustechnik.de/,herrmann-haustechnik.de,no
(Sanitärinstallateur OR Heizungsinstallateur OR Kältetechnik) Nürnberg,Nürnberg,Heizung/Sanitär - Elkom Nord,"Heizung. Ölheizung bei Elkom Nord GmbH in Nürnberg. mehr erfahren · Ölheizung. Effiziente Ölheizungen – modernisiert, sparsam und weiterhin eine zuverlässige ...",https://www.elkom-nord.de/heizung/sanitaer,elkom-nord.de,no
(Sanitärinstallateur OR Heizungsinstallateur OR Kältetechnik) Nürnberg,Nürnberg,Sanitär Heizung Klimatechnik in 90473 Nürnberg - finde.de,Sanitär Heizung Klimatechnik in 90473 Nürnberg ... Sind Sie auf der Suche nach einem Installateur oder einem Heizungsbauer? Bei finde.de finden Sie eine Vielzahl ...,https://www.finde.de/branchen/Sanitaer-Heizung-Klimatechnik--36/90473-Nuernberg/,finde.de,no
(Sanitärinstallateur OR Heizungsinstallateur OR Kältetechnik) Nürnberg,Nürnberg,Suchergebnisse für Kältetechnik in Nürnberg - Firmeneintrag,„Kältetechnik“ in „Nürnberg“ · MKS Kälte-u.Klimatechnik GmbH · P&S Haustechnik-Union GmbH · Sanitär Union GmbH · SKK Kälte- und Klimatechnik in Nürnberg Fischbach ...,https://firmeneintrag.de/search/K%C3%A4ltetechnik/N%C3%BCrnberg/2,firmeneintrag.de,no
(Sanitärinstallateur OR Heizungsinstallateur OR Kältetechnik) Nürnberg,Nürnberg,https://www.heizung-sanitaer-nuernberg.de/,No information is available for this page. · Learn why,https://www.heizung-sanitaer-nuernberg.de/,heizung-sanitaer-nuernberg.de,no
(Sanitärinstallateur OR Heizungsinstallateur OR Kältetechnik) Nürnberg,Nürnberg,"installateur-nuernberg.de - Heizung, Installation, Reparatur, Wasser ...",Wie finde ich den passenden Installateur für meine Sanitär- und Heizungsprobleme? Welche Qualifikationen sollte ein guter Installateur haben? Um den passenden ...,https://www.installateur-nuernberg.de/,installateur-nuernberg.de,no
(Elektriker OR Gebäudetechnik OR Sicherheitstechnik OR Rohrreinigung) Nürnberg,Nürnberg,ARS Rohrreinigung Pauschalpreis 138€ • Nürnberg · Fürth · Erlangen,"ARS Rohrreinigung Der Notdienst in Ihrer Nähe! ✆ 0911 242 60 60. Unser Rohrreinigungsnotdienst beseitigt alle Verstopfung schnell, preiswert und rund um die Uhr ...",https://ars-rohrreinigungsservice.de/,ars-rohrreinigungsservice.de,no
(Elektriker OR Gebäudetechnik OR Sicherheitstechnik OR Rohrreinigung) Nürnberg,Nürnberg,Startseite - BROCHIER Gebäudetechnik Nürnberg,Die BROCHIER Gebäudetechnik ist der Experte rund um Sanierung und innovative Haus- und Gebäudetechnik in der Metropolregion Nürnberg. Als Teil der BROCHIER ...,https://www.brochier-gebaeudetechnik.de/,brochier-gebaeudetechnik.de,no
(Elektriker OR Gebäudetechnik OR Sicherheitstechnik OR Rohrreinigung) Nürnberg,Nürnberg,Rohrreinigungs-Service RRS GmbH: Startseite,"Seit über 50 Jahren sind wir in Nürnberg und der Region für Sie tätig – unter anderem in den Bereichen Rohr- und Kanalreinigung, ...",https://www.rrs.de/,rrs.de,no
(Elektriker OR Gebäudetechnik OR Sicherheitstechnik OR Rohrreinigung) Nürnberg,Nürnberg,BACHMANN KANAL+ROHR: Reinigung & Sanierung - Nürnberg ...,"Seit 1957 der Profi für Kanalüberprüfung, Kanalsanierung, Kanalreinigung, Rohrreinigung & Dichtheitsprüfung in Nürnberg, Fürth, Erlangen & der Region.",https://www.bachmann-kanal.de/,bachmann-kanal.de,no
(Elektriker OR Gebäudetechnik OR Sicherheitstechnik OR Rohrreinigung) Nürnberg,Nürnberg,Rohrreinigung Nürnberg - 24h Notdienst vom Fachbetrieb,"Baier Rohrreinigung: Ihr Experte für Rohr- und Kanalreinigung, Dichtheitsprüfung und Sanierung im Raum Nürnberg, Erlangen und Fürth. Direkt kontaktieren!",https://www.baier-rohrreinigung.de/,baier-rohrreinigung.de,no
(Elektriker OR Gebäudetechnik OR Sicherheitstechnik OR Rohrreinigung) Nürnberg,Nürnberg,"Home - GÖRLACH – Elektro-, Sicherheits- und Gebäudetechnik","Ihr Spezialist für Elektrotechnik, mit Sitz in Lauterhofen und Nürnberg (Bayern). Wir bieten Komplettlösungen für Elektroinstallation, Sicherheitstechnik, ...",https://goerlach-esg.de/,goerlach-esg.de,no
(Elektriker OR Gebäudetechnik OR Sicherheitstechnik OR Rohrreinigung) Nürnberg,Nürnberg,Rohrtechnik / Kanaltechnik Nürnberg Fürth Erlangen 24-h-Service,"Service: Rohrreinigung, Kanalreinigung, TV-Untersuchung, Kanalsanierung. E.N. Rohr- und Kanaltechnik in 90763 Fürth • ☎ 09 11 / 95 09 42 59.",https://www.rohrreinigung-nuernberg-fuerth-erlangen.de/,rohrreinigung-nuernberg-fuerth-erlangen.de,no
(Elektriker OR Gebäudetechnik OR Sicherheitstechnik OR Rohrreinigung) Nürnberg,Nürnberg,Die Innung für Elektro- und Informationstechnik Nürnberg-Fürth,Fachbereiche · Energie- und Gebäudetechnik · Elektrotechnik-Systemelektronik · Elektromaschinenbau · Informationstechnik · Kommunikations- und ...,https://elektroinnung-nuernberg.de/,elektroinnung-nuernberg.de,no
(Elektriker OR Gebäudetechnik OR Sicherheitstechnik OR Rohrreinigung) Nürnberg,Nürnberg,Ausbildung zum Elektroniker für Energie- und Gebäudetechnik (m/w ...,Ausbildung zum Elektroniker für Energie- und Gebäudetechnik (m/w/d) ab Sept. 2026. Nürnberg / e:tech Elektroservice Nürnberg GmbH ... Elektroniker der ...,https://www.brochier-gruppe.de/karriere/stellenangebote/jobdetails/ausbildung-zum-elektroniker-fuer-energie-und-gebaeudetechnik-nuernberg_318951_etech-elektroservice/,brochier-gruppe.de,no
(Elektriker OR Gebäudetechnik OR Sicherheitstechnik OR Rohrreinigung) Nürnberg,Nürnberg,Elektroniker/in Fachrichtung Energie- und Gebäudetechnik,"Lerne, in deiner Ausbildung zum/zur Elektroniker/in Fachrichtung Energie- und Gebäudetechnik, wie modernste Technik ganze Gebäude steuert und außerdem dem Klima ...",https://leuchte-gesucht.de/ausbildungsberufe/elektroniker-in-fachrichtung-energie-und-gebaeudetechnik/,leuchte-gesucht.de,no
(Elektriker OR Gebäudetechnik OR Sicherheitstechnik OR Rohrreinigung) Nürnberg,Nürnberg,Ausbildung: Elektroniker/-in (m/w/d) – Energie- und Gebäudetechnik,Vollzeit. Die Bewerbung geht an. Firma: E. Engelhardt - GmbH & Co. KG; Straße: Bielingstraße 12-14; PLZ / Ort: 90419 Nürnberg; E-Mail: bewerbung@e-engelhardt.de ...,https://www.e-engelhardt.de/unternehmen/elektro/recruiting/jobdetail?jobid=16105&mode=jobdetail,e-engelhardt.de,no
(Elektriker OR Gebäudetechnik OR Sicherheitstechnik OR Rohrreinigung) Nürnberg,Nürnberg,Berufsbereich Elektroniker für Energie- und Gebäudetechnik • EFE,Durch die hohen Ausbildungszahlen des Elektrohandwerks in Nürnberg ist es uns möglich den Elektroniker für Energie- und Gebäudetechnik schon ab der 10. Klasse ...,https://www.nuernberg.de/internet/berufsschule_1/etechnikhandwerk.html,nuernberg.de,no
(Elektriker OR Gebäudetechnik OR Sicherheitstechnik OR Rohrreinigung) Nürnberg,Nürnberg,HannesBau – Elektrotechnik - Ihr Elektriker in Nürnberg,"Über uns · Neubauinstallation – modern und sicher · Altbausanierung – fachgerechte Modernisierung · Sicherheitstechnik – Rauchmelder, Bewegungsmelder, ...",https://hannesbau.de/,hannesbau.de,no
(Elektriker OR Gebäudetechnik OR Sicherheitstechnik OR Rohrreinigung) Nürnberg,Nürnberg,Elektroinstallationen Turban | Ihr Meisterbetrieb in Nürnberg,Sichere Elektroinstallationen vom Fachbetrieb – zuverlässig geplant und professionell umgesetzt. mehr erfahren.,https://www.elektro-turban.de/,elektro-turban.de,no
(Elektriker OR Gebäudetechnik OR Sicherheitstechnik OR Rohrreinigung) Nürnberg,Nürnberg,Gebrüder Hofmann Haustechnik GmbH | Ihr Partner in Nürnberg,Sichere Elektroinstallationen vom Fachbetrieb – zuverlässig geplant und professionell umgesetzt. mehr erfahren.,https://www.elektro-gebr-hofmann.de/,elektro-gebr-hofmann.de,no
(Elektriker OR Gebäudetechnik OR Sicherheitstechnik OR Rohrreinigung) Nürnberg,Nürnberg,HR Gebäudetechnik GmbH: Home,"Wir sind Ihr kompetenter Partner für die Gewerke Elektro, Sanitär, Heizung und Lüftung mit nur einem Ansprechpartner – alles aus einer Hand.",https://www.hr-gebaeudetechnik.de/,hr-gebaeudetechnik.de,no
(Elektriker OR Gebäudetechnik OR Sicherheitstechnik OR Rohrreinigung) Nürnberg,Nürnberg,Elektro Stiel - Nürnberg,Herzlich Willkommen. Wir von Elektro Stiel sind seit mehr als 35 Jahren Ihr Partner für moderne Elektroinstallation und Gebäudetechnik.,https://www.elektro-stiel.de/,elektro-stiel.de,no
(Elektriker OR Gebäudetechnik OR Sicherheitstechnik OR Rohrreinigung) Nürnberg,Nürnberg,Elektroniker Gebäudetechnik Jobs und Stellenangebote in Nürnberg,Wir suchen Elektroniker für Energie- und Gebäudetechnik (m/w/d) am Standort Nürnberg. Wir bieten eine spannende Ausbildung zum Elektroniker für Energie- und ...,https://talents.studysmarter.de/companies/r-s-group-gmbh/elektroniker-gebaeudetechnik-jobs-und-stellenangebote-in-nuernberg-5669942/,talents.studysmarter.de,no
(Elektriker OR Gebäudetechnik OR Sicherheitstechnik OR Rohrreinigung) Nürnberg,Nürnberg,Weber Elektrotechnik,WEBER elektrotechnik GmbH stammt aus der schönen fränkischen Stadt Nürnberg. Dadurch sind wir in der mittelfränkischen Region Nürnberg/Fürth/Erlangen ansässig ...,https://weberelektrotechnik.de/,weberelektrotechnik.de,no
(Elektriker OR Gebäudetechnik OR Sicherheitstechnik OR Rohrreinigung) Nürnberg,Nürnberg,Jobs Energie- und Gebäudetechnik Nürnberg - jobs.nordbayern.de,67 Jobs Energie- und Gebäudetechnik in Nürnberg · Servicetechniker / Elektroniker für DGUV 3 + DGUV 4 Prüfungen (m/w/d) · Projektplaner Gebäudeautomation - MSR m/ ...,https://jobs.nordbayern.de/jobs/energie-und-geb%C3%A4udetechnik-in-n%C3%BCrnberg,jobs.nordbayern.de,no
(Elektriker OR Gebäudetechnik OR Sicherheitstechnik OR Rohrreinigung) Nürnberg,Nürnberg,Elektro Baader GmbH | Nürnberg,"Ihr Elektriker für Nürnberg, Fürth, Erlangen und Umgebung: Elektroinstallationen, Elektroprüfung, Beleuchtung, Reparaturen, PV und Wallboxen, ...",https://www.elektro-baader.com/,elektro-baader.com,no
(Elektriker OR Gebäudetechnik OR Sicherheitstechnik OR Rohrreinigung) Nürnberg,Nürnberg,S.Scheid Elektroanlagentechnik GmbH in Nürnberg,Sichere Elektroinstallationen vom Fachbetrieb – zuverlässig geplant und professionell umgesetzt. mehr erfahren.,https://www.elektro-scheid.de/,elektro-scheid.de,no
(Elektriker OR Gebäudetechnik OR Sicherheitstechnik OR Rohrreinigung) Nürnberg,Nürnberg,SAT Elektrotechnik GmbH - Nürnberg,Intelligente Elektroinstallation · Brandmeldetechnik · Netzwerktechnik · Energieeffiziente Beleuchtungstechnik.,https://sat-elektro.de/,sat-elektro.de,no
(Elektriker OR Gebäudetechnik OR Sicherheitstechnik OR Rohrreinigung) Nürnberg,Nürnberg,Deine Ausbildung - e:tech Elektroservice Nürnberg,"So erwarten dich in der Energie- und Gebäudetechnik vielfältige Aufstiegschancen und Perspektiven, dich zu spezialisieren. Bereits während der Ausbildung ...",https://etech-elektroservice.de/karriere/deine-ausbildung/,etech-elektroservice.de,no
(Elektriker OR Gebäudetechnik OR Sicherheitstechnik OR Rohrreinigung) Nürnberg,Nürnberg,Gebäudetechnik - Nürnberg - Franck Elektrotechnik GmbH,Unsere Leistungen umfassen hierbei unter anderem: · Installation von Sicherheitsbeleuchtung und Fluchtwegtüren · Wartung von Sicherheitsbeleuchtung und ...,https://www.franck-elektrotechnik.de/service/gebaeudetechnik,franck-elektrotechnik.de,no
(Elektriker OR Gebäudetechnik OR Sicherheitstechnik OR Rohrreinigung) Nürnberg,Nürnberg,OH Haustechnik – Elektroinstallation & Netzwerkverkabelung ...,"Fachgerechte Elektroinstallation & Altbausanierung im Raum Nürnberg – Neubau, Bestandsmodernisierung & Netzwerkverkabelung. Sauber, sicher & zuverlässig.",https://oh-haustechnik.de/,oh-haustechnik.de,no
(Elektriker OR Gebäudetechnik OR Sicherheitstechnik OR Rohrreinigung) Nürnberg,Nürnberg,ges Gebäudetechnik und Elektroservice GmbH in Nürnberg - Sellwerk,ges Gebäudetechnik und Elektroservice GmbH | Elektrotechnik | Löffelholzstr. 20 HAUS 12 | 90441 Nürnberg | 0911-64119997.,https://sellwerk.de/firmenprofil/ges-gebaeudetechnik-und-elektroservice,sellwerk.de,no
(Elektriker OR Gebäudetechnik OR Sicherheitstechnik OR Rohrreinigung) Nürnberg,Nürnberg,ESS Elektrische Anlagen GmbH,"Schnell, flexibel und mit fachkompetenter Beratung stehen wir für Ihre geplanten oder kurzfristig auszuführenden Arbeiten bereit. Wir halten uns an vereinbarte ...",https://esselektro.com/,esselektro.com,no
(Elektriker OR Gebäudetechnik OR Sicherheitstechnik OR Rohrreinigung) Nürnberg,Nürnberg,Seibel365 Nürnberg ❤️ Gebäudetechnik für Hausverwaltungen,Seibel365 für Nürnberg ✔️ schnell ✔️ preiswert ✔️ kompetent. Wir sind rund um die Uhr 24/7 für Sie da! Haus- und Gebäudetechnik.,https://seibel-nuernberg.de/,seibel-nuernberg.de,no
(Elektriker OR Gebäudetechnik OR Sicherheitstechnik OR Rohrreinigung) Nürnberg,Nürnberg,Elektrotechnik - Fürth - SLS-Netzwerktechnik GmbH,"... Nürnberg eingetragenes Unternehmen und Mitglied der Elektroinnung Nürnberg. ... Gebäudetechnik zu leisten ist. Für alles was darüber hinausgeht, arbeiten ...",https://www.slsn.de/elektrotechnik/,slsn.de,no
(Elektriker OR Gebäudetechnik OR Sicherheitstechnik OR Rohrreinigung) Nürnberg,Nürnberg,elektromechanische Rohrreinigung | Rapid Rohr,"Vom normalen Küchen-, Bad-Siphon bis zum kompletten Kanalsystem. Unser Team lässt mit Wissen, Muskelkraft und spezieller Technik in Ihren Leitungen wieder alles ...",https://www.rapid-kanal.de/elektromechanische-rohrreinigung/,rapid-kanal.de,no
(Elektriker OR Gebäudetechnik OR Sicherheitstechnik OR Rohrreinigung) Nürnberg,Nürnberg,e-masters - Nürnberg: Elektroinstallation - Elektro Service Korn,"Wir sind mit zukunftssicheren Lösungen vertraut und bilden uns ständig weiter. Die teilweise komplexen Zusammenhänge machen wir Ihnen mit unserem ""know-how"" ...",https://www.korn-elektro.com/unsere-leistungen/elektroinstallation.html,korn-elektro.com,no
(Elektriker OR Gebäudetechnik OR Sicherheitstechnik OR Rohrreinigung) Nürnberg,Nürnberg,Elektrik & Sanitär Nürnberg | JM Bau GmbH,"Elektrik & Sanitär in Nürnberg – Technik, die zuverlässig funktioniert ... Durchdachte Systeme für Strom, Wasser und moderne Gebäudetechnik – sicher geplant und ...",https://www.jmbau-gmbh.de/elektrik---sanitar,jmbau-gmbh.de,no
(Elektriker OR Gebäudetechnik OR Sicherheitstechnik OR Rohrreinigung) Nürnberg,Nürnberg,Rohrreinigung | Haustechnik: Joh. u Joh. Baumgärtner GmbH,"Wir bieten Ihnen unter anderem das Reinigen aller Abwasserrohre sowie eine TV-Inspektion mit der Kamera an, um Kanalschäden zu lokalisieren und zu sanieren.",https://baumgaertner-sanitaer.de/rohrreinigung/,baumgaertner-sanitaer.de,no
(Elektriker OR Gebäudetechnik OR Sicherheitstechnik OR Rohrreinigung) Nürnberg,Nürnberg,"Elektroinstallation im Raum Nürnberg, Fürth und in Erlangen","Von Beratung bis Installation sind wir für Sie da. In der heutigen Zeit sind Elektroinstallationen und Elektrotechnik nicht mehr wegzudenken, besonders in der ...",https://schmidt-pohl-haustechnik.de/elektroinstallationen/,schmidt-pohl-haustechnik.de,no
(Elektriker OR Gebäudetechnik OR Sicherheitstechnik OR Rohrreinigung) Nürnberg,Nürnberg,Technik Seminare und Lehrgänge - Nürnberg - Grundig Akademie,"Elektrotechnik, Qualitätsmanagement, CAD und SPS, Arbeitsschutz, Umwelt und Energie, sind nur einige Themenfelder, zu denen Sie technische Weiterbildungen ...",https://www.grundig-akademie.de/technik,grundig-akademie.de,no
(Elektriker OR Gebäudetechnik OR Sicherheitstechnik OR Rohrreinigung) Nürnberg,Nürnberg,Installation von Sprech- / Telefonanlagen in und um Nürnberg,"Bei der in erhalten Sie jederzeit einen umfassenden Service, der Ihnen absolute Sicherheit garantiert. Unser geschultes Team sorgt dafür, dass die Telefon- und ...",https://www.stuehler-elektrotechnik.de/elektroinstallation/netzwerktechnik,stuehler-elektrotechnik.de,no
(Elektriker OR Gebäudetechnik OR Sicherheitstechnik OR Rohrreinigung) Nürnberg,Nürnberg,Service & Wartung - Rainer Decker Elektrotechnik,Sicherheitstechnik · Busch-tenton ... Anmeldung von ZählerAnlagen/PV Anlagen bei örtlichen EVU. Rainer Decker ElektrotechnikZwernberger Weg 1890449 Nürnberg ...,https://www.rainer-decker-elektrotechnik.de/unsere-leistungen/service-wartung.html,rainer-decker-elektrotechnik.de,no
(Elektriker OR Gebäudetechnik OR Sicherheitstechnik OR Rohrreinigung) Nürnberg,Nürnberg,BROCHIER Energie- und Anlagentechnik: Startseite,Vertrauen Sie auf unsere Expertise für industriellen Anlagen- und Rohrleitungsbau · Wir stellen höchste Qualität sicher · Wir finden die Lösung für Ihr Projekt.,https://www.brochier-energie-anlagentechnik.de/,brochier-energie-anlagentechnik.de,no
(Elektriker OR Gebäudetechnik OR Sicherheitstechnik OR Rohrreinigung) Nürnberg,Nürnberg,Elektroinstallation - Erlangen - MIRSCHBERGER Haustechnik GmbH,"Elektroinstallationen in Erlangen, Nürnberg, Fürth: Ob es um die Reparatur Ihrer Sprechanlage, die Wartung einer Elektroheizung oder die Installation einer ...",https://mirschberger.de/leistungen/elektro/,mirschberger.de,no
(Elektriker OR Gebäudetechnik OR Sicherheitstechnik OR Rohrreinigung) Nürnberg,Nürnberg,Elektrotechnik Schuster - Nürnberg,Elektrotechnik. Unsere Seite wird gerade überarbeitet. Sie erreichen uns telefonisch unter 0911 81898033 oder 0160 99720006.,https://www.elektrotechnik-schuster.de/,elektrotechnik-schuster.de,no
(Elektriker OR Gebäudetechnik OR Sicherheitstechnik OR Rohrreinigung) Nürnberg,Nürnberg,Scheckel Haustechnik GmbH & Co. KG – Dienstleister Rund um ...,Bäder & Heizungen. Scheckel​ Haustechnik. Scheckel​ Haustechnik. Ihr Meisterbetrieb für Heizung & Sanitär in Nürnberg und Umgebung.,https://scheckel-haustechnik.de/,scheckel-haustechnik.de,no
(Elektriker OR Gebäudetechnik OR Sicherheitstechnik OR Rohrreinigung) Nürnberg,Nürnberg,Gesundheit- und Körperpflege / Reinigung,Augenoptiker-Innung für Mittel- und Unterfranken - Innung mit eigener Geschäftsführung · Friseur-Innung Nürnberg · Gebäudereiniger-Innung Nordbayern · Innung des ...,https://www.khw-nuernberg.de/mitglieder/innungen/gesundheit-und-koerperpflege-reinigung/,khw-nuernberg.de,no
(Elektriker OR Gebäudetechnik OR Sicherheitstechnik OR Rohrreinigung) Nürnberg,Nürnberg,https://nuernberg.branchen-info.net/fp_3388280.php,No information is available for this page. · Learn why,https://nuernberg.branchen-info.net/fp_3388280.php,nuernberg.branchen-info.net,no
(Sanitärinstallateur OR Heizungsinstallateur OR Kältetechnik) Duisburg,Duisburg,"Hubert Schneider, Heizung, Sanitär und Klima in Duisburg","Ihr zuverlässiger Fachhandwerker im Gebiet rund um Duisburg, Essen und Mühlheim an der Ruhr. Wir kümmern uns um Ihre Sanitär- und Heizungsaufträge.",https://www.hubert-schneider.de/,hubert-schneider.de,no
(Sanitärinstallateur OR Heizungsinstallateur OR Kältetechnik) Duisburg,Duisburg,"Heisantec – Heizung, Sanitär, Klima & Notdienst in Duisburg ...",Tel. 0151/249 24 249 · Schnelle und kompetente Hilfe rund um die Uhr. Unser Notdienst hilft Ihnen professionell und preiswert. · In allen Belangen rund um das ...,https://www.heisantec.com/,heisantec.com,no
(Sanitärinstallateur OR Heizungsinstallateur OR Kältetechnik) Duisburg,Duisburg,Rainer Czisch: Sanitär Heizung Gebäudeenergieberater Duisburg,"Ihr Installateur für Sanitär und Heizung aus Duisburg. Rainer Czisch, Ihr Gebäudeenergieberater und Partner für Wasser und Wärme. Bei allen Fragen zu Bad und ...",https://www.heizungsbau-czisch.de/,heizungsbau-czisch.de,no
(Sanitärinstallateur OR Heizungsinstallateur OR Kältetechnik) Duisburg,Duisburg,Herbert Grings: Sanitär Heizung Klima | Duisburg,"Ihre Spezialisten für Sanitär, Heizung, Klimatechnik, Elektro, Photovoltaik und vielem mehr aus Duisburg - Herbert Grings.",https://www.gringsgmbh.de/,gringsgmbh.de,no
(Sanitärinstallateur OR Heizungsinstallateur OR Kältetechnik) Duisburg,Duisburg,Julius Schöbel aus Duisburg und Essen – Heizung | Sanitär | Bad ...,"In Duisburg und Essen liefert Julius Schöbel Lösungen für Heizung, Bad, Klima und Solar. Unser Team aus über 100 Fachkräften plant, installiert und betreut Ihre ...",https://www.schoebel.de/,schoebel.de,no
(Sanitärinstallateur OR Heizungsinstallateur OR Kältetechnik) Duisburg,Duisburg,"Schulz Sanitär - Heizung - Klima | Installateur, Duisburg","Schulz Sanitär - Heizung - Klima ist Ihr zuverlässiger Ansprechpartner in allen Fragen zu Heizung, Bad und Sanitär im Neubau und Altbau, bei Umbau und Anbau ...",https://www.schulz-haustechnik.de/,schulz-haustechnik.de,no
(Sanitärinstallateur OR Heizungsinstallateur OR Kältetechnik) Duisburg,Duisburg,"Dirk Demant, Heizung, Sanitär & Solar | Installateur, Duisburg","Ihr Installateur für Sanitär, Heizung, Sanitär- und Solartechnik-Firma in Duisburg sind, stehen wir Ihnen gerne zur Verfügung.",https://www.demant.de/,demant.de,no
(Sanitärinstallateur OR Heizungsinstallateur OR Kältetechnik) Duisburg,Duisburg,Ernst Schenk und Sohn GmbH Sanitär- und Heizungstechnik,Ernst Schenk & Sohn GmbH bietet: ✓ Sanitär- und Heizungstechnik ✓ Klimatechnik ✓ Baddesign - in Duisburg Neudorf seit 50 Jahren für Sie da.,https://schenk-sohn.de/,schenk-sohn.de,no
(Sanitärinstallateur OR Heizungsinstallateur OR Kältetechnik) Duisburg,Duisburg,MISMAHL aus Duisburg Duissern Heizung - Sanitär - Klempner ...,Die Firma Mismahl aus Duisburg Duissern - Für alle Fragen rund um Heizung und Sanitär und Bad.,https://mismahl.de/,mismahl.de,no
(Sanitärinstallateur OR Heizungsinstallateur OR Kältetechnik) Duisburg,Duisburg,Wallhorn Haustechnik Sanitär Heizung | Meisterbetrieb aus Duisburg,"Lassen Sie sich von unseren Leistungen und der Qualität unserer Arbeiten überzeugen. Besuchen Sie uns in 47167 Duisburg, Karl-Morian-Straße 38 für ein ...",https://www.wallhorn-haustechnik.de/,wallhorn-haustechnik.de,no
(Sanitärinstallateur OR Heizungsinstallateur OR Kältetechnik) Duisburg,Duisburg,Kälte- und Klimatechnik Reiner Kadzidroga | Duisburg,"Ihr Kälteanlagenfachbetrieb in Duisburg. Individuelle Lösungen in Kälte-, Lüftungs- und Klimatechnik. Vertrauen Sie auf unsere Expertise und Qualität.",https://www.reiner-kadzidroga.de/,reiner-kadzidroga.de,no
(Sanitärinstallateur OR Heizungsinstallateur OR Kältetechnik) Duisburg,Duisburg,Sanitär- und Heizungstechnik Rüsen aus Duisburg - Willkommen,"Die Firma Rüsen ist seit über 130 Jahren Ihr Fachbetrieb für Sanitär, Heizung und Solar in Duisburg und Umgebung.",https://www.ruesen.net/,ruesen.net,no
(Sanitärinstallateur OR Heizungsinstallateur OR Kältetechnik) Duisburg,Duisburg,Verweyen GmbH: Sanitär Heizung Duisburg,"Ob Fußbodenheizung oder Heizkörper, Wärmepumpe oder Pelletofen: Wir von der Verweyen GmbH beraten Sie so, dass Sie uns verstehen. Denn besonders bei der Nutzung ...",https://www.verweyen-duisburg.de/,verweyen-duisburg.de,no
(Sanitärinstallateur OR Heizungsinstallateur OR Kältetechnik) Duisburg,Duisburg,Karl Wilhelm Jeske GmbH: Home,"Karl Wilhelm Jeske GmbH – Ihr zuverlässiger Partner aus Duisburg für Sanitär, Heizung und Regenerative Energien. Wir planen Ihr Bad und warten ihre Heizung.",https://www.jeske.de/,jeske.de,no
(Sanitärinstallateur OR Heizungsinstallateur OR Kältetechnik) Duisburg,Duisburg,Körner GmbH & Co KG – Ihr Partner für Haustechnik aus Duisburg,"Wir bieten Ihnen unser umfangreiches Know-how in den Schwerpunktbereichen Heizung, Lüftung, Badplanung und Badrenovierung, Sanitärinstallation, alternative ...",https://walter-koerner.de/,walter-koerner.de,no
(Sanitärinstallateur OR Heizungsinstallateur OR Kältetechnik) Duisburg,Duisburg,"Haustechnik Duisburg: Elektrik, Heizung, Bad, Sanitär & Klima","Wir sind Ihr Partner für moderne Haustechnik. Ob Sanitär, Elektro, Heizung oder Photovoltaik – wir bieten Ihnen zuverlässige Lösungen aus einer Hand. Mit ...",https://www.a-i-haustechnik.de/,a-i-haustechnik.de,no
(Sanitärinstallateur OR Heizungsinstallateur OR Kältetechnik) Duisburg,Duisburg,Thermo Rhein West – Meisterbetrieb für Heizung & Sanitär,"Meisterbetrieb für Heizung, Sanitär & Wärmepumpe. Ehrliche Beratung, nachhaltige Lösungen & transparente Preise. ☎️ 0203 29860808.",https://www.thermo-rheinwest.de/,thermo-rheinwest.de,no
(Sanitärinstallateur OR Heizungsinstallateur OR Kältetechnik) Duisburg,Duisburg,[PDF] Auszug aus dem Installateurverzeichnis der Netze Duisburg GmbH ...,Marx Sanitär-Heizung. Ruhrorterstr. 1-3. 47198 Duisburg 02066 398394 ... Zum Walkmüller 45 47269 Duisburg 0203 3633686.,https://www.netze-duisburg.de/fileadmin/user_upload/Servicewelt/26.05_GW_Verzeichnis.pdf,netze-duisburg.de,no
(Sanitärinstallateur OR Heizungsinstallateur OR Kältetechnik) Duisburg,Duisburg,Haustechnik Duisburg - Sanitär Heizung Energieberatung,"Haustechnik Duisburg ist seit über 10 Jahren Fachbetrieb für Sanitärtechnik, Badmodernisierung, Heizungstechnik und Energieberatung im Raum Duisburg.",https://www.haustechnik-duisburg.com/,haustechnik-duisburg.com,no
(Sanitärinstallateur OR Heizungsinstallateur OR Kältetechnik) Duisburg,Duisburg,Eisblock - Ihr Kälte und Klima Meisterbetrieb in Duisburg Rheinhausen,"Eisblock Ihr zuverlässiger Partner für Kälte-, Klima-, Elektrotechnik und Erneuerbare Energien. Wir bieten eine persönliche Beratung, ...",https://www.eis-block.de/,eis-block.de,no
(Sanitärinstallateur OR Heizungsinstallateur OR Kältetechnik) Duisburg,Duisburg,Yannick Meyer Heizungs- und Kältetechnik,Yannick Meyer Heizungs- und Kältetechnik | Wir sind Ihr Handwerksspezialist für Heizung und Lüftung in Duisburg und der Umgebung.,https://heizung-kaelte.de/,heizung-kaelte.de,no
(Sanitärinstallateur OR Heizungsinstallateur OR Kältetechnik) Duisburg,Duisburg,Maßberg: Startseite,"Ihr Partner für Badsanierung, Heizung und Sanitär · Maßgeschneiderte handwerkliche Leistungen im Ruhrgebiet und Rheinland · Teil einer starken Unternehmensgruppe.",https://www.massberg-shk.de/,massberg-shk.de,no
(Sanitärinstallateur OR Heizungsinstallateur OR Kältetechnik) Duisburg,Duisburg,"Haustechnik Taher: Sanitär, Heizung & Klima In Duisburg","Wir stehen für fachgerechte Ausführung, hohe Qualität und kundennahe Betreuung. Unser Einsatzgebiet umfasst Duisburg, Moers, Kamp-Lintfort, Mülheim a.d. Ruhr ...",https://haustechniktaher.de/,haustechniktaher.de,no
(Sanitärinstallateur OR Heizungsinstallateur OR Kältetechnik) Duisburg,Duisburg,Michael Beyer - Sanitär Heizung Klima,E-Mail info@shk-beyer.de. 24-Stunden Notdienst 02065 48198. Uerdinger Straße 52 47229 Duisburg (Rheinhausen). Sanitär Heizung Klima Innungsfachbetrieb.,https://sanitaer-beyer.de/,sanitaer-beyer.de,no
(Sanitärinstallateur OR Heizungsinstallateur OR Kältetechnik) Duisburg,Duisburg,Hein Klimatechnik GmbH - Damit Ihnen nicht die Luft ausgeht,Wir sind Ihre Experten für Lüftungs- und Klimatechnik in Duisburg. Von der Beratung über Planung bis zur Installation und Wartung – wir sind Ihr ...,https://www.hein-klimatechnik.de/,hein-klimatechnik.de,no
(Sanitärinstallateur OR Heizungsinstallateur OR Kältetechnik) Duisburg,Duisburg,"Klimaanlage Duisburg – Montage, Wartung & Beratung | INOWEST","Weitere Services für Ihr Gebäude ... Neben Klimaanlagen bieten wir Ihnen ein vollständiges Leistungsspektrum rund um Klima-, Kälte- und Lüftungstechnik in ...",https://inowest.de/klimatechnik/klimaanlagen-duisburg/,inowest.de,no
(Sanitärinstallateur OR Heizungsinstallateur OR Kältetechnik) Duisburg,Duisburg,Senel Sanitär Heizung GmbH – Sanitär & Heizung Duisburg | 24/7 ...,"Sanitär & Heizung in Duisburg: 24/7 Notdienst, Wartung, Installation & Badmodernisierung. Über 25 Jahre Erfahrung. Jetzt Kontakt aufnehmen!",https://heizung-ts.com/,heizung-ts.com,no
(Sanitärinstallateur OR Heizungsinstallateur OR Kältetechnik) Duisburg,Duisburg,"Badsanierung & Heizungsbau in und um Duisburg, Düsseldorf","Wir von der DSA Haustechnik GmbH sind Ihr zuverlässiger Installateur- und Heizungsbaumeister in der Region in und um Duisburg, Krefeld und Ratingen. Seit vielen ...",https://dsa-duisburg.de/,dsa-duisburg.de,no
(Sanitärinstallateur OR Heizungsinstallateur OR Kältetechnik) Duisburg,Duisburg,Nico Sowa // Sanitär • Heizung,,https://www.nicosowa.de/,nicosowa.de,no
(Sanitärinstallateur OR Heizungsinstallateur OR Kältetechnik) Duisburg,Duisburg,Kontakt - KLAßEN Sanitär & Heizungstechnik e.K,Sanitär- & Heizungstechnik jeder Art. Kontaktieren Sie uns. Haben Sie Fragen oder benötigen Sie Unterstützung? Wir sind gerne für ...,https://heizungstechnik-duisburg.de/kontakt/,heizungstechnik-duisburg.de,no
(Sanitärinstallateur OR Heizungsinstallateur OR Kältetechnik) Duisburg,Duisburg,Axel Schepers Fliesen – Sanitär – Heizung - Click-ocean.net,Wir helfen Ihnen gerne weiter! Anbieter des Videos. Axel Schepers Fliesen – Sanitär – Heizung Viktoriastraße 3 47198 Duisburg Deutschland Telefon: 0 20 ...,https://www.click-ocean.net/video/show/video_id/2302,click-ocean.net,no
(Sanitärinstallateur OR Heizungsinstallateur OR Kältetechnik) Duisburg,Duisburg,"A+M Heizungs-Sanitärtechnik GmbH, Duisburg | Firmenschau","A+M Heizungs-Sanitärtechnik GmbH in Duisburg: Adresse, Telefon, Öffnungszeiten und Bewertungen im Firmenschau-Branchenbuch.",https://firmenschau.com/firmen/czo3OiIxOTUyOTAzIjs=/,firmenschau.com,no
(Elektriker OR Gebäudetechnik OR Sicherheitstechnik OR Rohrreinigung) Duisburg,Duisburg,Gebäudetechnik Schneider aus Duisburg - Heizung - Sanitär ...,"Die Firma Schneider aus Duisburg bietet Ihnen alles rund um Ihre Gebäudetechnik an. Sanitärtechnik, Heizungsanlagen, Elektroinstallation, Solaranlagen und ...",https://gebaeude-industrietechnik.de/,gebaeude-industrietechnik.de,no
(Elektriker OR Gebäudetechnik OR Sicherheitstechnik OR Rohrreinigung) Duisburg,Duisburg,Innungsbetriebe - Elektro-Innung Duisburg,Innungsbetriebe ; Achim Rox. Königstr. 61 47051 Duisburg. 0203 342017. 0203 3462464 ; Andreas Ehmann. Rückertstr. 104 47167 Duisburg. 0203 9415707. 0203 9415627.,https://www.elektro-innung-duisburg.de/innungsbetriebe.html,elektro-innung-duisburg.de,no
(Elektriker OR Gebäudetechnik OR Sicherheitstechnik OR Rohrreinigung) Duisburg,Duisburg,Elektro Horn GmbH - e-masters - Duisburg,"Wir sind für Sie rund um die Uhr im Einsatz - wir reparieren, installieren, konfigurieren und sanieren. Ihr Fachbetrieb.",https://www.elektrohorn-gmbh.de/,elektrohorn-gmbh.de,no
(Elektriker OR Gebäudetechnik OR Sicherheitstechnik OR Rohrreinigung) Duisburg,Duisburg,K & M Elektrotechnik Duisburg,k und m elektrotechnik duisburg. Seit 1991 Ihr Elektrotechniker im Großraum Duisburg! telefon elektriker duisburg 0203 - 439822 | Mo-Fr 9:00 - 16:00 Uhr.,https://www.km-elektro.info/,km-elektro.info,no
(Elektriker OR Gebäudetechnik OR Sicherheitstechnik OR Rohrreinigung) Duisburg,Duisburg,"Greve Elektrotechnik in Duisburg, Nordrhein-Westfalen","Felsenstrasse 21, 47058 Duisburg. Unser Unternehmen ist bekannt für hochwertige, bedarfsgerechte und umfassende Leistungen, die technischen, wirtschaftlichen ...",https://www.greve-elektrotechnik.de/,greve-elektrotechnik.de,no
(Elektriker OR Gebäudetechnik OR Sicherheitstechnik OR Rohrreinigung) Duisburg,Duisburg,Elektriker Duisburg | BakirConnect Meisterbetrieb,"Ihr Elektriker in Duisburg: BakirConnect Meisterbetrieb für Wallbox, Smart Home & Notdienst. Schnell & zuverlässig. Jetzt anfragen!",https://www.bakirconnect.de/,bakirconnect.de,no
(Elektriker OR Gebäudetechnik OR Sicherheitstechnik OR Rohrreinigung) Duisburg,Duisburg,Ausbildungsplätze Energie- und Gebäudetechnik Duisburg,Ausbildungsplätze Duisburg Energie- und Gebäudetechnik: Aktuelle Lehrstellen und Ausbildungsstellen für Energie- und Gebäudetechnik in Duisburg und ...,https://www.jobs-in-duisburg.com/ausbildung/energie-und-gebaeudetechnik-duisburg,jobs-in-duisburg.com,no
(Elektriker OR Gebäudetechnik OR Sicherheitstechnik OR Rohrreinigung) Duisburg,Duisburg,Elektroabteilung - Duisburg - Robert-Bosch-Berufskolleg,"Wer sich für Schaltkreise, Stromstärken und mechatronische Systeme interessiert, ist hier genau richtig: In der Elektrotechnik und Elektronik gibt es viele ...",https://rbbk-duisburg.de/bildungsangebot/elektroabteilung/,rbbk-duisburg.de,no
(Elektriker OR Gebäudetechnik OR Sicherheitstechnik OR Rohrreinigung) Duisburg,Duisburg,"Elektrotechnik Kluba, Ihr starker Partner für die Elektrotechnik und ...","Wir sind Ihr Fachbetrieb für die Elektrotechnik und Sicherheitstechnik in Duisburg, Oberhausen, Dinslaken, Voerde, Wesel, Moers, Düsseldorf und Umgebung.",https://www.elektro-kluba.de/,elektro-kluba.de,no
(Elektriker OR Gebäudetechnik OR Sicherheitstechnik OR Rohrreinigung) Duisburg,Duisburg,Ausbildung Ausbildung Elektroniker (m/w/d) Energie,"Du lernst zu planen, Du installierst elektronische Anlagen und nimmst sie dann in Betrieb. Du beschäftigst dich mit deren Wartung und eventueller Fehlerbehebung ...",https://www.elomech-gruppe.de/blog/jobs/ausbildung-elektroniker-m-w-d-energie-und-gebaeudetechnik/,elomech-gruppe.de,no
(Elektriker OR Gebäudetechnik OR Sicherheitstechnik OR Rohrreinigung) Duisburg,Duisburg,Elektro Schilitz in Duisburg - Gebäudetechnik - Antennenanlagen ...,"Die Firma Elektro Schilitz ist ein familiengeführter Elektrofachbetrieb in Duisburg. Wir erarbeiten mit Ihnen genau die Lösung, die zu Ihnen passt. Für Ihre ...",https://elektro-duisburg.de/,elektro-duisburg.de,no
(Elektriker OR Gebäudetechnik OR Sicherheitstechnik OR Rohrreinigung) Duisburg,Duisburg,Elektrotechniker Gebäudetechnik Jobs in Duisburg - vollzeitjobs.de,134 Vollzeit Elektrotechniker Gebäudetechnik Jobs in Duisburg - Aktuelle Jobsuche nach Vollzeit Stellenanzeigen in Duisburg mit vollzeitjobs.de.,https://www.vollzeitjobs.de/elektrotechniker-gebaeudetechnik-jobs-duisburg,vollzeitjobs.de,no
(Elektriker OR Gebäudetechnik OR Sicherheitstechnik OR Rohrreinigung) Duisburg,Duisburg,GS Elektrotechnik GmbH & Co. KG - Duisburg: Stellenangebote,"Ausbildung: Elektroniker/in Fachrichtung Energie- und Gebäudetechnik. Arbeitsgebiet: Elektrotechnik, Sicherheitstechnik, Elektroinstallation, Wartung, Reparatur ...",https://www.gs-et.de/wir-ueber-uns/stellenangebote.html,gs-et.de,no
(Elektriker OR Gebäudetechnik OR Sicherheitstechnik OR Rohrreinigung) Duisburg,Duisburg,Rohrreinigung Duisburg – RKT-NRW GmbH,Neben den Rohrleitungen können wir auch den Abwasserkanal auf seine Dichtheit prüfen und eventuelle Wurzeleinwüchse und Ablagerungen beseitigen. Bei all diesen ...,https://rkt-nrw.de/rohrreinigung-duisburg/,rkt-nrw.de,no
(Elektriker OR Gebäudetechnik OR Sicherheitstechnik OR Rohrreinigung) Duisburg,Duisburg,Elektro Schröder Meisterbetrieb e. K. - Duisburg - e-masters -,"Sie suchen einen kompetenten Elektrotechniker in Dusiburg? Wir reparieren, installieren, konfigurieren und sanieren. Rufen Sie uns an!",https://www.e-schroeder.de/,e-schroeder.de,no
(Elektriker OR Gebäudetechnik OR Sicherheitstechnik OR Rohrreinigung) Duisburg,Duisburg,Mohrmann-Elektrotechnik | In den Bänden 50 | 47229 Duisburg,Mohrmann-Elektrotechnik ist ein junges Unternehmen ansässig in Duisburg-Rheinhausen. ... DUISBURG MEISTERBETRIEB TELEFON 02065 - 676580 | FAX 02065 - 676557.,http://www.mohrmann-elektrotechnik.de/,mohrmann-elektrotechnik.de,no
(Elektriker OR Gebäudetechnik OR Sicherheitstechnik OR Rohrreinigung) Duisburg,Duisburg,- Home,"Ob Planung, Beratung oder sofortige Installation. Wir freuen uns auf Ihre Anfrage und empfehlen Ihnen desweiteren, unseren qualifizierten Service zu nutzen, um ...",https://ruhrelektro1.de/Home,ruhrelektro1.de,no
(Elektriker OR Gebäudetechnik OR Sicherheitstechnik OR Rohrreinigung) Duisburg,Duisburg,"47 Gebäude-, Versorgungs-, Sicherheitstechnik Jobs in Duisburg ...","47 Gebäude-, Versorgungs-, Sicherheitstechnik Jobs in Duisburg, Deutschland ... Elektriker / Elektroniker für Gebäudetechnik (m/w/d). Verbund Katholischer ...",https://www.ruhr24jobs.de/jobs/gebaeude-versorgungs-sicherheitstechnik/duisburg?page=4,ruhr24jobs.de,no
(Elektriker OR Gebäudetechnik OR Sicherheitstechnik OR Rohrreinigung) Duisburg,Duisburg,"Elektrotechnik Metallbau Rhein-Ruhr, Start, 47269 Duisburg",Über uns · Übersicht · Unser Team · So finden Sie uns · Aktuelles · Elektro · Übersicht · Elektroinstallationen · Photovoltaik · E-Mobilität ...,https://www.elektrik-metall.de/,elektrik-metall.de,no
(Elektriker OR Gebäudetechnik OR Sicherheitstechnik OR Rohrreinigung) Duisburg,Duisburg,Elektriker Duisburg » die 254 besten Adressen,Die 254 besten Elektriker in Duisburg · Bauschritt · Göven Bau · Abas Elektro Brandschutztechnik GmbH · ISUNON GmbH · Elektrotechnik von Wolff GmbH · M.Elektro ...,https://www.11880-elektriker.com/elektriker/duisburg?utm_source=portal_searchresult&source=portal_searchresult,11880-elektriker.com,no
(Elektriker OR Gebäudetechnik OR Sicherheitstechnik OR Rohrreinigung) Duisburg,Duisburg,Elektro E.S.A.D. GmbH: Elektro – Sicherheits – Antennen ...,Wir bieten im Raum Duisburg und Umgebung auf jeden Kunden individuell zugeschnittene Komplettlösungen nach den neuesten Standards und Vorschriften in den ...,https://www.elektro-esad.de/,elektro-esad.de,no
(Elektriker OR Gebäudetechnik OR Sicherheitstechnik OR Rohrreinigung) Duisburg,Duisburg,Elektrotechnik - Dezernat Gebäudemanagement,Elektrotechnik ( Duisburg). Bereichsleiter: Rainer Raths. Stellvertretender ... Elektriker. Merlin Marx. Elektriker. René Reckow. Elektriker. Fördertechnik.,https://www.uni-due.de/verwaltung/gebaeudemanagement/elektrotechnik_du.php,uni-due.de,no
(Elektriker OR Gebäudetechnik OR Sicherheitstechnik OR Rohrreinigung) Duisburg,Duisburg,Seibel365 Duisburg ❤️ Gebäudetechnik für Hausverwaltungen,"Seibel365 für Duisburg koordiniert Handwerks-, Technik- und Gebäudedienstleistungen für Hausverwaltungen, Unternehmen und Privatkunden in Duisburg und Umgebung.",https://seibel-duisburg.de/,seibel-duisburg.de,no
(Elektriker OR Gebäudetechnik OR Sicherheitstechnik OR Rohrreinigung) Duisburg,Duisburg,Elektro Kuperski,Wir sind zuverlässiger Fachbetrieb für Elektroinstallationen. Das Leistungsprofil umfasst Planung und Errichtung elektrischer Anlagen in Ein- und ...,https://www.elektro-kuperski.de/,elektro-kuperski.de,no
(Elektriker OR Gebäudetechnik OR Sicherheitstechnik OR Rohrreinigung) Duisburg,Duisburg,Umschulung Elektro - Bildungszentrum Handwerk Duisburg,Umschulung Elektro. Es erwartet Sie ein Beruf mit Zukunft. Sie werden zu den Spitzenverdienern im Handwerk gehören. Elektroniker für Energie- und Gebäudetechnik ...,https://www.bildungszentrum-duisburg.de/projekte/umschulungen/umschulung-elektro/,bildungszentrum-duisburg.de,no
(Elektriker OR Gebäudetechnik OR Sicherheitstechnik OR Rohrreinigung) Duisburg,Duisburg,Haustechnik - ELEKTRO MA Meisterbetrieb - Elektriker Duisburg,"Ganzheitliche Haustechnik für Ihr Gebäude – von der Sprechanlage bis zur Sicherheitstechnik, alles aus einer Meisterhand.",https://www.elektro-ma24.de/leistungen/haustechnik,elektro-ma24.de,no
(Elektriker OR Gebäudetechnik OR Sicherheitstechnik OR Rohrreinigung) Duisburg,Duisburg,Ausbildung / Lehrgänge (ÜBL) - shk-duisburg.de,Als freiwillige Organisation auf regionaler Ebene vertritt die SHK-Innung Duisburg die Fachinteressen ihrer im Mitglieder im Sinne handwerklicher ...,https://shk-duisburg.de/uebl.php,shk-duisburg.de,no
(Elektriker OR Gebäudetechnik OR Sicherheitstechnik OR Rohrreinigung) Duisburg,Duisburg,Elektroniker für Energie- und Gebäudetechnik (w/m/d) - Mäurer GmbH,"Sie sind zuverlässig, engagiert und bereit für neue Herausforderungen? Wir, die Mäurer GmbH, sind ein wachsender Handwerksbetrieb aus Duisburg-Duissern und ...",https://www.maeurer-gmbh.de/de/karriere/elektroniker-fuer-energie-und-gebaeudetechnik,maeurer-gmbh.de,no
(Elektriker OR Gebäudetechnik OR Sicherheitstechnik OR Rohrreinigung) Duisburg,Duisburg,Elektro Bieniek Installation - Duisburg,"Neuinstallationen oder Sanierungsarbeiten, kleine Arbeiten wie Steckdosen- oder Klingelreparaturen führen wir ebenso fachkundig aus wie eine Planung und ...",https://www.elektro-bieniek-installation.de/,elektro-bieniek-installation.de,no
(Elektriker OR Gebäudetechnik OR Sicherheitstechnik OR Rohrreinigung) Duisburg,Duisburg,Elektro Sangmeister GmbH | Ihr Elektroinstallatuer | Duisburg ...,Wir sind Ihr verlässlicher Partner für alle Arten von Reparaturen in und ums Haus. Unsere Firma besteht aus einem erfahrenen Team von ...,https://elektro-sangmeister.de/startseite/,elektro-sangmeister.de,no
(Elektriker OR Gebäudetechnik OR Sicherheitstechnik OR Rohrreinigung) Duisburg,Duisburg,E-Technik - BBBK Duisburg,Sicherheitstechnik; spezielle Kommunikationstechnik. Abschlussprüfung. Die Ausbildung endet mit einer schriftlichen Prüfung in den schwerpunktbezogenen Fächern ...,https://www.bbbk.de/index.php/e-technik.html,bbbk.de,no
(Elektriker OR Gebäudetechnik OR Sicherheitstechnik OR Rohrreinigung) Duisburg,Duisburg,Elektroinstallation Sicherheit - Paul Düppe Elektro-Anlagen GmbH,Sicherheitstechnik · Busch-tenton® · Digitalradio DAB+ · Doepke · DFS Audio · Doepke ... Paul Düppe Elektro-Anlagen GmbHEssenbergerstraße 42 - 4447059 Duisburg ...,https://www.elektro-dueppe.de/unsere-leistungen/intelligent-modernisieren/sicherheit-und-funktionalitaet/elektroinstallation-sicherheit.html,elektro-dueppe.de,no
(Elektriker OR Gebäudetechnik OR Sicherheitstechnik OR Rohrreinigung) Duisburg,Duisburg,Duisburg: Sicherheit und Funktionalität - EHH Elektrotechnik GmbH,"Nicht einmal jeder Zweite sichert sich gegen Einbrüche · Gefahrenmelder: Schutz vor Feuer, Wasser und Gas · Die Sicherheitstechnik im Haus vom Fachbetrieb prüfen ...",https://www.ehh-gmbh.de/unsere-leistungen/intelligent-modernisieren/sicherheit-und-funktionalitaet.html,ehh-gmbh.de,no
(Elektriker OR Gebäudetechnik OR Sicherheitstechnik OR Rohrreinigung) Duisburg,Duisburg,Elektrotechnik - Lux Elektro,Sicherheitstechnik · Videoüberwachung · Rauchwarnmelder --DIN EN 14604 und -DIN ... 47139 Duisburg. Telefon: +49 203 554444. Fax: +49 203 554446. Handy: +49 ...,https://www.lux-elektro.com/elektrotechnik/,lux-elektro.com,no
(Elektriker OR Gebäudetechnik OR Sicherheitstechnik OR Rohrreinigung) Duisburg,Duisburg,Die-Handwerksmeister,No information is available for this page. · Learn why,https://www.diehandwerksmeister.de/,diehandwerksmeister.de,no
