company_candidate,city,query,website,domain,generic_email,scanned_urls,status
Kempinger GmbH aus Berlin - Heizung | Sanitär | Bad,Berlin,(Sanitärinstallateur OR Heizungsinstallateur OR Kältetechnik) Berlin,https://www.kempinger.de/,kempinger.de,info@kempinger.de,https://www.kempinger.de/ | https://www.kempinger.de/kontakt/ | https://www.kempinger.de/impressum/,found
Kältetechnik Richter & Scholz GmbH | Berlin | Home,Berlin,(Sanitärinstallateur OR Heizungsinstallateur OR Kältetechnik) Berlin,https://www.kaeltetechnikberlin.de/,kaeltetechnikberlin.de,info@kaeltetechnikberlin.de,https://www.kaeltetechnikberlin.de/ | https://www.kaeltetechnikberlin.de/kontakt/ | https://www.kaeltetechnikberlin.de/kontakt/index.php/,found
Heizung und Sanitär | Berlin | A + M Heizung-Sanitär GmbH,Berlin,(Sanitärinstallateur OR Heizungsinstallateur OR Kältetechnik) Berlin,https://www.heizungsanitaer-berlin.de/,heizungsanitaer-berlin.de,,https://www.heizungsanitaer-berlin.de/ | https://www.heizungsanitaer-berlin.de/copy-of-kontakt | https://www.heizungsanitaer-berlin.de/kontakt,no_generic_email
Heizung Sanitär in Berlin - Berliner Branchen,Berlin,(Sanitärinstallateur OR Heizungsinstallateur OR Kältetechnik) Berlin,https://www.berlinerbranchen.com/heizung-sanitaer/berlin/,berlinerbranchen.com,info@berlinerbranchen.com; info@koelnerbranchen.de,https://www.berlinerbranchen.com/heizung-sanitaer/berlin/ | https://www.berlinerbranchen.com/seite/kontakt | https://www.berlinerbranchen.com/seite/impressum,found
Sanitärinstallation M. Schulze seit 1947,Berlin,(Sanitärinstallateur OR Heizungsinstallateur OR Kältetechnik) Berlin,https://sanitaerinstallation.berlin/,sanitaerinstallation.berlin,info@sanitaerinstallation.berlin,https://sanitaerinstallation.berlin/ | https://sanitaerinstallation.berlin/impressum/,found
Schwalm Heizung & Sanitär GmbH: Ihr Sanitär- und Heizungsprofi ...,Berlin,(Sanitärinstallateur OR Heizungsinstallateur OR Kältetechnik) Berlin,https://www.schwalm-berlin.info/,schwalm-berlin.info,,,fetch_error:HTTPError
"Best Heizung & Sanitär near Berlin, Germany - Yelp",Berlin,(Sanitärinstallateur OR Heizungsinstallateur OR Kältetechnik) Berlin,https://m.yelp.com/search?find_desc=Heizung+%26+Sanit%C3%A4r&find_loc=Sch%C3%B6neberg%2C+Berlin,m.yelp.com,,,fetch_error:HTTPError
Kältetechnik Berlin Brandenburg - WOWI Luft- und Klimatechnik GmbH,Berlin,(Sanitärinstallateur OR Heizungsinstallateur OR Kältetechnik) Berlin,https://www.wowi-luk.de/leistungen/kaeltetechnik,wowi-luk.de,info@wowi-luk.de,https://www.wowi-luk.de/leistungen/kaeltetechnik | https://www.wowi-luk.de/ueber-uns | https://www.wowi-luk.de/ueber-uns/unternehmen,found
Theodor Bergmann aus Berlin - Heizung | Sanitär | Bad,Berlin,(Sanitärinstallateur OR Heizungsinstallateur OR Kältetechnik) Berlin,https://www.theodor-bergmann.de/,theodor-bergmann.de,info@theodor-bergmann.de,https://www.theodor-bergmann.de/ | https://www.theodor-bergmann.de/unternehmen/ueber-uns/unternehmensphilosophie/ | https://www.theodor-bergmann.de/unternehmen/ueber-uns/geschichte/,found
"Heizung, Wärmepumpe & Klimaanlage Berlin | Meisterbetrieb",Berlin,(Sanitärinstallateur OR Heizungsinstallateur OR Kältetechnik) Berlin,https://reichert-haustechnik.de/,reichert-haustechnik.de,info@reichert-haustechnik.de,https://reichert-haustechnik.de/ | https://reichert-haustechnik.de/kontakt/ | https://reichert-haustechnik.de/impressum/,found
"Installateur Sanitär Heizung | Haustechnik Werner, Berlin",Berlin,(Sanitärinstallateur OR Heizungsinstallateur OR Kältetechnik) Berlin,https://www.ht-werner.de/,ht-werner.de,,https://www.ht-werner.de/ | https://www.ht-werner.de/scripts/kontakt/mail.aspx | https://www.ht-werner.de/unternehmen/shk/kontakt,no_generic_email
GSH Berlin,Berlin,(Sanitärinstallateur OR Heizungsinstallateur OR Kältetechnik) Berlin,https://www.gsh-kaeltetechnik.de/,gsh-kaeltetechnik.de,info@gsh-kaeltetechnik.de,https://www.gsh-kaeltetechnik.de/ | https://www.gsh-kaeltetechnik.de/impressum/,found
Scheimann Haustechnik GmbH & Co KG die Haustechnik Experten,Berlin,(Sanitärinstallateur OR Heizungsinstallateur OR Kältetechnik) Berlin,https://scheimann.net/,scheimann.net,,https://scheimann.net/,no_generic_email
Wir bauen Ihre Klimaanlagen in Berlin ein | Lubotek GmbH,Berlin,(Sanitärinstallateur OR Heizungsinstallateur OR Kältetechnik) Berlin,https://lubotek-klima.de/,lubotek-klima.de,info@lubotek-klima.de,https://lubotek-klima.de/ | https://lubotek-klima.de/kontakt/ | https://lubotek-klima.de/kontakt,found
Stephan Haffner - Professioneller Heizungsbau in Berlin,Berlin,(Sanitärinstallateur OR Heizungsinstallateur OR Kältetechnik) Berlin,https://stephan-haffner.de/,stephan-haffner.de,info@stephan-haffner.de,https://stephan-haffner.de/ | https://stephan-haffner.de/kontaktformular/ | https://stephan-haffner.de/impressum/,found
Willkommen im Standort Berlin | CLIMATECH Firmengruppe,Berlin,(Sanitärinstallateur OR Heizungsinstallateur OR Kältetechnik) Berlin,https://www.climatech.de/klima-lueftung-berlin/,climatech.de,info@climatech-berlin.de; info@climatech.de; service@climatech.de,https://www.climatech.de/klima-lueftung-berlin/ | https://www.climatech.de/kontakt-standort-berlin/ | https://www.climatech.de/impressum/,found
SANA-TEC GmbH: Willkommen,Berlin,(Sanitärinstallateur OR Heizungsinstallateur OR Kältetechnik) Berlin,https://sana-tec.de/,sana-tec.de,info@sana-tec.de,https://sana-tec.de/ | https://sana-tec.de/kontakt/ | https://sana-tec.de/kontakt/,found
Heizung und Sanitär | Berlin | Grimm & Mielke Ingenieurges.,Berlin,(Sanitärinstallateur OR Heizungsinstallateur OR Kältetechnik) Berlin,https://www.grimm-mielke.de/,grimm-mielke.de,info@grimm-mielke.de; info@hwk-berlin.de,https://www.grimm-mielke.de/ | https://www.grimm-mielke.de/kontakt | https://www.grimm-mielke.de/impressum,found
Uwe Latzke - Ihr Partner für Heizungs- & Sanitärinstallation in Berlin!,Berlin,(Sanitärinstallateur OR Heizungsinstallateur OR Kältetechnik) Berlin,http://www.firma-latzke.de/,firma-latzke.de,,http://www.firma-latzke.de/ | http://www.firma-latzke.de/impressum,no_generic_email
Patzwaldt – Heizung und Sanitärbetrieb in Berlin Schöneberg ...,Berlin,(Sanitärinstallateur OR Heizungsinstallateur OR Kältetechnik) Berlin,https://www.patz-sanitaer.de/,patz-sanitaer.de,info@patz-sanitaer.de,https://www.patz-sanitaer.de/ | https://www.patz-sanitaer.de/ueber-uns/ | https://www.patz-sanitaer.de/kontakt/,found
"Haustechnik Berlin, Gebrüder Schlaf, Gas - Wasser - Heizung",Berlin,(Sanitärinstallateur OR Heizungsinstallateur OR Kältetechnik) Berlin,https://www.haustechnik-schlaf.de/,haustechnik-schlaf.de,service@haustechnik-schlaf.de,https://www.haustechnik-schlaf.de/ | https://www.haustechnik-schlaf.de/ueber-uns-2/ | https://www.haustechnik-schlaf.de/impressum/,found
Reinhard Tietz: Sanitär Heizung Berlin,Berlin,(Sanitärinstallateur OR Heizungsinstallateur OR Kältetechnik) Berlin,https://www.tietz-sanitaer-heizung.de/,tietz-sanitaer-heizung.de,info@tietz-sanitaer-heizung.de,https://www.tietz-sanitaer-heizung.de/ | https://www.tietz-sanitaer-heizung.de/kontakt/ | https://www.tietz-sanitaer-heizung.de/kontakt/anfahrt/,found
Manfred Nischke GmbH - Berlin,Berlin,(Sanitärinstallateur OR Heizungsinstallateur OR Kältetechnik) Berlin,https://www.nischke.de/,nischke.de,info@nischke.de,https://www.nischke.de/ | https://www.nischke.de/ueber-uns | https://www.nischke.de/kontakt,found
FKL Heizung Sanitär Lüftung Klima - 12555 Berlin-Köpenick,Berlin,(Sanitärinstallateur OR Heizungsinstallateur OR Kältetechnik) Berlin,https://www.fkl-heizung-sanitaer.de/startseite/,fkl-heizung-sanitaer.de,info@fkl-heizung-sanitaer.de,https://www.fkl-heizung-sanitaer.de/ | https://www.fkl-heizung-sanitaer.de/kontakt/ | https://www.fkl-heizung-sanitaer.de/impressum/,found
Heizungstechnik | Berlin | Kröger Heizungs- und Sanitärtechnik,Berlin,(Sanitärinstallateur OR Heizungsinstallateur OR Kältetechnik) Berlin,https://www.kroegerhaustechnik.de/,kroegerhaustechnik.de,info@kroegerhaustechnik.de,https://www.kroegerhaustechnik.de/ | https://www.kroegerhaustechnik.de/ueber-uns | https://www.kroegerhaustechnik.de/kontakt,found
Heizungsdoc GmbH – Sanitär und Heizung Berlin,Berlin,(Sanitärinstallateur OR Heizungsinstallateur OR Kältetechnik) Berlin,https://heizungsdoc.de/,heizungsdoc.de,info@heizungsdoc.de,https://heizungsdoc.de/ | https://heizungsdoc.de/uber-uns/ | https://heizungsdoc.de/kontakt/,found
SEK Scheer & Ehrke | Kälte. Klima. Wärmepumpen. Technik.,Berlin,(Sanitärinstallateur OR Heizungsinstallateur OR Kältetechnik) Berlin,https://www.sek-kaelte.de/,sek-kaelte.de,,https://www.sek-kaelte.de/ | https://www.sek-kaelte.de/kontakt/ | https://www.sek-kaelte.de/kontakt/,no_generic_email
"S.H.E. Haustechnik GmbH: Sanitär, Heizung & Elektrotechnik",Berlin,(Sanitärinstallateur OR Heizungsinstallateur OR Kältetechnik) Berlin,https://www.shehaustechnik.de/,shehaustechnik.de,info@shehaustechnik.de,https://www.shehaustechnik.de/ | https://www.shehaustechnik.de/wir-ueber-uns/ | https://www.shehaustechnik.de/kontakt/,found
André Langner - Heizung - Lüftung - Sanitär,Berlin,(Sanitärinstallateur OR Heizungsinstallateur OR Kältetechnik) Berlin,https://www.heizungberlin.de/,heizungberlin.de,,https://www.heizungberlin.de/ | https://www.heizungberlin.de/ueber-uns/,no_generic_email
Heizung Sanitär in Berlin | kleinanzeigen.de,Berlin,(Sanitärinstallateur OR Heizungsinstallateur OR Kältetechnik) Berlin,https://www.kleinanzeigen.de/s-berlin/heizung-sanit%C3%A4r/k0l3331,kleinanzeigen.de,,,fetch_error:HTTPError
Zernikow Heizungsbau - Installateurhandwerk in Berlin und ...,Berlin,(Sanitärinstallateur OR Heizungsinstallateur OR Kältetechnik) Berlin,https://www.heizung-in-berlin.de/,heizung-in-berlin.de,,https://www.heizung-in-berlin.de/ | https://www.heizung-in-berlin.de/imprint.html,no_generic_email
"Heizung, Sanitär und vieles mehr in Berlin - Schwiete Anlagen",Berlin,(Sanitärinstallateur OR Heizungsinstallateur OR Kältetechnik) Berlin,https://www.schwiete.net/anlagen-versorgungs-technik-berlin,schwiete.net,,,fetch_error:URLError
Beringer GmbH - Sanitär & Heizung in Berlin,Berlin,(Sanitärinstallateur OR Heizungsinstallateur OR Kältetechnik) Berlin,https://www.beringer-gmbh.de/,beringer-gmbh.de,info@beringer-gmbh.de,https://www.beringer-gmbh.de/ | https://www.beringer-gmbh.de/kontakt,found
Heizung - Firma Benjamin Vaßen,Berlin,(Sanitärinstallateur OR Heizungsinstallateur OR Kältetechnik) Berlin,https://berlin-sanitaer.de/heizung/,berlin-sanitaer.de,,,fetch_error:HTTPError
Heizung und Sanitär in Berlin: W. Steiner GmbH Berlin,Berlin,(Sanitärinstallateur OR Heizungsinstallateur OR Kältetechnik) Berlin,https://www.steiner-gmbh.de/,steiner-gmbh.de,info@steiner-gmbh.de,https://www.steiner-gmbh.de/ | https://www.steiner-gmbh.de/kontakt.php,found
Schmidtchen Haustechnik | Berlin | Heizung Wasser Bad Solar ...,Berlin,(Sanitärinstallateur OR Heizungsinstallateur OR Kältetechnik) Berlin,https://www.schmidtchen-haustechnik.de/,schmidtchen-haustechnik.de,info@schmidtchen-haustechnik.de,https://www.schmidtchen-haustechnik.de/ | https://www.schmidtchen-haustechnik.de/ueber-uns/ | https://www.schmidtchen-haustechnik.de/ueber-uns/kurz-vorgestellt/,found
Thermatik: Die Helden der Heizung,Berlin,(Sanitärinstallateur OR Heizungsinstallateur OR Kältetechnik) Berlin,https://www.thermatik.de/,thermatik.de,,,fetch_error:RemoteDisconnected
"Klimaanlagen, Klimageräte, Luftreiniger in Berlin-Weißensee",Berlin,(Sanitärinstallateur OR Heizungsinstallateur OR Kältetechnik) Berlin,https://bienert-gmbh.de/,bienert-gmbh.de,info@bienert-gmbh.de,https://bienert-gmbh.de/ | https://bienert-gmbh.de/KONTAKT/,found
"Zimmermann  Meisterbetrieb für Sanitär, Heizung & Umwelttechnik ...",Berlin,(Sanitärinstallateur OR Heizungsinstallateur OR Kältetechnik) Berlin,https://www.zimmermann-installation.de/,zimmermann-installation.de,info@zimmermann-installation.de,https://www.zimmermann-installation.de/ | https://www.zimmermann-installation.de/kontakt/,found
Heizungsservice & Luxusbad Sanierungen Berlin: S & T,Berlin,(Sanitärinstallateur OR Heizungsinstallateur OR Kältetechnik) Berlin,https://www.stgmbh.de/,stgmbh.de,info@stgmbh.de,https://www.stgmbh.de/ | https://www.stgmbh.de/impressum,found
Hesat – Heizungs- und Sanitärtechnik GmbH - Berlin,Berlin,(Sanitärinstallateur OR Heizungsinstallateur OR Kältetechnik) Berlin,https://hesat-gmbh.de/,hesat-gmbh.de,info@hesat-gmbh.de,https://hesat-gmbh.de/ | https://hesat-gmbh.de/ueber-uns/ | https://hesat-gmbh.de/kontakt/,found
Firma Weise Kälte-Technik,Berlin,(Sanitärinstallateur OR Heizungsinstallateur OR Kältetechnik) Berlin,https://www.weise-kaeltetechnik-berlin.de/,weise-kaeltetechnik-berlin.de,,https://www.weise-kaeltetechnik-berlin.de/ | https://www.weise-kaeltetechnik-berlin.de/ueber-uns/ | https://www.weise-kaeltetechnik-berlin.de/kontakt/,no_generic_email
Kälteanlagen Berlin | Lüftung und Klima - BBS Gebäudetechnik GmbH,Berlin,(Sanitärinstallateur OR Heizungsinstallateur OR Kältetechnik) Berlin,https://www.bbsgebaeudetechnik.de/kaelteanlagen-berlin,bbsgebaeudetechnik.de,info@bbsgebaeudetechnik.de,https://www.bbsgebaeudetechnik.de/kaelteanlagen-berlin | https://www.bbsgebaeudetechnik.de/ueber-uns | https://www.bbsgebaeudetechnik.de/kontakt,found
"Kallenbach Klimatechnik, für Geschäfte, Büros, Praxen ...",Berlin,(Sanitärinstallateur OR Heizungsinstallateur OR Kältetechnik) Berlin,https://www.hauptstadtklima.de/,hauptstadtklima.de,info@kallenbach-klimatechnik.de,https://www.hauptstadtklima.de/ | https://www.hauptstadtklima.de/Ueber-uns.html | https://www.hauptstadtklima.de/Kontakt.html,found
Unternehmen - Bachmann Heizung- und Sanitär GmbH,Berlin,(Sanitärinstallateur OR Heizungsinstallateur OR Kältetechnik) Berlin,https://xn--wasser-wrme-luft-2nb.com/unternehmen/,xn--wasser-wrme-luft-2nb.com,,,fetch_error:HTTPError
Kälte - WOWI Haustechnik GmbH,Berlin,(Sanitärinstallateur OR Heizungsinstallateur OR Kältetechnik) Berlin,https://www.wowi-haustechnik.de/leistungen/kaelte,wowi-haustechnik.de,,https://www.wowi-haustechnik.de/leistungen/kaelte | https://www.wowi-haustechnik.de/ueber-uns | https://www.wowi-haustechnik.de/ueber-uns/unternehmen,no_generic_email
Wasser installateur - Kategorien - Berlin - STILPUNKTE®,Berlin,(Sanitärinstallateur OR Heizungsinstallateur OR Kältetechnik) Berlin,https://www.stilpunkte.de/berlin/kategorien/wasser-installateur/1/,stilpunkte.de,info@barthlomeyczik.de; info@bien-gmbh.de; info@garant-berlin.de; info@georg-degen.de; info@hegewisch.org; info@hgzberlin.de; info@kempinger.de; info@korsus-hansa.de; info@lenke-meisterbetrieb.de; info@ng-berlin.com; info@sana-tec.de; info@sanitaer-in-berlin.de; info@scheimann.net; info@schmidtchen-haustechnik.de; info@schreiber-heizung-sanitaer.de; info@schwalm-berlin.de; info@segment-gt.de; info@wiese-service.de,https://www.stilpunkte.de/berlin/kategorien/wasser-installateur/1/ | https://www.stilpunkte.de/ueber-uns/,found
"Heizung Berlin, Sanitär Berlin, Klima Berlin - regional.de",Berlin,(Sanitärinstallateur OR Heizungsinstallateur OR Kältetechnik) Berlin,https://www.regional.de/Berlin/Handwerk-und-Bauen/Heizung-und-Sanitaer-und-Klima.html,regional.de,,https://www.regional.de/Berlin/Handwerk-und-Bauen/Heizung-und-Sanitaer-und-Klima.html | https://www.regional.de/impressum,no_generic_email
TTD Kälte- & Klimatechnik Berlin / TTD Tessmann,Berlin,(Sanitärinstallateur OR Heizungsinstallateur OR Kältetechnik) Berlin,https://xn--ttdklteklima-jcb.de/kalte-klimatechnik/,xn--ttdklteklima-jcb.de,,https://xn--ttdklteklima-jcb.de/kalte-klimatechnik/ | https://xn--ttdklteklima-jcb.de/uber-uns/ | https://xn--ttdklteklima-jcb.de/kontakt/,no_generic_email
Ludwig & Sohn Kälte-Klimatechnik e.K. - Startseite,Berlin,(Sanitärinstallateur OR Heizungsinstallateur OR Kältetechnik) Berlin,https://www.ludwigundsohn.de/,ludwigundsohn.de,,https://www.ludwigundsohn.de/ | https://www.ludwigundsohn.de/kontakt/,no_generic_email
Heizungsbau in Berlin | Hier Angebote erhalten - Heizung-Regional,Berlin,(Sanitärinstallateur OR Heizungsinstallateur OR Kältetechnik) Berlin,https://www.heizung-regional.de/Heizungsbauer/berlin,heizung-regional.de,kontakt@123media.site,https://www.heizung-regional.de/Heizungsbauer/berlin | https://www.heizung-regional.de/impressum,found
Schenk - Berlin,Berlin,(Sanitärinstallateur OR Heizungsinstallateur OR Kältetechnik) Berlin,https://schenk-shk.de/,schenk-shk.de,info@schenk-shk.de,https://schenk-shk.de/ | https://schenk-shk.de/uber-uns/ | https://schenk-shk.de/kontakt/,found
GTB Gebäudetechnik Berlin GmbH,Berlin,(Elektriker OR Gebäudetechnik OR Sicherheitstechnik OR Rohrreinigung) Berlin,https://www.gtb-gebaeudetechnik.de/,gtb-gebaeudetechnik.de,hallo@connex-berlin.de; images/slider/img_slider_heizung@2x.png; kontakt@gtb-gebaeudetechnik.de,https://www.gtb-gebaeudetechnik.de/ | https://www.gtb-gebaeudetechnik.de/gebauedetechnik-kontakt.html | https://www.gtb-gebaeudetechnik.de/gebauedetechnik-impressum.html,found
"Elektriker und Elektromeister in Berlin – fachkundig, zuverlässig ...",Berlin,(Elektriker OR Gebäudetechnik OR Sicherheitstechnik OR Rohrreinigung) Berlin,https://elektro-reibsch.de/,elektro-reibsch.de,info@elektro-reibsch.de,https://elektro-reibsch.de/ | https://elektro-reibsch.de/kontakt/ | https://elektro-reibsch.de/impressum/,found
dedatec Klimatechnik: Wir bauen Ihre Klimaanlage in Berlin ...,Berlin,(Sanitärinstallateur OR Heizungsinstallateur OR Kältetechnik) Berlin,https://dedatec.de/,dedatec.de,info@dedatec.de,https://dedatec.de/ | https://dedatec.de/ueber-uns/ | https://dedatec.de/kontaktformular/,found
Mein Rohrreinigung Berlin – 24h Notdienst | My Gebäudetechnik ...,Berlin,(Elektriker OR Gebäudetechnik OR Sicherheitstechnik OR Rohrreinigung) Berlin,https://mein-rohrreinigung.de/,mein-rohrreinigung.de,info@mein-rohrreinigung.de,https://mein-rohrreinigung.de/,found
Eichler Elektro - Elektrofachmann seit 1950 in Berlin,Berlin,(Elektriker OR Gebäudetechnik OR Sicherheitstechnik OR Rohrreinigung) Berlin,https://www.elektro-eichler.de/,elektro-eichler.de,info@elektro-eichler.de,https://www.elektro-eichler.de/ | https://www.elektro-eichler.de/impressum,found
Elektro-SORO,Berlin,(Elektriker OR Gebäudetechnik OR Sicherheitstechnik OR Rohrreinigung) Berlin,https://elektrosoro.de/,elektrosoro.de,info@elektrosoro.de,https://elektrosoro.de/,found
SGE Berlin: Startseite,Berlin,(Elektriker OR Gebäudetechnik OR Sicherheitstechnik OR Rohrreinigung) Berlin,https://www.buero-sge.de/,buero-sge.de,info@buero-sge.de; mail@heideck-fotografie.de,https://www.buero-sge.de/ | https://www.buero-sge.de/kontakt/ | https://www.buero-sge.de/impressum/,found
Ausbildungsberufe - Elektro-Innung Berlin,Berlin,(Elektriker OR Gebäudetechnik OR Sicherheitstechnik OR Rohrreinigung) Berlin,https://www.elektroinnung.berlin/ausbildungsberufe.html,elektroinnung.berlin,,,fetch_error:URLError
Ausbildung Elektroniker/in für Energie- und Gebäudetechnik in Berlin,Berlin,(Elektriker OR Gebäudetechnik OR Sicherheitstechnik OR Rohrreinigung) Berlin,https://www.ausbildung.de/staedte/berlin/elektroniker-energie-und-gebaeudetechnik/,ausbildung.de,,,fetch_error:URLError
Junge & Pichler GmbH - Sanitäre Anlagen ...,Berlin,(Sanitärinstallateur OR Heizungsinstallateur OR Kältetechnik) Berlin,https://junge-pichler.de/,junge-pichler.de,info@junge-pichler.de,https://junge-pichler.de/ | https://junge-pichler.de/,found
RR-GmbH | Gebäudetechnik,Berlin,(Elektriker OR Gebäudetechnik OR Sicherheitstechnik OR Rohrreinigung) Berlin,https://rr-gmbh.net/,rr-gmbh.net,info@rr-gmbh.net,https://rr-gmbh.net/ | https://rr-gmbh.net/kontakt/,found
Elektroniker für Energie- und Gebäudetechnik (m/w/d) - R+S Group,Berlin,(Elektriker OR Gebäudetechnik OR Sicherheitstechnik OR Rohrreinigung) Berlin,https://www.rs-group.de/job/elektroniker-fuer-energie-und-gebaeudetechnik-m-w-d-4/,rs-group.de,kontakt@rs-group.de,https://www.rs-group.de/job/elektroniker-fuer-energie-und-gebaeudetechnik-m-w-d-4/ | https://www.rs-group.de/impressum/ | https://www.rs-group.de/ueber-uns/,found
https://muk-sanitaer.de/unternehmen,Berlin,(Sanitärinstallateur OR Heizungsinstallateur OR Kältetechnik) Berlin,https://muk-sanitaer.de/unternehmen,muk-sanitaer.de,info@muk-sanitaer.de,https://muk-sanitaer.de/unternehmen | https://muk-sanitaer.de/kontakt,found
Elektroniker/in für Energie- & Gebäudetechnik (m/w/d),Berlin,(Elektriker OR Gebäudetechnik OR Sicherheitstechnik OR Rohrreinigung) Berlin,https://stellenboerse.stuzubi.de/public/listing/6970a1a8a3d317eb2ea60cbe/elektronikerin-fuer-energie-und-gebaeudetechnik-spie-efficient-facilities-gmbh-berlin,stellenboerse.stuzubi.de,,https://stellenboerse.stuzubi.de/public/listing/6970a1a8a3d317eb2ea60cbe/elektronikerin-fuer-energie-und-gebaeudetechnik-spie-efficient-facilities-gmbh-berlin,no_generic_email
Jobs fürs Leben in Berlin und Umgebung finden!,Berlin,(Elektriker OR Gebäudetechnik OR Sicherheitstechnik OR Rohrreinigung) Berlin,https://www.koenig-fachpersonal.de/de/berlin/lieblingsjob-finden,koenig-fachpersonal.de,kontakt@bippesbrandao.de,https://www.koenig-fachpersonal.de/de/berlin/lieblingsjob-finden | https://www.koenig-fachpersonal.de/de/berlin/kontakt | https://www.koenig-fachpersonal.de/de/berlin/impressum,found
Jobs für Instandhaltung Gebäudetechnik in Berlin-Charlottenburg,Berlin,(Elektriker OR Gebäudetechnik OR Sicherheitstechnik OR Rohrreinigung) Berlin,https://www.careerjet.de/stellenangebote-instandhaltung-gebaudetechnik/Berlin-Charlottenburg,careerjet.de,,https://www.careerjet.de/stellenangebote-instandhaltung-gebaudetechnik/Berlin-Charlottenburg,no_generic_email
https://moseskonto.tu-berlin.de/moses/modultransfe...,Berlin,(Elektriker OR Gebäudetechnik OR Sicherheitstechnik OR Rohrreinigung) Berlin,https://moseskonto.tu-berlin.de/moses/modultransfersystem/bolognamodule/beschreibung/anzeigen.html;jsessionid=dZWSKPhWY2bRhs3wc3qd2jMQ1H9RpryCFet8O-AU.moseskonto?nummer=61326&version=1&sprache=1,moseskonto.tu-berlin.de,,https://moseskonto.tu-berlin.de/moses/modultransfersystem/bolognamodule/beschreibung/anzeigen.html;jsessionid=dZWSKPhWY2bRhs3wc3qd2jMQ1H9RpryCFet8O-AU.moseskonto?nummer=61326&version=1&sprache=1,no_generic_email
Elektroniker - Humboldt-Universität zu Berlin,Berlin,(Elektriker OR Gebäudetechnik OR Sicherheitstechnik OR Rohrreinigung) Berlin,https://www.hu-berlin.de/universitaet/arbeiten-an-der-hu/ausbildung/berufe/elektroniker,hu-berlin.de,,https://www.hu-berlin.de/universitaet/arbeiten-an-der-hu/ausbildung/berufe/elektroniker | https://www.hu-berlin.de/impressum | https://www.hu-berlin.de/.within.website/x/cmd/anubis/api/imprint,no_generic_email
"Elektriker Berlin, Elektrotechnik Berlin, Elektroinstallateur Berlin,",Berlin,(Elektriker OR Gebäudetechnik OR Sicherheitstechnik OR Rohrreinigung) Berlin,https://elektro-berlin.info/,elektro-berlin.info,,https://elektro-berlin.info/ | https://elektro-berlin.info/ueber-uns.html | https://elektro-berlin.info/kontakt.html,no_generic_email
Elektroniker Energie und Gebäudetechnik gesucht (m/w),Berlin,(Elektriker OR Gebäudetechnik OR Sicherheitstechnik OR Rohrreinigung) Berlin,https://www.elmlinger-personalservice.de/bewerber/offene-stellen-im-bereich-handwerk-in-berlin-und-potsdam/elektroniker-energie-und-geb%C3%A4udetechnik-m-w/,elmlinger-personalservice.de,info@elmlinger-personalservice.de,https://www.elmlinger-personalservice.de/bewerber/offene-stellen-im-bereich-handwerk-in-berlin-und-potsdam/elektroniker-energie-und-geb%C3%A4udetechnik-m-w/ | https://www.elmlinger-personalservice.de/about/,found
Steinberg EST GmbH: Elektrotechnik-Unternehmen in Berlin,Berlin,(Elektriker OR Gebäudetechnik OR Sicherheitstechnik OR Rohrreinigung) Berlin,https://www.steinberg-est.de/,steinberg-est.de,info@steinberg-est.de,https://www.steinberg-est.de/ | https://www.steinberg-est.de/impressum/index.php | https://www.steinberg-est.de/contact/index/link/?referrer=https://www.steinberg-est.de/,found
Bereit einen neuen Job anzutreten? Werden Sie Teil unseres ...,Berlin,(Elektriker OR Gebäudetechnik OR Sicherheitstechnik OR Rohrreinigung) Berlin,https://www.engie-deutschland.de/de/berlin-facility-services,engie-deutschland.de,,https://www.engie-deutschland.de/de/berlin-facility-services | https://www.engie-deutschland.de/de/kontakt | https://www.engie-deutschland.de/de/ueber-uns/geschichte,no_generic_email
Ihr Nr. 1 Ansprechpartner für technische Gebäudeausrüstung | m+m ...,Berlin,(Elektriker OR Gebäudetechnik OR Sicherheitstechnik OR Rohrreinigung) Berlin,https://www.mmgebaeudetechnik.de/,mmgebaeudetechnik.de,info@mmgebaeudetechnik.de,https://www.mmgebaeudetechnik.de/ | https://www.mmgebaeudetechnik.de/ueber-uns/ | https://www.mmgebaeudetechnik.de/ueber-uns/referenzen/,found
AN Elektrotechnik - Ihr Elektriker in Berlin und Umgebung,Berlin,(Elektriker OR Gebäudetechnik OR Sicherheitstechnik OR Rohrreinigung) Berlin,https://an-elektrotechnik-berlin.de/,an-elektrotechnik-berlin.de,,https://an-elektrotechnik-berlin.de/ | https://an-elektrotechnik-berlin.de/kontakt/ | https://an-elektrotechnik-berlin.de/impressum/,no_generic_email
Elektriker / Elektroniker (m/w/d) für Gebäudetechnik und ...,Berlin,(Elektriker OR Gebäudetechnik OR Sicherheitstechnik OR Rohrreinigung) Berlin,https://portal.oproma.de/jobs/elektriker-elektroniker-m-w-d-fuer-gebaeudetechnik-und-instandhaltung-ID-11587184,portal.oproma.de,info@oproma.de; office@oproma.de,https://portal.oproma.de/jobs/elektriker-elektroniker-m-w-d-fuer-gebaeudetechnik-und-instandhaltung-ID-11587184,found
Lars Schüler Elektroinstallationen,Berlin,(Elektriker OR Gebäudetechnik OR Sicherheitstechnik OR Rohrreinigung) Berlin,https://www.fa-schueler.de/,fa-schueler.de,info@fa-schueler.de,https://www.fa-schueler.de/ | https://www.fa-schueler.de/kontakt.html | https://www.fa-schueler.de/impressum.html,found
Rüsch - Berlin,Berlin,(Elektriker OR Gebäudetechnik OR Sicherheitstechnik OR Rohrreinigung) Berlin,https://ruesch-berlin.de/,ruesch-berlin.de,,https://ruesch-berlin.de/,no_generic_email
Machnik Elektro Ihr kompetenter Elektriker +49 30 40393373,Berlin,(Elektriker OR Gebäudetechnik OR Sicherheitstechnik OR Rohrreinigung) Berlin,https://machnik-elektro.de/,machnik-elektro.de,mail@machnik-elektro.de,https://machnik-elektro.de/ | https://machnik-elektro.de/ueber-uns/ | https://machnik-elektro.de/kontakt-anfahrt/,found
Elektrotechnik Berlin - A.Leyrer Elektro & Sicherheit,Berlin,(Elektriker OR Gebäudetechnik OR Sicherheitstechnik OR Rohrreinigung) Berlin,https://www.leyrer-berlin.de/,leyrer-berlin.de,buero@leyrer-berlin.de,https://www.leyrer-berlin.de/ | https://www.leyrer-berlin.de/kontakt/ | https://www.leyrer-berlin.de/impressum/,found
Elektroniker für Energie- und Gebäudetechnik - Ideal Project Berlin,Berlin,(Elektriker OR Gebäudetechnik OR Sicherheitstechnik OR Rohrreinigung) Berlin,https://ideal-project-berlin.de/elektroniker-fuer-energie-und-gebaeudetechnik,ideal-project-berlin.de,,https://ideal-project-berlin.de/elektroniker-fuer-energie-und-gebaeudetechnik,no_generic_email
Stelle Sicherheitstechnik - Eltec Service Gmbh | Berlin,Berlin,(Elektriker OR Gebäudetechnik OR Sicherheitstechnik OR Rohrreinigung) Berlin,https://www.eltec-berlin.de/bewerbung-sicherheitstechnik,eltec-berlin.de,info@eltec-berlin.de,https://www.eltec-berlin.de/bewerbung-sicherheitstechnik | https://www.eltec-berlin.de/kontakt | https://www.eltec-berlin.de/impressum,found
Elektro-Bergemann – Gebäude/System/Technik,Berlin,(Elektriker OR Gebäudetechnik OR Sicherheitstechnik OR Rohrreinigung) Berlin,https://www.elektro-bergemann.de/,elektro-bergemann.de,info@elektro-bergemann.de,https://www.elektro-bergemann.de/ | https://www.elektro-bergemann.de/kontakt/ | https://www.elektro-bergemann.de/impressum-datenschutz/,found
Energie-System-Technik GmbH – Ingenieurbüro Gebäudetechnik,Berlin,(Elektriker OR Gebäudetechnik OR Sicherheitstechnik OR Rohrreinigung) Berlin,https://est-berlin.de/,est-berlin.de,mail@est-berlin.de,https://est-berlin.de/ | https://est-berlin.de/ueber-uns/ | https://est-berlin.de/kontakt/,found
Herhold Gebäudetechnik,Berlin,(Elektriker OR Gebäudetechnik OR Sicherheitstechnik OR Rohrreinigung) Berlin,https://www.herholdgebaeudetechnik.de/,herholdgebaeudetechnik.de,mail@eh-bb.de,https://www.herholdgebaeudetechnik.de/ | https://www.herholdgebaeudetechnik.de/?action=kontakt | https://www.herholdgebaeudetechnik.de/?action=impressum,found
Jobangebote - Leschke Elektrotechnik,Berlin,(Elektriker OR Gebäudetechnik OR Sicherheitstechnik OR Rohrreinigung) Berlin,https://www.leschke-berlin.de/de/Karriere/Jobangebote.html,leschke-berlin.de,info@leschke-berlin.de; info@liquinux.com; versenden.info@leschke-berlin.de,https://www.leschke-berlin.de/de/Karriere/Jobangebote.html | https://www.leschke-berlin.de/de/ | https://www.leschke-berlin.de/de/,found
MANU Elektrobau GmbH Elektro- und Reinigungsmeisterbetrieb,Berlin,(Elektriker OR Gebäudetechnik OR Sicherheitstechnik OR Rohrreinigung) Berlin,https://www.elektrikerundreinigung.de/,elektrikerundreinigung.de,office@elektrikernotdienst.com,https://www.elektrikerundreinigung.de/ | https://www.elektrikerundreinigung.de/kontakt/ | https://www.elektrikerundreinigung.de/kontakt/index.php/,found
RETA Elektrotechnik: Ihr Partner für Elektroinstallationen,Berlin,(Elektriker OR Gebäudetechnik OR Sicherheitstechnik OR Rohrreinigung) Berlin,https://reta-gmbh.de/,reta-gmbh.de,info@reta-elektrotechnik.de; info@reta-gmbh.de,https://reta-gmbh.de/ | https://reta-gmbh.de/ueber-uns/ | https://reta-gmbh.de/kontakt/,found
"Berliner Meisterbetrieb für Elektrotechnik, Sanitär- und ...",Berlin,(Elektriker OR Gebäudetechnik OR Sicherheitstechnik OR Rohrreinigung) Berlin,https://www.haustechnik-seidel.de/,haustechnik-seidel.de,,https://www.haustechnik-seidel.de/ | https://www.haustechnik-seidel.de/kontakt | https://www.haustechnik-seidel.de/impressum,no_generic_email
RW Elektrotechnik Berlin GmbH - Unternehmen,Berlin,(Elektriker OR Gebäudetechnik OR Sicherheitstechnik OR Rohrreinigung) Berlin,https://www.rwelektrotechnik.de/,rwelektrotechnik.de,anfrage@rwelektrotechnik.de; kontakt@rwelektrotechnik.de,https://www.rwelektrotechnik.de/ | https://www.rwelektrotechnik.de/kontakt/ | https://www.rwelektrotechnik.de/impressum-datenschutz/,found
gnadtec.de - Berlin,Berlin,(Elektriker OR Gebäudetechnik OR Sicherheitstechnik OR Rohrreinigung) Berlin,https://www.gnadtec.de/,gnadtec.de,info@gnadtec.de,https://www.gnadtec.de/ | https://www.gnadtec.de/unternehmen/ueber-uns/ | https://www.gnadtec.de/unternehmen/kontakt/,found
13 Berlin jobs - Work from home - Glassdoor,Berlin,(Elektriker OR Gebäudetechnik OR Sicherheitstechnik OR Rohrreinigung) Berlin,"https://www.glassdoor.ie/Job/berlin-service-f%C3%BCr-geb%C3%A4udetechnik-and-energiemanagement-gmbh-jobs-SRCH_IL.0,6_IC2622109_KW7,60.htm",glassdoor.ie,,,fetch_error:HTTPError
"Elektroniker für Energie- und Gebäudetechnik in Vollzeit (w,m,d)",Berlin,(Elektriker OR Gebäudetechnik OR Sicherheitstechnik OR Rohrreinigung) Berlin,https://www.universal-dienstleistungen.de/elektroniker-fuer-energie-und-gebaeudetechnik-in-vollzeit/,universal-dienstleistungen.de,buero.leipzig@universal-dienstleistungen.de; info@universal-dienstleistungen.de,https://www.universal-dienstleistungen.de/elektroniker-fuer-energie-und-gebaeudetechnik-in-vollzeit/ | https://www.universal-dienstleistungen.de/home/ueber-uns/ | https://www.universal-dienstleistungen.de/home/kontakt/,found
Installateur Berlin | Savci SHK-Technik Meisterbetrieb – 24h Notdienst,Berlin,(Elektriker OR Gebäudetechnik OR Sicherheitstechnik OR Rohrreinigung) Berlin,https://savci-shk.de/,savci-shk.de,info@savci-shk.de,https://savci-shk.de/ | https://savci-shk.de/impressum.html,found
Ausbildung Elektroniker (Berlin) - Uwe Schmidt Elektroinstallation Gas,Berlin,(Elektriker OR Gebäudetechnik OR Sicherheitstechnik OR Rohrreinigung) Berlin,https://elektroschmidtberlin.de/stellenangebote/ausbildung/,elektroschmidtberlin.de,info@elektroschmidtberlin.de,https://elektroschmidtberlin.de/stellenangebote/ausbildung/ | https://elektroschmidtberlin.de/wir-ueber-uns/ | https://elektroschmidtberlin.de/wir-ueber-uns/referenzen/,found
Protech | Heizungsdienst und Sanitärtechnik Berlin,Berlin,(Elektriker OR Gebäudetechnik OR Sicherheitstechnik OR Rohrreinigung) Berlin,https://www.protech-berlin.de/,protech-berlin.de,info@protech-berlin.de,https://www.protech-berlin.de/ | https://www.protech-berlin.de/impressum,found
"Haustechnik Berlin - Elektrik, Licht, Heizung & Sanitär",Berlin,(Elektriker OR Gebäudetechnik OR Sicherheitstechnik OR Rohrreinigung) Berlin,https://elektro-elektroinstallation.de/haustechnik-berlin/,elektro-elektroinstallation.de,,https://elektro-elektroinstallation.de/haustechnik-berlin/ | https://elektro-elektroinstallation.de/kontakt/ | https://elektro-elektroinstallation.de/impressum/,no_generic_email
Meisterbetrieb - Anlagen-Sicherheitstechnik Kutzner,Berlin,(Elektriker OR Gebäudetechnik OR Sicherheitstechnik OR Rohrreinigung) Berlin,https://www.ast-kutzner.de/index.php?artikel=19,ast-kutzner.de,,https://www.ast-kutzner.de/index.php?artikel=19,no_generic_email
Elektroniker - auf bildung4u,Berlin,(Elektriker OR Gebäudetechnik OR Sicherheitstechnik OR Rohrreinigung) Berlin,"https://www.bildung4u.de/artikel/elektroniker-3911,0,60.html",bildung4u.de,,"https://www.bildung4u.de/artikel/elektroniker-3911,0,60.html | https://www.bildung4u.de/kontakte/gina-gramsch-3911,0,dadetail.html?id=14 | https://www.bildung4u.de/kontakte/thomas-boberg-3911,0,dadetail.html?id=3",no_generic_email
"Wrobel Haustechnik – Bad, Heizung & Haustechnik in Kaarst",Berlin,(Elektriker OR Gebäudetechnik OR Sicherheitstechnik OR Rohrreinigung) Berlin,https://haustechnik-wrobel.de/,haustechnik-wrobel.de,,https://haustechnik-wrobel.de/,no_generic_email
My WordPress,Berlin,(Elektriker OR Gebäudetechnik OR Sicherheitstechnik OR Rohrreinigung) Berlin,https://rohrfreund.de/,rohrfreund.de,,https://rohrfreund.de/,no_generic_email
Technisches Gebäudemanagement Berlin - Piepenbrock,Berlin,(Elektriker OR Gebäudetechnik OR Sicherheitstechnik OR Rohrreinigung) Berlin,https://www.piepenbrock.de/standorte/berlin/technisches-gebaeudemanagement-berlin/,piepenbrock.de,,https://www.piepenbrock.de/standorte/berlin/technisches-gebaeudemanagement-berlin/ | https://www.piepenbrock.de/ueber-uns/ | https://www.piepenbrock.de/ueber-uns/unser-unternehmen/,no_generic_email
Fachrichtung Energie- und Gebäudetechnik (m/w/d) - Knobelsdorf,Berlin,(Elektriker OR Gebäudetechnik OR Sicherheitstechnik OR Rohrreinigung) Berlin,https://knobelsdorf.de/jobs/ausbildung-elektroniker-energie-gebaeudetechnik/,knobelsdorf.de,,https://knobelsdorf.de/jobs/ausbildung-elektroniker-energie-gebaeudetechnik/ | https://knobelsdorf.de/ueber-uns/ | https://knobelsdorf.de/impressum/,no_generic_email
Elektroinstallationen & Sicherheitstechnik Berlin | SFC,Berlin,(Elektriker OR Gebäudetechnik OR Sicherheitstechnik OR Rohrreinigung) Berlin,https://www.sfc-berlin-brandenburg.de/leistungen/elektrotechnik,sfc-berlin-brandenburg.de,info@sfc-berlin-brandenburg.de; info@sfc-group.de,https://www.sfc-berlin-brandenburg.de/leistungen/elektrotechnik | https://www.sfc-berlin-brandenburg.de/impressum,found
Kuzey Haustechnik Sanitär und Rohrreinigung Notdienst,Berlin,(Elektriker OR Gebäudetechnik OR Sicherheitstechnik OR Rohrreinigung) Berlin,https://www.kuzeyhaustechnik.de/,kuzeyhaustechnik.de,,https://www.kuzeyhaustechnik.de/ | https://www.kuzeyhaustechnik.de/uber-uns/ | https://www.kuzeyhaustechnik.de/kontakt/,no_generic_email
Ing. Murowicki: Dipl.,Berlin,(Elektriker OR Gebäudetechnik OR Sicherheitstechnik OR Rohrreinigung) Berlin,http://www.murowicki.de/,murowicki.de,,http://www.murowicki.de/ | http://www.murowicki.de/wir-ueber-uns.html | http://www.murowicki.de/impressum.html,no_generic_email
Elektroinstallation - Berlin - e.t. elektrobau GmbH,Berlin,(Elektriker OR Gebäudetechnik OR Sicherheitstechnik OR Rohrreinigung) Berlin,https://www.et-elektrobau.de/elektroinstallation/,et-elektrobau.de,info@etelektrobau.de,https://www.et-elektrobau.de/elektroinstallation/ | https://www.et-elektrobau.de/kontakt/ | https://www.et-elektrobau.de/impressum/,found
Sachverständiger Haustechnik und Trinkwasserhygiene - HMS-tec,Berlin,(Elektriker OR Gebäudetechnik OR Sicherheitstechnik OR Rohrreinigung) Berlin,https://www.hms-tec.de/team/,hms-tec.de,info@hms-tec.de,https://www.hms-tec.de/team/ | https://www.hms-tec.de/kontakt/ | https://www.hms-tec.de/impressum/,found
Elektrik & Sanitärarbeiten Berlin - VS-ExpressBau GmbH,Berlin,(Elektriker OR Gebäudetechnik OR Sicherheitstechnik OR Rohrreinigung) Berlin,https://vs-expressbau.de/leistung/elektrik-sanitaerarbeiten/,vs-expressbau.de,info@vs-expressbau.de,https://vs-expressbau.de/leistung/elektrik-sanitaerarbeiten/ | https://vs-expressbau.de/kontakt/ | https://vs-expressbau.de/impressum/,found
Bärenkälte GmbH - Kälte- und Klimatechnik in Hamburg,Hamburg,(Sanitärinstallateur OR Heizungsinstallateur OR Kältetechnik) Hamburg,https://baerenkaelte.de/,baerenkaelte.de,info@baerenkaelte.com,https://baerenkaelte.de/ | https://baerenkaelte.de/ueber-uns/ | https://baerenkaelte.de/kontaktieren-sie-uns-noch-heute-fuer-ihr-angebot/,found
Ausbildung Berlin Elektroniker/in - Gebäude- und Infrastruktursysteme,Berlin,(Elektriker OR Gebäudetechnik OR Sicherheitstechnik OR Rohrreinigung) Berlin,https://www.azubiyo.de/ausbildung/berlin/gebaeude-infrastruktursysteme/,azubiyo.de,,https://www.azubiyo.de/ausbildung/berlin/gebaeude-infrastruktursysteme/ | https://www.azubiyo.de/arbeitgeber/kontakt/ | https://www.azubiyo.de/impressum/,no_generic_email
Luth Sanitärtechnik GmbH – Bad & Heizung in Hamburg,Hamburg,(Sanitärinstallateur OR Heizungsinstallateur OR Kältetechnik) Hamburg,https://luth-sanitaer.de/,luth-sanitaer.de,,https://luth-sanitaer.de/,no_generic_email
Lütge Haustechnik: Heizung Sanitär Solar Lüftung Hamburg,Hamburg,(Sanitärinstallateur OR Heizungsinstallateur OR Kältetechnik) Hamburg,https://www.sanitaer-heizung-notdienst.de/,sanitaer-heizung-notdienst.de,info@sanitaer-heizung-notdienst.de,https://www.sanitaer-heizung-notdienst.de/ | https://www.sanitaer-heizung-notdienst.de/impressum,found
Knipping - Kälte & Klimatechnik GmbH: Startseite,Hamburg,(Sanitärinstallateur OR Heizungsinstallateur OR Kältetechnik) Hamburg,https://www.knipping-klima.de/,knipping-klima.de,info@knipping-klima.de,https://www.knipping-klima.de/ | https://www.knipping-klima.de/kontakt/kontakt/ | https://www.knipping-klima.de/kontakt/ansprechpartner/,found
Unternehmen - EGU Energietechnik - Gebäudetechnik,Berlin,(Elektriker OR Gebäudetechnik OR Sicherheitstechnik OR Rohrreinigung) Berlin,https://www.egu-berlin.de/unternehmen/,egu-berlin.de,info@egu-berlin.de,https://www.egu-berlin.de/unternehmen/ | https://www.egu-berlin.de/kontakt/ | https://www.egu-berlin.de/impressum/,found
Kältetechnik Hamburg - 18 Adressen - hamburg.de,Hamburg,(Sanitärinstallateur OR Heizungsinstallateur OR Kältetechnik) Hamburg,https://www.hamburg.de/branchenbuch/hamburg/k__c3__a4ltetechnik/,hamburg.de,info@air-factory.de; info@ar-autodrom.de; info@dechow-dl.de; info@delewskigmbh.de; info@gastro-michel.de; info@hamburger-kaeltetechnik.de; info@hummel-hamburg.de; info@kaelte-bast.de; info@knipping-klima.de; info@pro-klima-gmbh.de; info@rts.eu; info@westermann-gmbh.de; service@kaelte-hh.de,https://www.hamburg.de/branchenbuch/hamburg/k__c3__a4ltetechnik/ | https://www.hamburg.de/leben-in-hamburg/ueber-uns/beratungstermin-368834 | https://www.hamburg.de/leben-in-hamburg/ueber-uns,found
"Kälte Bast GmbH: Klima, Klimageräte, Klimatechnik Hamburg",Hamburg,(Sanitärinstallateur OR Heizungsinstallateur OR Kältetechnik) Hamburg,https://www.kaelte-bast.de/,kaelte-bast.de,,https://www.kaelte-bast.de/ | https://www.kaelte-bast.de/kontakt/ | https://www.kaelte-bast.de/kontakt/rueckruf-service,no_generic_email
Elektroniker/-in für Gebäude- und Infrastruktursysteme - IHK Berlin,Berlin,(Elektriker OR Gebäudetechnik OR Sicherheitstechnik OR Rohrreinigung) Berlin,https://www.ihk.de/berlin/ausbildung/ausbildungsberufe-von-a-bis-z/elektroniker-fuer-gebaeude-und-infrastruktursysteme-2262314,ihk.de,info@osztiem.de; service@berlin.ihk.de,https://www.ihk.de/berlin/ausbildung/ausbildungsberufe-von-a-bis-z/elektroniker-fuer-gebaeude-und-infrastruktursysteme-2262314 | https://www.ihk.de/berlin/servicemarken/zentrale-dateien/kontakt-2250372,found
Dieter Werner GmbH | Sanitär Heizung Klima Hamburg,Hamburg,(Sanitärinstallateur OR Heizungsinstallateur OR Kältetechnik) Hamburg,https://www.dieter-werner.de/,dieter-werner.de,info@dieter-werner.de,https://www.dieter-werner.de/ | https://www.dieter-werner.de/scripts/kontakt/mail.aspx | https://www.dieter-werner.de/unternehmen/shk/kontakt,found
August Kahl: Heizung-Sanitär- und Elektrotechnik Hamburg und ...,Hamburg,(Sanitärinstallateur OR Heizungsinstallateur OR Kältetechnik) Hamburg,https://www.august-kahl.de/,august-kahl.de,info@august-kahl.de,https://www.august-kahl.de/ | https://www.august-kahl.de/kontakt/ | https://www.august-kahl.de/impressum/,found
10 erfahrene Sanitärbetriebe in Hamburg - hamburg-magazin.de,Hamburg,(Sanitärinstallateur OR Heizungsinstallateur OR Kältetechnik) Hamburg,https://www.hamburg-magazin.de/artikel/sanitaerinstallateure-in-hamburg,hamburg-magazin.de,buero@draegert.de; info@blank-hh.com; info@boege-haustechnik.de; info@brunoschwarz.de; info@elbhandwerk.com; info@klempner-hh.de; info@mackens-sohn.de; info@stahmer-sanitaer.de; info@zempelgmbh.de; service@hamburg-magazin.de,https://www.hamburg-magazin.de/artikel/sanitaerinstallateure-in-hamburg | https://www.hamburg-magazin.de/kontakt | https://www.hamburg-magazin.de/impressum,found
ElbHandWerk I Sanitär I Heizung I Hamburg,Hamburg,(Sanitärinstallateur OR Heizungsinstallateur OR Kältetechnik) Hamburg,https://www.elbhandwerk.com/,elbhandwerk.com,info@elbhandwerk.com,https://www.elbhandwerk.com/,found
Elektrische Wartung und Reparatur – TE-K BERLIN,Berlin,(Elektriker OR Gebäudetechnik OR Sicherheitstechnik OR Rohrreinigung) Berlin,https://te-kberlin.de/elektrische-wartung-und-reparatur/,te-kberlin.de,info@te-kberlin.de; info@tek-berlin.de,https://te-kberlin.de/elektrische-wartung-und-reparatur/ | https://te-kberlin.de/impressum/ | https://te-kberlin.de/kontakt/,found
kniffke.de: Kniffke Sanitärtechnik in Hamburg,Hamburg,(Sanitärinstallateur OR Heizungsinstallateur OR Kältetechnik) Hamburg,https://www.kniffke.de/,kniffke.de,mail@kniffke.de,https://www.kniffke.de/ | https://www.kniffke.de/kontakt/ | https://www.kniffke.de/kontakt/impressum/,found
Home • Gehrke Hamburg,Hamburg,(Sanitärinstallateur OR Heizungsinstallateur OR Kältetechnik) Hamburg,https://www.gehrke-hamburg.de/,gehrke-hamburg.de,info@gehrke-hamburg.de,https://www.gehrke-hamburg.de/ | https://www.gehrke-hamburg.de/impressum/,found
Andreas Giessen Sanitär GmbH - Profi für Haustechnik in Hamburg,Hamburg,(Sanitärinstallateur OR Heizungsinstallateur OR Kältetechnik) Hamburg,https://ag-sanitaer.de/,ag-sanitaer.de,,https://ag-sanitaer.de/,no_generic_email
Karl Krüger: Home,Hamburg,(Sanitärinstallateur OR Heizungsinstallateur OR Kältetechnik) Hamburg,https://www.karl-krueger.de/,karl-krueger.de,info@karl-krueger.de,https://www.karl-krueger.de/ | https://www.karl-krueger.de/impressum/ | https://www.karl-krueger.de/kontakt/,found
"Lüdemann Haustechnik, Hamburg: Installateur Sanitär Heizung",Hamburg,(Sanitärinstallateur OR Heizungsinstallateur OR Kältetechnik) Hamburg,https://www.haustechnik-luedemann.de/,haustechnik-luedemann.de,info@haustechnik-luedemann.de,https://www.haustechnik-luedemann.de/ | https://www.haustechnik-luedemann.de/scripts/kontakt/mail.aspx | https://www.haustechnik-luedemann.de/unternehmen/shk/kontakt,found
Heinz Kell Sanitär- und Heizungstechnik GmbH | Hamburg,Hamburg,(Sanitärinstallateur OR Heizungsinstallateur OR Kältetechnik) Hamburg,https://www.kell-online.de/,kell-online.de,info@kell-online.de,https://www.kell-online.de/ | https://www.kell-online.de/scripts/kontakt/mail.aspx | https://www.kell-online.de/unternehmen/shk/kontakt,found
"SHS Alstertherm GmbH | Heizung, Sanitär, Solar, Klima | Hamburg",Hamburg,(Sanitärinstallateur OR Heizungsinstallateur OR Kältetechnik) Hamburg,https://alstertherm.de/,alstertherm.de,info@alstertherm.de,https://alstertherm.de/ | https://alstertherm.de/ueber-uns/ | https://alstertherm.de/kontakt/,found
Klempner Hamburg - Nord | Heizung · Klima · Sanitär,Hamburg,(Sanitärinstallateur OR Heizungsinstallateur OR Kältetechnik) Hamburg,https://www.klempner-hamburg-nord.de/,klempner-hamburg-nord.de,kontakt@klempner-hamburg-nord.de,https://www.klempner-hamburg-nord.de/ | https://www.klempner-hamburg-nord.de/kontakt.html,found
Kälte- & Klimatechnik in Hamburg |,Hamburg,(Sanitärinstallateur OR Heizungsinstallateur OR Kältetechnik) Hamburg,https://www.abendblatt.de/unternehmen/kaelte-klimatechnik,abendblatt.de,info@abendblatt.de; sales-info@funkemedien.de; sales-info@funkemedien.deweb,https://www.abendblatt.de/unternehmen/kaelte-klimatechnik | https://www.abendblatt.de/service/impressum/,found
kws-hamburg.de: Kälteanlagen Heizungsanlagen Wärmepumpen,Hamburg,(Sanitärinstallateur OR Heizungsinstallateur OR Kältetechnik) Hamburg,https://www.kws-hamburg.de/,kws-hamburg.de,info@kws-technik.de,https://www.kws-hamburg.de/startseite.html | https://www.kws-hamburg.de/kontakt.html | https://www.kws-hamburg.de/impressum.html,found
Woltemath Sanitär- & Heizungstechnik | Heizung & Sanitär,Hamburg,(Sanitärinstallateur OR Heizungsinstallateur OR Kältetechnik) Hamburg,https://www.woltemath-heizungsbau.de/,woltemath-heizungsbau.de,info@woltemath-heizungsbau.de,https://www.woltemath-heizungsbau.de/ | https://www.woltemath-heizungsbau.de/about.html | https://www.woltemath-heizungsbau.de/kontakt.html,found
GK Sanitärtechnik: Ihr Experte für Bad & Heizung in Hamburg,Hamburg,(Sanitärinstallateur OR Heizungsinstallateur OR Kältetechnik) Hamburg,https://gksanitaertechnik.de/,gksanitaertechnik.de,,https://gksanitaertechnik.de/,no_generic_email
"Installateur Sanitär Heizung | Hamburg, Sanitärtechnik Pönicke",Hamburg,(Sanitärinstallateur OR Heizungsinstallateur OR Kältetechnik) Hamburg,https://www.poenicke-haustechnik.de/,poenicke-haustechnik.de,info@poenicke-haustechnik.de,https://www.poenicke-haustechnik.de/ | https://www.poenicke-haustechnik.de/scripts/kontakt/mail.aspx | https://www.poenicke-haustechnik.de/unternehmen/shk/kontakt,found
"Mein Klempner Hamburg: Klempner Hamburg | Sanitär, Heizung ...",Hamburg,(Sanitärinstallateur OR Heizungsinstallateur OR Kältetechnik) Hamburg,https://mein-klempner.hamburg/,mein-klempner.hamburg,info@mein-klempner.hamburg,https://mein-klempner.hamburg/,found
Kontakt | Meister in Hamburg,Hamburg,(Sanitärinstallateur OR Heizungsinstallateur OR Kältetechnik) Hamburg,https://dh-sanitaerservice.de/kontakt,dh-sanitaerservice.de,info@hwk-hamburg.de,https://dh-sanitaerservice.de/kontakt | https://dh-sanitaerservice.de/kontakt | https://dh-sanitaerservice.de/ueber-uns,found
Distelmaier GmbH: Fachhandwerker Haustechnik | Hamburg,Hamburg,(Sanitärinstallateur OR Heizungsinstallateur OR Kältetechnik) Hamburg,https://www.distelmaier.com/,distelmaier.com,info@distelmaier.com,https://www.distelmaier.com/ | https://www.distelmaier.com/scripts/kontakt/mail.aspx | https://www.distelmaier.com/unternehmen/shk/kontakt,found
Sanitär / Heizung - LKS Gebäudetechnik für Hamburg und Umgebung,Hamburg,(Sanitärinstallateur OR Heizungsinstallateur OR Kältetechnik) Hamburg,https://www.lks-klima.de/sanitaer-heizung,lks-klima.de,,https://www.lks-klima.de/sanitaer-heizung | https://www.lks-klima.de/ueber-uns | https://www.lks-klima.de/kontakt,no_generic_email
Sanitärtechnik Jörgen Muhs GmbH,Hamburg,(Sanitärinstallateur OR Heizungsinstallateur OR Kältetechnik) Hamburg,https://www.sanitaer-muhs.de/,sanitaer-muhs.de,,https://www.sanitaer-muhs.de/ | https://www.sanitaer-muhs.de/?page=kontakt | https://www.sanitaer-muhs.de/?page=impressum,no_generic_email
Haustechnik & Dachtechnik in Hamburg,Hamburg,(Sanitärinstallateur OR Heizungsinstallateur OR Kältetechnik) Hamburg,https://www.haustechnik-hamburg.de/,haustechnik-hamburg.de,info@haustechnik-hamburg.de,https://www.haustechnik-hamburg.de/ | https://www.haustechnik-hamburg.de/kontakt/ | https://www.haustechnik-hamburg.de/kontakt/datenschutz/,found
Degler Haustechnik GmbH: Home,Hamburg,(Sanitärinstallateur OR Heizungsinstallateur OR Kältetechnik) Hamburg,https://degler-haustechnik.de/,degler-haustechnik.de,mail@medienpilotin.de,https://degler-haustechnik.de/ | https://degler-haustechnik.de/index.php/ueber-uns | https://degler-haustechnik.de/index.php/kontakt,found
"MK Haustechnik: Installateur Sanitär Heizung, Hamburg",Hamburg,(Sanitärinstallateur OR Heizungsinstallateur OR Kältetechnik) Hamburg,https://www.mkhaustechnik.hamburg/,mkhaustechnik.hamburg,,https://www.mkhaustechnik.hamburg/ | https://www.mkhaustechnik.hamburg/scripts/kontakt/mail.aspx | https://www.mkhaustechnik.hamburg/unternehmen/shk/kontakt,no_generic_email
Sanitär & Heizungsbau in Hamburg | LK Hamburg – Meisterbetrieb ...,Hamburg,(Sanitärinstallateur OR Heizungsinstallateur OR Kältetechnik) Hamburg,https://www.lkhamburg.de/,lkhamburg.de,mail@lkhamburg.de,https://lkhamburg.de/ | https://lkhamburg.de/impressum.html,found
Thies GmbH,Hamburg,(Sanitärinstallateur OR Heizungsinstallateur OR Kältetechnik) Hamburg,http://www.thies-heizung.de/,thies-heizung.de,,,fetch_error:URLError
"Fiete Haustechnik, Hamburg: Meisterbetrieb für Wärme und Wasser",Hamburg,(Sanitärinstallateur OR Heizungsinstallateur OR Kältetechnik) Hamburg,https://www.fiete-haustechnik.de/,fiete-haustechnik.de,,https://www.fiete-haustechnik.de/,no_generic_email
Heizungsanlagenbau / Installationsunternehmen in Hamburg,Hamburg,(Sanitärinstallateur OR Heizungsinstallateur OR Kältetechnik) Hamburg,https://www.firmenabc.com/firmen/hamburg_ejupc/heizungsanlagenbau-installationsunternehmen_ijo/4,firmenabc.com,,,fetch_error:HTTPError
Anbieter für Sanitär / Sanitärtechnik in Hamburg-Nord finden...,Hamburg,(Sanitärinstallateur OR Heizungsinstallateur OR Kältetechnik) Hamburg,https://www.sanitaertechnikhamburg.de/nord/index.html,sanitaertechnikhamburg.de,,https://www.sanitaertechnikhamburg.de/nord/index.html | https://www.sanitaertechnikhamburg.de/kontakt/index.php,no_generic_email
MKT Energie- und Gebäudetechnik - Ihr Meisterbetrieb in Hamburg,Hamburg,(Elektriker OR Gebäudetechnik OR Sicherheitstechnik OR Rohrreinigung) Hamburg,https://mkt-technik.de/,mkt-technik.de,,https://mkt-technik.de/,no_generic_email
"Sanitär Heizung Bedachung | Brandt-Haustechnik, Hamburg",Hamburg,(Sanitärinstallateur OR Heizungsinstallateur OR Kältetechnik) Hamburg,https://www.brandt-haustechnik.de/,brandt-haustechnik.de,info@brandt-haustechnik.de,https://www.brandt-haustechnik.de/ | https://www.brandt-haustechnik.de/scripts/kontakt/mail.aspx | https://www.brandt-haustechnik.de/unternehmen/shk/kontakt,found
Elektro Hartmann | Elektrotechnik & Installationen Hamburg,Hamburg,(Elektriker OR Gebäudetechnik OR Sicherheitstechnik OR Rohrreinigung) Hamburg,http://hartmann-elektro-gmbh.de/,hartmann-elektro-gmbh.de,info@eh-hh.de,http://hartmann-elektro-gmbh.de/ | http://hartmann-elektro-gmbh.de/ueber-uns/ | https://hartmann-elektro-gmbh.de/ueber-uns/,found
"Scholz Bergmann Sanitärtechnik Hamburg | Sanitär, Klempner ...",Hamburg,(Sanitärinstallateur OR Heizungsinstallateur OR Kältetechnik) Hamburg,https://scholzbergmann.de/,scholzbergmann.de,info@scholzbergmann.de; kontakt@scholzbergmann.de,https://scholzbergmann.de/ | https://scholzbergmann.de/impressum/,found
Start - Dirk Richter Haus- und Sanitärtechnik,Hamburg,(Sanitärinstallateur OR Heizungsinstallateur OR Kältetechnik) Hamburg,https://www.richter-sanitaertechnik.de/,richter-sanitaertechnik.de,info@richter-sanitaertechnik.de,https://www.richter-sanitaertechnik.de/ | https://www.richter-sanitaertechnik.de/kontakt/ | https://www.richter-sanitaertechnik.de/kontakt/,found
Eilk Sanitärtechnik OHG | Heizungsmodernisierung in Hamburg,Hamburg,(Sanitärinstallateur OR Heizungsinstallateur OR Kältetechnik) Hamburg,https://eilk.de/,eilk.de,info@eilk.de,https://eilk.de/ | https://eilk.de/kontaktformular/ | https://eilk.de/impressum/,found
Thomas Schönfelder Sanitärtechnik - Hamburg,Hamburg,(Sanitärinstallateur OR Heizungsinstallateur OR Kältetechnik) Hamburg,https://gebaeudetechnik-hamburg.de/,gebaeudetechnik-hamburg.de,info@gebaeudetechnik-hamburg.de,https://gebaeudetechnik-hamburg.de/,found
DeinElektriker | Hamburg,Hamburg,(Elektriker OR Gebäudetechnik OR Sicherheitstechnik OR Rohrreinigung) Hamburg,https://deinelektriker.hamburg/,deinelektriker.hamburg,info@deinelektriker.hamburg,https://deinelektriker.hamburg/ | https://deinelektriker.hamburg/kontakt/ | https://deinelektriker.hamburg/impressum/,found
Gebäudetechnik-Experte in Hamburg,Hamburg,(Elektriker OR Gebäudetechnik OR Sicherheitstechnik OR Rohrreinigung) Hamburg,https://www.gebaeude-technik.info/unternehmen/standorte/hamburg/,gebaeude-technik.info,info@dechow-dl-gmbh.de; info@dechow-dl-gmbh.de.de; info@gebaeude-technik.info; info@holtermann-regeltechnik.de; info@lagrange-twm.de; info@pieper.nrw; info@stingl-online.de; service@ihre-klempnerei.de,https://www.gebaeude-technik.info/unternehmen/standorte/hamburg/ | https://www.gebaeude-technik.info/kontakt/ | https://www.gebaeude-technik.info/impressum/,found
Elektriker aus Hamburg für moderne Elektrotechnik - Piotr Zalewski,Hamburg,(Elektriker OR Gebäudetechnik OR Sicherheitstechnik OR Rohrreinigung) Hamburg,https://z-elektriker.hamburg/,z-elektriker.hamburg,info@z-elektriker.de,https://z-elektriker.hamburg/ | https://z-elektriker.hamburg/impressum/,found
Energie-& Gebäudeelektronik - Hamburg - JIA,Hamburg,(Elektriker OR Gebäudetechnik OR Sicherheitstechnik OR Rohrreinigung) Hamburg,https://jia-hamburg.de/energie-gebaudeelektronik/,jia-hamburg.de,e-mail@adresse.com; kontakt@jia-hamburg.de; kontakt@jia-hamburg.deinternet,https://jia-hamburg.de/energie-gebaudeelektronik/ | https://jia-hamburg.de/impressum,found
Jürgen Tiedtke Heizungs- und Lüftungstechnik GmbH: Startseite,Hamburg,(Sanitärinstallateur OR Heizungsinstallateur OR Kältetechnik) Hamburg,https://www.juergen-tiedtke.de/startseite/,juergen-tiedtke.de,info@juergen-tiedtke.de,https://www.juergen-tiedtke.de/ | https://www.juergen-tiedtke.de/kontakt/ | https://www.juergen-tiedtke.de/kontakt/,found
Karriere bei NRT Hamburg,Hamburg,(Elektriker OR Gebäudetechnik OR Sicherheitstechnik OR Rohrreinigung) Hamburg,https://www.rohr-frei-hamburg.de/karriere.html,rohr-frei-hamburg.de,info@rohr-frei-hamburg.de,https://www.rohr-frei-hamburg.de/karriere.html | https://www.rohr-frei-hamburg.de/ueber-uns.html | https://www.rohr-frei-hamburg.de/kontakt.html,found
Elektriker Hamburg | E-CHECK - H. Cummerow e. K.,Hamburg,(Elektriker OR Gebäudetechnik OR Sicherheitstechnik OR Rohrreinigung) Hamburg,https://cummerow-elektro.de/elektriker-hamburg-echeck-elektro-check,cummerow-elektro.de,info@cummerow-elektro.de,https://cummerow-elektro.de/elektriker-hamburg-echeck-elektro-check | https://cummerow-elektro.de/impressum | https://cummerow-elektro.de/kontakt-elektriker-eppendorf-winterhude,found
HEGt Hamburger Elektro- und Gebäudetechnik GmbH,Hamburg,(Elektriker OR Gebäudetechnik OR Sicherheitstechnik OR Rohrreinigung) Hamburg,https://www.hegt.de/,hegt.de,info@hegt.de,https://www.hegt.de/ | https://www.hegt.de/kontakt.html | https://www.hegt.de/impressum.html,found
Gebäudetechnik Hamburg: Stellenangebote & Jobs,Hamburg,(Elektriker OR Gebäudetechnik OR Sicherheitstechnik OR Rohrreinigung) Hamburg,https://www.karriere-hamburg.de/stellenangebote-gebaeudetechnik,karriere-hamburg.de,info@karriere-hamburg.de,https://www.karriere-hamburg.de/stellenangebote-gebaeudetechnik | https://www.karriere-hamburg.de/impressum | https://www.karriere-hamburg.de/impressum,found
Elektrotechnik Hamburg - Roland Gageur,Hamburg,(Elektriker OR Gebäudetechnik OR Sicherheitstechnik OR Rohrreinigung) Hamburg,https://gageur-elektrotechnik.de/,gageur-elektrotechnik.de,,https://gageur-elektrotechnik.de/ | https://gageur-elektrotechnik.de/ueber-uns/ | https://gageur-elektrotechnik.de/impressum/,no_generic_email
Elektriker | Scholz Elektrobau | Hamburg,Hamburg,(Elektriker OR Gebäudetechnik OR Sicherheitstechnik OR Rohrreinigung) Hamburg,https://www.scholz-elektrobau.de/,scholz-elektrobau.de,info@scholz-elektrobau.de,https://www.scholz-elektrobau.de/ | https://www.scholz-elektrobau.de/impressum,found
KÖPKE ELEKTROMONTAGEN - Elektrotechnik Region Hamburg,Hamburg,(Elektriker OR Gebäudetechnik OR Sicherheitstechnik OR Rohrreinigung) Hamburg,https://www.koepke-elektromontagen.de/,koepke-elektromontagen.de,info@koepke-elektromontagen.de,https://www.koepke-elektromontagen.de/ | https://www.koepke-elektromontagen.de/uber-uns/ | https://www.koepke-elektromontagen.de/impressum/,found
Kaminski Sanitärtechnik | Sanitär- und Heizungstechnik - Hamburg,Hamburg,(Sanitärinstallateur OR Heizungsinstallateur OR Kältetechnik) Hamburg,https://kaminski-shk.de/,kaminski-shk.de,info@kaminski-shk.de,https://kaminski-shk.de/ | https://kaminski-shk.de/impressum/,found
und Gebäudetechniker (m/w/d) | Ausbildung zum/zur Elektroniker/in ...,Hamburg,(Elektriker OR Gebäudetechnik OR Sicherheitstechnik OR Rohrreinigung) Hamburg,https://karriere.nass-gruppe.de/karriere/details/energie-und-geb%C3%A4udetechnik-m-w-d-ausbildung-zum-zur-elektroniker-in-im-bereich,karriere.nass-gruppe.de,,,fetch_error:HTTPError
Ihr Partner für Elektrotechnik in Hamburg | elektrohamburg AS GmbH,Hamburg,(Elektriker OR Gebäudetechnik OR Sicherheitstechnik OR Rohrreinigung) Hamburg,https://www.elektrohamburg.de/,elektrohamburg.de,,https://www.elektrohamburg.de/ | https://www.elektrohamburg.de/kontakt/ | https://www.elektrohamburg.de/ueber-uns/,no_generic_email
Gellert Energie- & Gebäudetechnik: Ihr Elektriker in Wentorf bei ...,Hamburg,(Elektriker OR Gebäudetechnik OR Sicherheitstechnik OR Rohrreinigung) Hamburg,https://www.gellert-energie.de/,gellert-energie.de,info@gellert-energie.de,https://www.gellert-energie.de/ | https://www.gellert-energie.de/kontakt/ | https://www.gellert-energie.de/about/,found
TG Elektrotechnik | Elektroinstallateure im Raum Hamburg,Hamburg,(Elektriker OR Gebäudetechnik OR Sicherheitstechnik OR Rohrreinigung) Hamburg,https://www.grulke-elektrotechnik.de/,grulke-elektrotechnik.de,,https://www.grulke-elektrotechnik.de/ | https://www.grulke-elektrotechnik.de/ueber-uns | https://www.grulke-elektrotechnik.de/kontakt/,no_generic_email
"SG Gebäudetechnik GmbH, Hamburg und Elmshorn: Meisterbetrieb ...",Hamburg,(Elektriker OR Gebäudetechnik OR Sicherheitstechnik OR Rohrreinigung) Hamburg,https://www.sgg-shk.de/,sgg-shk.de,info@sgg-shk.de,https://www.sgg-shk.de/,found
[PDF] Haustechniker / Elektroniker EGT / Elektriker im Raum Hamburg (w ...,Hamburg,(Elektriker OR Gebäudetechnik OR Sicherheitstechnik OR Rohrreinigung) Hamburg,https://www.rapiro.de/wp-content/uploads/2020/11/Haustechniker_Raum_Hamburg.pdf,rapiro.de,,https://www.rapiro.de/wp-content/uploads/2020/11/Haustechniker_Raum_Hamburg.pdf,no_generic_email
Ausbildung zum Elektroniker für Energie- und Gebäudetechnik (m/w/d),Hamburg,(Elektriker OR Gebäudetechnik OR Sicherheitstechnik OR Rohrreinigung) Hamburg,https://www.wascher-karriere.de/stellenangebote/details/ausbildung-zum-elektroniker-f%C3%BCr-energie-und-geb%C3%A4udetechnik-m-w-d10681.html,wascher-karriere.de,,https://www.wascher-karriere.de/stellenangebote/details/ausbildung-zum-elektroniker-f%C3%BCr-energie-und-geb%C3%A4udetechnik-m-w-d10681.html | https://www.wascher-karriere.de/stellenangebote/details/kontakt.html | https://www.wascher-karriere.de/stellenangebote/details/impressum.html,no_generic_email
Elektrotechnik Schulz - Professionelle Elektroinstallationen,Hamburg,(Elektriker OR Gebäudetechnik OR Sicherheitstechnik OR Rohrreinigung) Hamburg,https://e-technik-schulz.de/,e-technik-schulz.de,info@e-technik-schulz.de,https://e-technik-schulz.de/ | https://e-technik-schulz.de/uber-uns/ | https://e-technik-schulz.de/impressum-datenschutzerklarung/,found
Elektroniker Gebäudesystemintegration Ausbildung Hamburg,Hamburg,(Elektriker OR Gebäudetechnik OR Sicherheitstechnik OR Rohrreinigung) Hamburg,https://www.elektro-jobs-hamburg.de/startseite/elektroniker-gebaudesystemintegration-ausbildung/,elektro-jobs-hamburg.de,,https://www.elektro-jobs-hamburg.de/startseite/elektroniker-gebaudesystemintegration-ausbildung/ | https://www.elektro-jobs-hamburg.de/ueber-uns/ | https://www.elektro-jobs-hamburg.de/impressum/,no_generic_email
Elektroniker/in für Energie - Hamburg - Flatau Elektrotechnik GmbH,Hamburg,(Elektriker OR Gebäudetechnik OR Sicherheitstechnik OR Rohrreinigung) Hamburg,https://www.flatau-elektro.de/?page_id=166,flatau-elektro.de,info@flatau-elektro.de,https://www.flatau-elektro.de/?page_id=166,found
"Service - Elektrotechnik, Installation und Wartung von Elektronik",Hamburg,(Elektriker OR Gebäudetechnik OR Sicherheitstechnik OR Rohrreinigung) Hamburg,https://www.elektrikerhamburg.de/service-elektriker-hamburg/,elektrikerhamburg.de,info@derstecker.de; info@elektrikerhamburg.de,https://www.elektrikerhamburg.de/service-elektriker-hamburg/ | https://www.elektrikerhamburg.de/impressum/ | https://www.elektrikerhamburg.de/ueber-uns/,found
Ihr Experte für Elektrotechnik: Die Albertsen Elektro GmbH aus ...,Hamburg,(Elektriker OR Gebäudetechnik OR Sicherheitstechnik OR Rohrreinigung) Hamburg,https://albertsen-elektro.de/,albertsen-elektro.de,info@albertsen-elektro.de,https://albertsen-elektro.de/ | https://albertsen-elektro.de/kontakt/ | https://albertsen-elektro.de/impressum/,found
Ausbildung zum Elektroniker für Energie- und Gebäudetechnik (m/w/d),Hamburg,(Elektriker OR Gebäudetechnik OR Sicherheitstechnik OR Rohrreinigung) Hamburg,https://www.wascher-hamburg.de/details/ausbildung-zum-elektroniker-f%C3%BCr-energie-und-geb%C3%A4udetechnik-m-w-d10681.html,wascher-hamburg.de,info@wascher-hamburg.de,https://www.wascher-hamburg.de/details/ausbildung-zum-elektroniker-f%C3%BCr-energie-und-geb%C3%A4udetechnik-m-w-d10681.html | https://www.wascher-hamburg.de/details/kontakt.html | https://www.wascher-hamburg.de/details/impressum.html,found
DKE Technik – Elektrotechniker – Hamburg – Moderne ...,Hamburg,(Elektriker OR Gebäudetechnik OR Sicherheitstechnik OR Rohrreinigung) Hamburg,https://dke-technik.com/,dke-technik.com,,https://dke-technik.com/ | https://dke-technik.com/kontakt/,no_generic_email
Peter Warnicke Elektro in Hamburg,Hamburg,(Elektriker OR Gebäudetechnik OR Sicherheitstechnik OR Rohrreinigung) Hamburg,https://www.warnicke.de/,warnicke.de,info@warnicke.de,https://www.warnicke.de/ | https://www.warnicke.de/kontakt/kontaktformular | https://www.warnicke.de/kontakt/kontaktformular,found
Karl Körner Haustechnik GmbH | Familienbetrieb seit 1938 aus ...,Hamburg,(Elektriker OR Gebäudetechnik OR Sicherheitstechnik OR Rohrreinigung) Hamburg,https://karlkoerner.de/,karlkoerner.de,,https://karlkoerner.de/,no_generic_email
"Richard Flumm GmbH – Sanitär, Heizung & Elektro Hamburg ...",Hamburg,(Elektriker OR Gebäudetechnik OR Sicherheitstechnik OR Rohrreinigung) Hamburg,https://flumm.com/,flumm.com,,https://flumm.com/,no_generic_email
Unser Netzwerk - Energie-Gemeinschaft Hamburg,Hamburg,(Elektriker OR Gebäudetechnik OR Sicherheitstechnik OR Rohrreinigung) Hamburg,https://www.eghh.de/unser-netzwerk/,eghh.de,info@eghh.de,https://www.eghh.de/unser-netzwerk/ | https://www.eghh.de/ueber-uns/ | https://www.eghh.de/impressum/,found
Elektronikerinnen und Elektroniker für Gebäude,Hamburg,(Elektriker OR Gebäudetechnik OR Sicherheitstechnik OR Rohrreinigung) Hamburg,https://www.handelskammer-hamburg.de/aus-und-weiterbildung/ausbildung-und-umschulung/ausbildungsberufsbilder-und-ansprechpartner/elektrotechnik/elektroniker-gebaeudesysteme-infrastruktursysteme-6776056,handelskammer-hamburg.de,,,fetch_error:timeout
Lübbersmeyer Elektrobau GmbH: Home,Hamburg,(Elektriker OR Gebäudetechnik OR Sicherheitstechnik OR Rohrreinigung) Hamburg,https://luebbersmeyer.com/,luebbersmeyer.com,info@luebbersmeyer.de,https://luebbersmeyer.com/ | https://luebbersmeyer.com/kontakt/ | https://luebbersmeyer.com/kontakt/,found
Elektrotechnik - ELEKTRO NORD,Hamburg,(Elektriker OR Gebäudetechnik OR Sicherheitstechnik OR Rohrreinigung) Hamburg,https://www.elektro-nord.de/elektrotechnik/,elektro-nord.de,info@elektro-nord.de; info@gelektro-nord.de,https://www.elektro-nord.de/elektrotechnik/ | https://www.elektro-nord.de/kontakt/ | https://www.elektro-nord.de/impressum/,found
Technische Gebäudeausrüstung | HPM DIE HANDWERKSGRUPPE,Hamburg,(Elektriker OR Gebäudetechnik OR Sicherheitstechnik OR Rohrreinigung) Hamburg,https://handwerksgruppe.de/unsere-betriebe/technische-gebaeudeausruestung,handwerksgruppe.de,info@handwerksgruppe.de,https://handwerksgruppe.de/unsere-betriebe/technische-gebaeudeausruestung | https://handwerksgruppe.de/impressum,found
106 Elektroniker Gebäudetechnik Jobs in Hamburg,Hamburg,(Elektriker OR Gebäudetechnik OR Sicherheitstechnik OR Rohrreinigung) Hamburg,https://www.online-stellenmarkt.net/stellenangebote/elektroniker-geb%C3%A4udetechnik/hamburg-hamburg.html,online-stellenmarkt.net,,https://www.online-stellenmarkt.net/stellenangebote/elektroniker-geb%C3%A4udetechnik/hamburg-hamburg.html | https://www.online-stellenmarkt.net/impressum.html | https://www.online-stellenmarkt.net/kontakt-formular.html,no_generic_email
Elektroniker für Energie- und Gebäudetechnik (M/W/D) | LADWIG,Hamburg,(Elektriker OR Gebäudetechnik OR Sicherheitstechnik OR Rohrreinigung) Hamburg,https://ladwiggmbh.de/elektroniker-fuer-energie-gebaeudetechnik-hamburg/,ladwiggmbh.de,info@ladwiggmbh.de; info@ladwiggmbh.dewww.ladwiggmbh.de,https://ladwiggmbh.de/elektroniker-fuer-energie-gebaeudetechnik-hamburg/ | https://ladwiggmbh.de/kontakt/ | https://ladwiggmbh.de/impressum/,found
Berufs-Umschulung zum Elektroniker - BZE,Hamburg,(Elektriker OR Gebäudetechnik OR Sicherheitstechnik OR Rohrreinigung) Hamburg,https://www.bze-hamburg.de/weiterbildung/gefoerderte-seminare/berufs-umschulung-zum-elektroniker,bze-hamburg.de,,https://www.bze-hamburg.de/weiterbildung/gefoerderte-seminare/berufs-umschulung-zum-elektroniker | https://www.bze-hamburg.de/ueber-uns/das-unternehmen | https://www.bze-hamburg.de/ueber-uns/ansprechpartner,no_generic_email
Leistungen Michael von Karger in Hamburg,Hamburg,(Elektriker OR Gebäudetechnik OR Sicherheitstechnik OR Rohrreinigung) Hamburg,https://www.elektriker-von-karger.de/leistungen,elektriker-von-karger.de,,https://www.elektriker-von-karger.de/leistungen | https://www.elektriker-von-karger.de/kontaktdaten | https://www.elektriker-von-karger.de/datenschutz--impressum,no_generic_email
V & S Haustechnik GmbH,Hamburg,(Elektriker OR Gebäudetechnik OR Sicherheitstechnik OR Rohrreinigung) Hamburg,http://www.v-s-h.de/,v-s-h.de,,http://www.v-s-h.de/,no_generic_email
AN Elektrotechnik in Hamburg!,Hamburg,(Elektriker OR Gebäudetechnik OR Sicherheitstechnik OR Rohrreinigung) Hamburg,https://www.anelektrotechnik.de/,anelektrotechnik.de,info@anelektrotechnik.de,https://www.anelektrotechnik.de/ | https://www.anelektrotechnik.de/uber-uns/ | https://www.anelektrotechnik.de/kontakt/,found
Hamburg - Empfehlungen zu Installation - cleverspots-Handwerker,Hamburg,(Elektriker OR Gebäudetechnik OR Sicherheitstechnik OR Rohrreinigung) Hamburg,https://handwerker.cleverspots.de/hamburg/installation/,handwerker.cleverspots.de,,https://handwerker.cleverspots.de/hamburg/installation/,no_generic_email
Elektroniker-Stellenangebote in Hamburg - Berufe-liste.de,Hamburg,(Elektriker OR Gebäudetechnik OR Sicherheitstechnik OR Rohrreinigung) Hamburg,https://www.berufe-liste.de/jobs-in-Hamburg,berufe-liste.de,,https://www.berufe-liste.de/jobs-in-Hamburg | https://www.berufe-liste.de/imprint,no_generic_email
Bartsch Elektrotechnik GmbH in Hamburg,Hamburg,(Elektriker OR Gebäudetechnik OR Sicherheitstechnik OR Rohrreinigung) Hamburg,https://www.bartsch-elektro.de/,bartsch-elektro.de,mail@bartsch-elektro.de,https://www.bartsch-elektro.de/ | https://www.bartsch-elektro.de/wir-ueber-uns | https://www.bartsch-elektro.de/wir-ueber-uns/referenzen,found
Seibel365 Hamburg ❤️ Gebäudetechnik für Hausverwaltungen,Hamburg,(Elektriker OR Gebäudetechnik OR Sicherheitstechnik OR Rohrreinigung) Hamburg,https://seibel-hamburg.de/,seibel-hamburg.de,service@gmbh-seibel.de,https://seibel-hamburg.de/ | https://seibel-hamburg.de/ueber-uns/ | https://seibel-hamburg.de/impressum/,found
Versorgungstechnik & Anlagenbau für Gewerbekunden in Hamburg,Hamburg,(Elektriker OR Gebäudetechnik OR Sicherheitstechnik OR Rohrreinigung) Hamburg,https://www.heitger.de/gewerbekunden/,heitger.de,mail@heitger.de,https://www.heitger.de/gewerbekunden/ | https://www.heitger.de/kontakt/ | https://www.heitger.de/impressum/,found
Top Installateure und Heizungsbauer in München finden - Handwerker,München,(Sanitärinstallateur OR Heizungsinstallateur OR Kältetechnik) München,https://handwerk.check24.de/craftsmen/installateur-heizungsbauer/by/muenchen/top-profis,handwerk.check24.de,,https://handwerk.check24.de/craftsmen/installateur-heizungsbauer/by/muenchen/top-profis,no_generic_email
Gebäudetechnik Hamburg: Elektroinstallation & Modernisierung,Hamburg,(Elektriker OR Gebäudetechnik OR Sicherheitstechnik OR Rohrreinigung) Hamburg,https://hanseelektrotechnik.de/gebaeudetechnik/,hanseelektrotechnik.de,info@hanseelektrotechnik.de,https://hanseelektrotechnik.de/gebaeudetechnik/ | https://hanseelektrotechnik.de/ueber-uns/ | https://hanseelektrotechnik.de/kontakt/,found
Klimaanlagen München – für gewerbliche und private Kunden,München,(Sanitärinstallateur OR Heizungsinstallateur OR Kältetechnik) München,https://www.xn--mnchnerklte-s8a81a.de/,xn--mnchnerklte-s8a81a.de,info@mkaelte.de,https://www.xn--mnchnerklte-s8a81a.de/ | https://www.xn--mnchnerklte-s8a81a.de/ueber-uns/ | https://www.xn--mnchnerklte-s8a81a.de/impressum/,found
"Installation, Sanitär München und in der Nähe",München,(Sanitärinstallateur OR Heizungsinstallateur OR Kältetechnik) München,https://www.muenchen.de/service/branchenbuch/I/189.html,muenchen.de,info@abflussblitz.de; info@abflussexpress.de; info@bavaria-baeder-technik.de; info@bbad.de; info@bc-sanitaer.de; info@entkalkungs-service.de; info@heizloewe.de; info@helmut-groetschel.de; info@iseg-eg.de; info@karl-greiner-gmbh.de; info@kempf-haustechnik.de; info@krueger-haustechnik.de; info@lenker.biz; info@skornia-haustechnik.de; kontakt@gona-gmbh.de; service@sh-meister.de; service@stadtbranchenbuch.de,https://www.muenchen.de/service/branchenbuch/I/189.html | https://www.muenchen.de/service/branchenbuch/impressum.html,found
C. Klein Bad Heizung GmbH: Sanitär Heizung | München,München,(Sanitärinstallateur OR Heizungsinstallateur OR Kältetechnik) München,https://www.claus-klein.de/,claus-klein.de,,https://www.claus-klein.de/ | https://www.claus-klein.de/scripts/kontakt/mail.aspx | https://www.claus-klein.de/unternehmen/proweb-advanced/kontakt,no_generic_email
Werner Ostermaier: Sanitär Heizung München,München,(Sanitärinstallateur OR Heizungsinstallateur OR Kältetechnik) München,https://www.ostermaier-gmbh.de/,ostermaier-gmbh.de,info@ostermaier-gmbh.de,https://www.ostermaier-gmbh.de/ | https://www.ostermaier-gmbh.de/scripts/kontakt/mail.aspx | https://www.ostermaier-gmbh.de/unternehmen/proweb-plus/kontakt,found
Klimaanlagen - Lüftungstechnik | KKS GmbH München,München,(Sanitärinstallateur OR Heizungsinstallateur OR Kältetechnik) München,https://www.kks-klima.de/,kks-klima.de,info@kks-klima.de,https://www.kks-klima.de/ | https://www.kks-klima.de/ueber-uns/ | https://www.kks-klima.de/kontakt/,found
"Klimatechnik | Kältetechnik | Klimaanlage München, Erding und ...",München,(Sanitärinstallateur OR Heizungsinstallateur OR Kältetechnik) München,https://www.klimatechnik-metzger.de/,klimatechnik-metzger.de,info@klimatechnik-metzger.de,https://www.klimatechnik-metzger.de/ | https://www.klimatechnik-metzger.de/kontakt | https://www.klimatechnik-metzger.de/impressum,found
Heizung Obermeier: Sanitär Heizung München,München,(Sanitärinstallateur OR Heizungsinstallateur OR Kältetechnik) München,https://www.heizung-obermeier.de/,heizung-obermeier.de,info@heizung-obermeier.de,https://www.heizung-obermeier.de/ | https://www.heizung-obermeier.de/scripts/kontakt/mail.aspx | https://www.heizung-obermeier.de/unternehmen/proweb-plus/kontakt,found
"Durmus Haustechnik | Altbausanierung, Heizung und Sanitär in ...",München,(Sanitärinstallateur OR Heizungsinstallateur OR Kältetechnik) München,https://durmus-haustechnik.de/,durmus-haustechnik.de,info@durmus-haustechnik.de,https://durmus-haustechnik.de/ | https://durmus-haustechnik.de/ueber-uns/ | https://durmus-haustechnik.de/kontakt/,found
"Stadnik GmbH | Heizung, Sanitär & Badsanierung in München",München,(Sanitärinstallateur OR Heizungsinstallateur OR Kältetechnik) München,https://stadnikgmbh.de/,stadnikgmbh.de,info@stadnikgmbh.de,https://stadnikgmbh.de/ | https://stadnikgmbh.de/ueber-uns/ | https://stadnikgmbh.de/kontakt-muenchen/,found
https://muenchen.branchen-info.net/fp_3123976.php,München,(Sanitärinstallateur OR Heizungsinstallateur OR Kältetechnik) München,https://muenchen.branchen-info.net/fp_3123976.php,muenchen.branchen-info.net,,https://muenchen.branchen-info.net/gutsmiedl-k-h-heizung-sanitaer/3123976/,no_generic_email
Schmid GmbH Sanitäre Anlagen | Bad & Heizung aus München,München,(Sanitärinstallateur OR Heizungsinstallateur OR Kältetechnik) München,https://xn--schmid-sanitr-mfb.de/,xn--schmid-sanitr-mfb.de,,https://xn--schmid-sanitr-mfb.de/,no_generic_email
Anton Ostler aus München - Heizung | Sanitär | Bad | Lüftung,München,(Sanitärinstallateur OR Heizungsinstallateur OR Kältetechnik) München,https://www.anton-ostler.de/,anton-ostler.de,info@anton-ostler.de,https://www.anton-ostler.de/ | https://www.anton-ostler.de/unternehmen/ueber-uns/ | https://www.anton-ostler.de/kontakt/,found
Jan Schmidt - Wasser und Wärme,München,(Sanitärinstallateur OR Heizungsinstallateur OR Kältetechnik) München,https://www.bad-schmidt.de/,bad-schmidt.de,info@bad-schmidt.de,https://www.bad-schmidt.de/ | https://www.bad-schmidt.de/uber-uns | https://www.bad-schmidt.de/kontakt,found
Mönner GmbH – Bäder & Heiztechnik in München | Mönner GmbH ...,München,(Sanitärinstallateur OR Heizungsinstallateur OR Kältetechnik) München,https://www.moenner.de/,moenner.de,info@moenner.de,https://www.moenner.de/ | https://www.moenner.de/ueber-uns | https://www.moenner.de/ueber-uns/tradition-und-zukunft,found
Sanitär und Heizung München. Altbausanierung und Wartung.,München,(Sanitärinstallateur OR Heizungsinstallateur OR Kältetechnik) München,https://www.baehr-muenchen.de/,baehr-muenchen.de,,https://www.baehr-muenchen.de/ | https://www.baehr-muenchen.de/kontakt-und-anfahrt | https://www.baehr-muenchen.de/impressum,no_generic_email
Kießling Sanitäre Anlagen: Sanitär Heizung | München,München,(Sanitärinstallateur OR Heizungsinstallateur OR Kältetechnik) München,https://www.kiessling-sanitaer.de/,kiessling-sanitaer.de,,https://www.kiessling-sanitaer.de/ | https://www.kiessling-sanitaer.de/scripts/kontakt/mail.aspx,no_generic_email
Rainer Aue Gebäudetechnik: Startseite,Hamburg,(Elektriker OR Gebäudetechnik OR Sicherheitstechnik OR Rohrreinigung) Hamburg,https://www.gebaeudetechnik-hh.de/,gebaeudetechnik-hh.de,,https://www.gebaeudetechnik-hh.de/ | https://www.gebaeudetechnik-hh.de/impressum,no_generic_email
Gröbmair Kälte- und Klimatechnik Meisterbetrieb aus München,München,(Sanitärinstallateur OR Heizungsinstallateur OR Kältetechnik) München,https://www.groebmair-kaelte.de/,groebmair-kaelte.de,info@andsafe.de; info@groebmair-kaelte.de,https://www.groebmair-kaelte.de/ | https://www.groebmair-kaelte.de/kontakt/ | https://www.groebmair-kaelte.de/impressum/,found
"Schönberger Heizung Sanitär Solartechnik, München",München,(Sanitärinstallateur OR Heizungsinstallateur OR Kältetechnik) München,https://www.schoenberger-heizung.de/,schoenberger-heizung.de,schoenberger-heizung@gmx.de,https://www.schoenberger-heizung.de/ | https://www.schoenberger-heizung.de/scripts/kontakt/mail.aspx | https://www.schoenberger-heizung.de/unternehmen/proweb-plus/kontakt,found
Heizung Sanitär München Nord ab 58€ | Installateur & Notdienst,München,(Sanitärinstallateur OR Heizungsinstallateur OR Kältetechnik) München,https://xn--klempner-roland-mnchen-8lc.de/heizung-sanitar-munchen-nord/,xn--klempner-roland-mnchen-8lc.de,,https://xn--klempner-roland-mnchen-8lc.de/heizung-sanitar-munchen-nord/ | https://xn--klempner-roland-mnchen-8lc.de/contact/ | https://xn--klempner-roland-mnchen-8lc.de/about/,no_generic_email
Installateur München | Sanitär - Heizung,München,(Sanitärinstallateur OR Heizungsinstallateur OR Kältetechnik) München,https://vkg-haustechnik.de/installateur-muenchen-sanitaer-heizung/,vkg-haustechnik.de,info@vkg-haustechnik.de,https://vkg-haustechnik.de/installateur-muenchen-sanitaer-heizung/ | https://vkg-haustechnik.de/impressum/ | https://vkg-haustechnik.de/uber-uns/,found
Installateure in München und Umgebung - Heizung.de.,München,(Sanitärinstallateur OR Heizungsinstallateur OR Kältetechnik) München,https://www.heizung.de/installateur-finden.suffix.html/areaId=M%C3%BCnchen.html,heizung.de,info@heizung.de,https://www.heizung.de/installateur-finden.suffix.html/areaId=M%C3%BCnchen.html | https://www.heizung.de/kontakt.html | https://www.heizung.de/ueber-uns.html,found
Heizungsbauer München - Ihr Meisterbetrieb für Heizung,München,(Sanitärinstallateur OR Heizungsinstallateur OR Kältetechnik) München,https://heizungsbauermuenchen.de/,heizungsbauermuenchen.de,info@bvt-gt.de,https://heizungsbauermuenchen.de/ | https://heizungsbauermuenchen.de/impressum/,found
ST Kälte- und Klimatechnik GmbH: Home,München,(Sanitärinstallateur OR Heizungsinstallateur OR Kältetechnik) München,https://st-kaeltetechnik.de/,st-kaeltetechnik.de,info@st-kaeltetechnik.de,https://st-kaeltetechnik.de/ | https://st-kaeltetechnik.de/ueber-uns/ | https://st-kaeltetechnik.de/kontakt/,found
"KälteSchmid Klima- und Kälteanlagen, Kältetechnik & Klimaanlagen",München,(Sanitärinstallateur OR Heizungsinstallateur OR Kältetechnik) München,https://klimaanlagen-muenchen.de/,klimaanlagen-muenchen.de,info@klimaanlagen-muenchen.de,https://klimaanlagen-muenchen.de/ | https://klimaanlagen-muenchen.de/ueber-uns/ | https://klimaanlagen-muenchen.de/kontakt/,found
"Kauf jetzt Sanitär, Heizung & Klimatechnik in deiner Nähe!",München,(Sanitärinstallateur OR Heizungsinstallateur OR Kältetechnik) München,https://haustechnik-muenchen.de/,haustechnik-muenchen.de,,,fetch_error:HTTPError
Schmidt Klimatechnik GmbH für Klimaanlagen & Wärmepumpen,München,(Sanitärinstallateur OR Heizungsinstallateur OR Kältetechnik) München,https://www.schmidt-klimatechnik.de/,schmidt-klimatechnik.de,info@diewebsitemacherei.de; info@schmidt-klimatechnik.de,https://www.schmidt-klimatechnik.de/ | https://www.schmidt-klimatechnik.de/ueber-uns | https://www.schmidt-klimatechnik.de/impressum,found
Gebäudetechnik Bauer GmbH,München,(Sanitärinstallateur OR Heizungsinstallateur OR Kältetechnik) München,https://xn--gebudetechnik-bauer-iwb.de/,xn--gebudetechnik-bauer-iwb.de,anfrage@gebaeudetechnik-bauer.de; info@gebaeudetechnik-bauer.de; info@gebaeudetechnik-bauer.dekontakt,https://xn--gebudetechnik-bauer-iwb.de/ | https://xn--gebudetechnik-bauer-iwb.de/impressum/,found
heizung-sanitaer-muenchen.com,München,(Sanitärinstallateur OR Heizungsinstallateur OR Kältetechnik) München,http://heizung-sanitaer-muenchen.com/,heizung-sanitaer-muenchen.com,,http://heizung-sanitaer-muenchen.com/,no_generic_email
Installation & Service für Wärmepumpe in München,München,(Sanitärinstallateur OR Heizungsinstallateur OR Kältetechnik) München,https://xn--wrmepumpe-muenchen-ltb.de/,xn--wrmepumpe-muenchen-ltb.de,info@diewebsitemacherei.de; info@schmidt-klimatechnik.de,https://xn--wrmepumpe-muenchen-ltb.de/ | https://xn--wrmepumpe-muenchen-ltb.de/ueber-uns | https://xn--wrmepumpe-muenchen-ltb.de/impressum,found
S&M Gebäudetechnik ug | Anlagemechaniker | München ...,München,(Sanitärinstallateur OR Heizungsinstallateur OR Kältetechnik) München,http://www.xn--sum-gebudetechnik-wqb.de/,xn--sum-gebudetechnik-wqb.de,info@sum-gebaeudetechnik.de,http://www.xn--sum-gebudetechnik-wqb.de/ | http://www.xn--sum-gebudetechnik-wqb.de/ueber-uns/ | http://www.xn--sum-gebudetechnik-wqb.de/kontakt/,found
ST Kälte- und Klimatechnik GmbH - muenchen.de,München,(Sanitärinstallateur OR Heizungsinstallateur OR Kältetechnik) München,https://branchenbuch.portal.muenchen.de/mhp/127191/,branchenbuch.portal.muenchen.de,info@st-kaeltetechnik.de,https://branchenbuch.portal.muenchen.de/mhp/127191/,found
Ihre Heizung- und Sanitäranlagen lassen uns nicht kalt.,München,(Sanitärinstallateur OR Heizungsinstallateur OR Kältetechnik) München,https://www.sanitherm-technik.de/,sanitherm-technik.de,info@sanitherm-technik.de; mail@example.com,https://www.sanitherm-technik.de/ | https://www.sanitherm-technik.de/kontakt/ | https://www.sanitherm-technik.de/impressum/,found
"Peter Schmitt Heizungs- und Lüftungsanlagenbau, München ...",München,(Sanitärinstallateur OR Heizungsinstallateur OR Kältetechnik) München,https://www.peterschmittheizungsbau.de/,peterschmittheizungsbau.de,service@w4pro.de,https://www.peterschmittheizungsbau.de/ | https://www.peterschmittheizungsbau.de/?ueber-uns&menu=806,found
SHK München GmbH - Sänitar | Heizung | Klima | Lüftung | Wellnes,München,(Sanitärinstallateur OR Heizungsinstallateur OR Kältetechnik) München,https://shkmuenchen.de/,shkmuenchen.de,info@shkmuenchen.de,https://shkmuenchen.de/ | https://shkmuenchen.de/kontakt/ | https://shkmuenchen.de/impressum/,found
Elektriker München | Elektrotechnik von Pittroff,München,(Elektriker OR Gebäudetechnik OR Sicherheitstechnik OR Rohrreinigung) München,https://www.pittroff.de/,pittroff.de,,https://www.pittroff.de/ | https://www.pittroff.de/kontakt/kontaktformular.html | https://www.pittroff.de/impressum.html,no_generic_email
Elektriker München | Elektrotechniker & Meister 20 Jahre Erfahrung,München,(Elektriker OR Gebäudetechnik OR Sicherheitstechnik OR Rohrreinigung) München,https://sb-etech.de/,sb-etech.de,info@sb-etech.de,https://sb-etech.de/ | https://sb-etech.de/impressum/,found
Ihr kompetenter Partner - Elektro Graser München,München,(Elektriker OR Gebäudetechnik OR Sicherheitstechnik OR Rohrreinigung) München,https://elektro-graser.com/,elektro-graser.com,info@elektro-graser.de; info@elektroverband-bayern.de,https://elektro-graser.com/ | https://elektro-graser.com/impressum-2.html | https://elektro-graser.com/kontakt.html,found
Kälte- & Klimatechnik München - Unternehmen in Stuttgart,München,(Sanitärinstallateur OR Heizungsinstallateur OR Kältetechnik) München,https://unternehmen.stuttgarter-zeitung.de/kaelte-klimatechnik/muenchen,unternehmen.stuttgarter-zeitung.de,,https://unternehmen.stuttgarter-zeitung.de/kaelte-klimatechnik/muenchen,no_generic_email
Klimaanlagen München – Meisterbetrieb Gregor Wiegand,München,(Sanitärinstallateur OR Heizungsinstallateur OR Kältetechnik) München,https://gregor-wiegand.de/,gregor-wiegand.de,info@gregor-wiegand.de,https://gregor-wiegand.de/ | https://gregor-wiegand.de/ueber-uns/ | https://gregor-wiegand.de/kontakt/,found
Elektroniker für Energie- und Gebäudetechnik,München,(Elektriker OR Gebäudetechnik OR Sicherheitstechnik OR Rohrreinigung) München,"https://www.hwk-muenchen.de/artikel/elektroniker-fuer-energie-und-gebaeudetechnik-74,0,9975.html",hwk-muenchen.de,info@hwk-muenchen.de,"https://www.hwk-muenchen.de/artikel/elektroniker-fuer-energie-und-gebaeudetechnik-74,0,9975.html | https://www.hwk-muenchen.de/artikel/kontakt-74,4339,8246.html | https://www.hwk-muenchen.de/kontakte/formgebungsberatung-74,4019,dalist.html?das=532",found
"Klaus Kogelmiller - Ihr Installateur für Heizung, Sanitär und Elektro",München,(Sanitärinstallateur OR Heizungsinstallateur OR Kältetechnik) München,https://kogelmiller.de/,kogelmiller.de,info@kogelmiller.de,https://kogelmiller.de/ | https://kogelmiller.de/impressum/,found
BROCHIER Gebäudetechnik München: Startseite,München,(Elektriker OR Gebäudetechnik OR Sicherheitstechnik OR Rohrreinigung) München,https://www.brochier-gebaeudetechnik-muenchen.de/,brochier-gebaeudetechnik-muenchen.de,info@brochier-gebaeudetechnik-muenchen.de,https://www.brochier-gebaeudetechnik-muenchen.de/ | https://www.brochier-gebaeudetechnik-muenchen.de/ueber-uns/ | https://www.brochier-gebaeudetechnik-muenchen.de/kontakt/,found
Elektro-Wutz - Ihr Partner rund um Elektro seit 1931,München,(Elektriker OR Gebäudetechnik OR Sicherheitstechnik OR Rohrreinigung) München,https://www.elektro-wutz.de/,elektro-wutz.de,info@elektro-wutz.de,https://www.elektro-wutz.de/ | https://www.elektro-wutz.de/Impressum/,found
Ausbildung: Elektroniker:in für Energie- und Gebäudetechnik,München,(Elektriker OR Gebäudetechnik OR Sicherheitstechnik OR Rohrreinigung) München,https://karriere-barmherzige-muenchen.de/ausbildung-berufseinstieg/ausbildung-elektronik,karriere-barmherzige-muenchen.de,,https://karriere-barmherzige-muenchen.de/ausbildung-berufseinstieg/ausbildung-elektronik | https://karriere-barmherzige-muenchen.de/impressum,no_generic_email
Heizungsbau in München | Top Anbieter & Bewertungen,München,(Sanitärinstallateur OR Heizungsinstallateur OR Kältetechnik) München,https://suche-handwerk.de/betrieb/gewerk/heizungsbau/muenchen/,suche-handwerk.de,info@buske-consulting.de,https://suche-handwerk.de/betrieb/gewerk/heizungsbau/muenchen/ | https://suche-handwerk.de/wir-ueber-uns/ | https://suche-handwerk.de/impressum/,found
Energie- und Gebäudetechnik - Elektroniker/in - bayern.jobs,München,(Elektriker OR Gebäudetechnik OR Sicherheitstechnik OR Rohrreinigung) München,https://www.bayern.jobs/job/techniker-hls-als-pruefer-gebaeudetechnik-w-m-d-17244576,bayern.jobs,info@madsack.de,https://www.bayern.jobs/job/techniker-hls-als-pruefer-gebaeudetechnik-w-m-d-17244576 | https://www.bayern.jobs/contact?referrer=https://www.bayern.jobs/job/techniker-hls-als-pruefer-gebaeudetechnik-w-m-d-17244576 | https://www.bayern.jobs/impressum,found
Intelligente Gebäude - Kraus Elektro- & Sicherheitstechnik München,München,(Elektriker OR Gebäudetechnik OR Sicherheitstechnik OR Rohrreinigung) München,https://www.kraus-elektro.de/moderne-geb%C3%A4udetechnik/,kraus-elektro.de,info@kraus-elektro.de,https://www.kraus-elektro.de/moderne-geb%C3%A4udetechnik/ | https://www.kraus-elektro.de/kontakt/ | https://www.kraus-elektro.de/about/,found
Städt. Berufsschule für elektrische Anlagen- und Gebäudetechnik ...,München,(Elektriker OR Gebäudetechnik OR Sicherheitstechnik OR Rohrreinigung) München,https://bs-eagt.m-bildung.de/,bs-eagt.m-bildung.de,,https://bs-eagt.m-bildung.de/ | https://bs-eagt.m-bildung.de/kontakt | https://bs-eagt.m-bildung.de/impressum,no_generic_email
Elektroniker (m/w/d) für Energie- und Gebäudetechnik,München,(Elektriker OR Gebäudetechnik OR Sicherheitstechnik OR Rohrreinigung) München,https://www.berufsausbildung.tum.de/berufsausbildung/ausbildungsberufe/elektroniker-mwd-fr-energie-und-gebaeudetechnik/,berufsausbildung.tum.de,info@dp-wired.de,https://www.berufsausbildung.tum.de/berufsausbildung/ausbildungsberufe/elektroniker-mwd-fr-energie-und-gebaeudetechnik/ | https://www.berufsausbildung.tum.de/berufsausbildung/impressum/,found
Ausbildung: Elektroniker:in (m/w/d) für den Bereich Energie,München,(Elektriker OR Gebäudetechnik OR Sicherheitstechnik OR Rohrreinigung) München,https://zausinger.jobs.personio.de/job/592152?language=de,zausinger.jobs.personio.de,info@zausinger.de,https://zausinger.jobs.personio.de/job/592152?language=de,found
Home - Hauner Elektrotechnik,München,(Elektriker OR Gebäudetechnik OR Sicherheitstechnik OR Rohrreinigung) München,https://hauner-elektrotechnik.de/,hauner-elektrotechnik.de,info@hauner-elektrotechnik.de,https://hauner-elektrotechnik.de/ | https://hauner-elektrotechnik.de/ueber-uns/ | https://hauner-elektrotechnik.de/ueber-uns/partner/,found
Elektriker München,München,(Elektriker OR Gebäudetechnik OR Sicherheitstechnik OR Rohrreinigung) München,https://wilhelm-elektroanlagen.de/,wilhelm-elektroanlagen.de,info@wilhelm-elektroanlagen.de,https://wilhelm-elektroanlagen.de/ | https://wilhelm-elektroanlagen.de/kontakt | https://wilhelm-elektroanlagen.de/impressum,found
KG Elektrotechnik - Ihr Elektriker in München,München,(Elektriker OR Gebäudetechnik OR Sicherheitstechnik OR Rohrreinigung) München,https://kg-elektrotechnik.de/,kg-elektrotechnik.de,info@kg-elektrotechnik.de; info@kg-elektrotechnik.dewww.kg-elektrotechnik.de,https://kg-elektrotechnik.de/ | https://kg-elektrotechnik.de/kontakt/ | https://kg-elektrotechnik.de/impressum/,found
AUSBILDUNG ELEKTRONIKER/IN FÜR ENERGIE - J.Baumgartner,München,(Elektriker OR Gebäudetechnik OR Sicherheitstechnik OR Rohrreinigung) München,https://www.j-baumgartner.de/ausbildung-zum-elektroniker-m-w-d-fuer-energie-und-gebaeudetechnik/,j-baumgartner.de,info@j-baumgartner.de,https://www.j-baumgartner.de/ausbildung-zum-elektroniker-m-w-d-fuer-energie-und-gebaeudetechnik/ | https://www.j-baumgartner.de/kontakt/,found
IK Elektroanlage: Elektrotechnik München,München,(Elektriker OR Gebäudetechnik OR Sicherheitstechnik OR Rohrreinigung) München,https://www.ik-elektroanlagen.de/,ik-elektroanlagen.de,,https://www.ik-elektroanlagen.de/ | https://www.ik-elektroanlagen.de/kontakt.html | https://www.ik-elektroanlagen.de/impressum.html,no_generic_email
Deine Ausbildung in der Elektrotechnik - Bohle Gruppe – Karriere,München,(Elektriker OR Gebäudetechnik OR Sicherheitstechnik OR Rohrreinigung) München,https://karriere.bohle-gruppe.com/ausbildung/elektrotechnik,karriere.bohle-gruppe.com,info@bohle-gruppe.com,https://karriere.bohle-gruppe.com/ausbildung/elektrotechnik,found
Elektroniker (m/w/d) Fachrichtung Energie- und Gebäudetechnik,München,(Elektriker OR Gebäudetechnik OR Sicherheitstechnik OR Rohrreinigung) München,https://www.elektroinnung-muenchen.de/stellenanzeigen/freie-ausbildungsstellen/elektroniker-mwd-fachrichtung-energie-und-gebaeudetechnik.html,elektroinnung-muenchen.de,buero@kraus-elektro.de; info@baumgartner-baustrom.de; info@baumgartnerbaustrom.de; info@elektro-facility.de; info@elektro-henning.de; info@elektro-huml.de; info@elektro-kiermaier.de; info@elektro-rainer.de; info@elektro-schroeck.de; info@elektroinnung-muenchen.de; info@etmgmbh.eu; info@fischer-energietechnik.de; info@gh-elektroanlagen.de; info@haus-und-technik.com; info@szostecki.com; info@wiese-elektroanlagen.de; service@ace-schneider.de,https://www.elektroinnung-muenchen.de/stellenanzeigen/freie-ausbildungsstellen/elektroniker-mwd-fachrichtung-energie-und-gebaeudetechnik.html | https://www.elektroinnung-muenchen.de/impressum.html | https://www.elektroinnung-muenchen.de/kontakt.html,found
Wir bilden aus: Elektriker:in Energie- und Gebäudetechnik (w/m/d),München,(Elektriker OR Gebäudetechnik OR Sicherheitstechnik OR Rohrreinigung) München,https://www.licht-technik.biz/de/karriere/elektroniker-in-energie-und-gebaudetechnik/,licht-technik.biz,info@licht-technik.biz,https://www.licht-technik.biz/de/karriere/elektroniker-in-energie-und-gebaudetechnik/ | https://www.licht-technik.biz/de/ueber-uns/ | https://www.licht-technik.biz/de/kontakt/,found
Gebäudetechnik München | Smart Home und Steuerung,München,(Elektriker OR Gebäudetechnik OR Sicherheitstechnik OR Rohrreinigung) München,https://dech-elektrotechnik.de/leistungen/gebaeudetechnik/,dech-elektrotechnik.de,info@dech-elektrotechnik.de,https://dech-elektrotechnik.de/leistungen/gebaeudetechnik/ | https://dech-elektrotechnik.de/kontakt/ | https://dech-elektrotechnik.de/kontakt/,found
Home | Elektro-Nit | Elektriker München | Notdienst Elektriker,München,(Elektriker OR Gebäudetechnik OR Sicherheitstechnik OR Rohrreinigung) München,https://www.elektro-nit.com/,elektro-nit.com,,,fetch_error:URLError
gebaeudetechnik Jobs in München - Mai 2026 - Jobware,München,(Elektriker OR Gebäudetechnik OR Sicherheitstechnik OR Rohrreinigung) München,https://www.jobware.de/jobs/gebaeudetechnik/m%C3%BCnchen,jobware.de,,https://www.jobware.de/jobs/gebaeudetechnik/m%C3%BCnchen,no_generic_email
EF Gebäudetechnik,München,(Elektriker OR Gebäudetechnik OR Sicherheitstechnik OR Rohrreinigung) München,https://xn--ef-gebudetechnik-0nb.de/,xn--ef-gebudetechnik-0nb.de,info.efg@email.de,https://xn--ef-gebudetechnik-0nb.de/ | https://xn--ef-gebudetechnik-0nb.de/kontakt/ | https://xn--ef-gebudetechnik-0nb.de/kontakt/,found
Elektroniker/-in Gebäude- und Infrastruktursysteme - IHK München,München,(Elektriker OR Gebäudetechnik OR Sicherheitstechnik OR Rohrreinigung) München,https://www.ihk-muenchen.de/ausbildung-fortbildung/berufsorientierung/ausbildungsberufe/technische-berufe/elektroniker-in-gebaeude-infrastruktursysteme/,ihk-muenchen.de,info@ihk-muenchen.de; info@muenchen.ihk.de,https://www.ihk-muenchen.de/ausbildung-fortbildung/berufsorientierung/ausbildungsberufe/technische-berufe/elektroniker-in-gebaeude-infrastruktursysteme/ | https://www.ihk-muenchen.de/ueber-uns/ihre-ihk/leichte-sprache/,found
Elektrotechnik & Gebäudetechnik in München,München,(Elektriker OR Gebäudetechnik OR Sicherheitstechnik OR Rohrreinigung) München,https://www.bauer-netz.de/unternehmen/standorte/standort-muenchen/,bauer-netz.de,info@bauer-netz.de; office@spectrum.at,https://www.bauer-netz.de/unternehmen/standorte/standort-muenchen/ | https://www.bauer-netz.de/kontakt/ | https://www.bauer-netz.de/impressum/,found
Stellenangebot Elektroniker Fachrichtung Energie & Gebäudetechnik,München,(Elektriker OR Gebäudetechnik OR Sicherheitstechnik OR Rohrreinigung) München,https://berghammer-gmbh.de/stellenangebote/jobs/,berghammer-gmbh.de,,https://berghammer-gmbh.de/stellenangebote/jobs/ | https://berghammer-gmbh.de/kontakt/ | https://berghammer-gmbh.de/impressum/,no_generic_email
Gebäudetechnik Muriqi | Meisterbetrieb für SHK & Gebäudetechnik,München,(Elektriker OR Gebäudetechnik OR Sicherheitstechnik OR Rohrreinigung) München,https://www.gebaeudetechnik-muriqi.de/,gebaeudetechnik-muriqi.de,,https://www.gebaeudetechnik-muriqi.de/ | https://www.gebaeudetechnik-muriqi.de/kontakt/,no_generic_email
Stellenangebote Anlagenmechaniker | AS Gebäudetechnik GmbH,München,(Elektriker OR Gebäudetechnik OR Sicherheitstechnik OR Rohrreinigung) München,https://www.as-gebaeudetechnik.de/ueberuns/karriere/,as-gebaeudetechnik.de,info@as-gebaeudetechnik.de,https://www.as-gebaeudetechnik.de/ueberuns/karriere/ | https://www.as-gebaeudetechnik.de/kontakt/ | https://www.as-gebaeudetechnik.de/impressum/,found
SK Elektrotechnik in München,München,(Elektriker OR Gebäudetechnik OR Sicherheitstechnik OR Rohrreinigung) München,https://www.sk-etechnik.de/,sk-etechnik.de,info@sk-etechnik.de,https://www.sk-etechnik.de/ | https://www.sk-etechnik.de/kontakt/kontaktformular,found
EGF GmbH Heizung - Sanitär | Ihr Münchner Fachbetrieb für ...,München,(Elektriker OR Gebäudetechnik OR Sicherheitstechnik OR Rohrreinigung) München,https://egfgmbh.de/,egfgmbh.de,info@egf.gmbh,https://egfgmbh.de/ | https://egfgmbh.de/ueber-uns/ | https://egfgmbh.de/kontakt/,found
Elektroniker für Energie- und Gebäudetechnik (m/w/d) - Weigerstorfer,München,(Elektriker OR Gebäudetechnik OR Sicherheitstechnik OR Rohrreinigung) München,https://weigerstorfer.de/karriere/elektroniker-energie-und-gebaeudetechnik/,weigerstorfer.de,info@weigerstorfer.de,https://weigerstorfer.de/karriere/elektroniker-energie-und-gebaeudetechnik/ | https://weigerstorfer.de/impressum/,found
und Gebäudetechnik / Elektroinstallateur (m/w/d) - adzuna.de,München,(Elektriker OR Gebäudetechnik OR Sicherheitstechnik OR Rohrreinigung) München,https://www.adzuna.de/details/5789128175,adzuna.de,,,fetch_error:HTTPError
Jobs als Anlagenmechaniker in München oder Monteur Ausbildung,München,(Elektriker OR Gebäudetechnik OR Sicherheitstechnik OR Rohrreinigung) München,https://muenchner-gebaeudetechnik.de/karriere/,muenchner-gebaeudetechnik.de,info@muenchner-gebaeudetechnik.de,https://muenchner-gebaeudetechnik.de/karriere/ | https://muenchner-gebaeudetechnik.de/impressum/,found
Innungsbetriebe finden - SHK Innung München,München,(Elektriker OR Gebäudetechnik OR Sicherheitstechnik OR Rohrreinigung) München,https://shk-innung-muenchen.de/innungsbetrieb-finden,shk-innung-muenchen.de,,https://shk-innung-muenchen.de/innungsbetrieb-finden,no_generic_email
Untitled,München,(Elektriker OR Gebäudetechnik OR Sicherheitstechnik OR Rohrreinigung) München,https://www.fortbildung24.com/info.html?e=58802291,fortbildung24.com,,https://www.fortbildung24.com/info.html?e=58802291,no_generic_email
Sachverständiger Elektrotechnik | Vds Sachverständiger,München,(Elektriker OR Gebäudetechnik OR Sicherheitstechnik OR Rohrreinigung) München,https://xn--elektrosachverstndiger-g5b.de/index.php,xn--elektrosachverstndiger-g5b.de,info@m-hofbauer.de,https://xn--elektrosachverstndiger-g5b.de/index.php,found
Ihr Elektro-Spezialist - R.O.S Elektrotechnik GmbH München,München,(Elektriker OR Gebäudetechnik OR Sicherheitstechnik OR Rohrreinigung) München,https://roselektrotechnik.de/,roselektrotechnik.de,info@roselektrotechnik.de,https://roselektrotechnik.de/ | https://roselektrotechnik.de/kontakt/ | https://roselektrotechnik.de/impressum/,found
Sanitär und Elektroinstallationen München – Fachgerecht & Aus ...,München,(Elektriker OR Gebäudetechnik OR Sicherheitstechnik OR Rohrreinigung) München,https://www.bayazid-innenausbau.de/dienstleistungen/sanitaer-und-elektroinstallationen,bayazid-innenausbau.de,info@bayazid-innenausbau.de,https://www.bayazid-innenausbau.de/dienstleistungen/sanitaer-und-elektroinstallationen | https://www.bayazid-innenausbau.de/kontakt | https://www.bayazid-innenausbau.de/impressum,found
Ausbildung Anlagenmechaniker SHK / Elektroniker (m/w/d) München,München,(Elektriker OR Gebäudetechnik OR Sicherheitstechnik OR Rohrreinigung) München,https://diegreinerei.de/karriere/ausbildung/,diegreinerei.de,info@diegreinerei.de,https://diegreinerei.de/karriere/ausbildung/ | https://diegreinerei.de/ueber-uns/,found
"Elektro Sanitär Heizung | SAL - Haustechnik GmbH, München",München,(Elektriker OR Gebäudetechnik OR Sicherheitstechnik OR Rohrreinigung) München,https://www.sal-haustechnik.com/,sal-haustechnik.com,info@sal-haustechnik.com,https://www.sal-haustechnik.com/ | https://www.sal-haustechnik.com/scripts/kontakt/mail.aspx | https://www.sal-haustechnik.com/unternehmen/proweb-plus/kontakt,found
"Sanitär, Heizung, Klima Köln und in der Nähe",Köln,(Sanitärinstallateur OR Heizungsinstallateur OR Kältetechnik) Köln,https://www.koeln.de/branchen/sanitaer-heizung-klima/s/2360,koeln.de,anfrage@oeltank24.com; info@anding-shk.de; info@anton-ludwig.de; info@elementi-gmbh.de; info@fassbender24.de; info@greven.de; info@hefter-zahn.de; info@holthausengmbh.de; info@jaerling.de; info@korona-solar.de; info@linden-team.de; info@loevenich-haustechnik.de; info@sanitaer-frechen.de; info@zuendorf-gmbh.de; kontakt@dohmen-gmbh.de; mail@winter-shk.de; service@friedrich-schmitz.de,https://www.koeln.de/branchen/sanitaer-heizung-klima/s/2360 | https://www.koeln.de/branchen/impressum,found
Die 10 Besten für ᐅ Klimatechnik in Köln 2026 ᐅ Kölner Branchen,Köln,(Sanitärinstallateur OR Heizungsinstallateur OR Kältetechnik) Köln,https://www.koelnerbranchen.de/klimatechnik/koeln/,koelnerbranchen.de,info-koeln@domowart-klima.de; info.cgn@carbo.de; info.gt@bilfinger.com; info@airconsystem.de; info@cremers-technik.de; info@gfkk.de; info@hkk-kaeltetechnik.de; info@klimakanaele.de; info@koelnerbranchen.de; info@mai-haustechnik.de; info@schmitz-hsk.de; mail@hartleb.net,https://www.koelnerbranchen.de/klimatechnik/koeln/ | https://www.koelnerbranchen.de/seite/kontakt | https://www.koelnerbranchen.de/seite/impressum,found
Städt. Berufsschule für elektrische Anlagen- und Gebäudetechnik,München,(Elektriker OR Gebäudetechnik OR Sicherheitstechnik OR Rohrreinigung) München,https://stadt.muenchen.de/service/info/stadt-berufsschule-fur-elektrische-anlagen-und-gebaudetechnik/1052396/,stadt.muenchen.de,buero.ob@muenchen.de,https://stadt.muenchen.de/service/info/stadt-berufsschule-fur-elektrische-anlagen-und-gebaudetechnik/1052396/ | https://stadt.muenchen.de/rathaus/kontakt.html | https://stadt.muenchen.de/infos/impressum.html,found
"Subzero-Kälte – Kälteanlagen, Klimaanlagen & Gewerbekühlung für ...",Köln,(Sanitärinstallateur OR Heizungsinstallateur OR Kältetechnik) Köln,https://subzero-kaelte.de/,subzero-kaelte.de,kontakt@subzero-kaelte.de,https://subzero-kaelte.de/ | https://subzero-kaelte.de/ueber-uns/ | https://subzero-kaelte.de/kontakt/,found
Marc Schmitz GmbH - Köln,Köln,(Sanitärinstallateur OR Heizungsinstallateur OR Kältetechnik) Köln,https://www.marcschmitz.de/,marcschmitz.de,kontakt@marcschmitz.de,https://www.marcschmitz.de/ | https://www.marcschmitz.de/ | https://www.marcschmitz.de/ueber-uns/236-ihre-ansprechpartner,found
Gerd Klein GmbH - Ihr Fachbetrieb aus Köln für Haustechnik seit 1968,Köln,(Sanitärinstallateur OR Heizungsinstallateur OR Kältetechnik) Köln,https://gerdkleingmbh.de/,gerdkleingmbh.de,,https://gerdkleingmbh.de/,no_generic_email
JP Haustechnik München - Ihr Partner für Heizungsbau ...,München,(Elektriker OR Gebäudetechnik OR Sicherheitstechnik OR Rohrreinigung) München,https://jp-haustechnik-muenchen.de/,jp-haustechnik-muenchen.de,info@jp-haustechnik-muenchen.de,https://jp-haustechnik-muenchen.de/ | https://jp-haustechnik-muenchen.de/uber-uns/ | https://jp-haustechnik-muenchen.de/kontakt/,found
Heizung und Sanitär Köln - EBI's Haustechnik Klempner Fachbetrieb,Köln,(Sanitärinstallateur OR Heizungsinstallateur OR Kältetechnik) Köln,https://www.ebis-haustechnik.de/,ebis-haustechnik.de,,https://www.ebis-haustechnik.de/ | https://www.ebis-haustechnik.de/kontakt/ | https://www.ebis-haustechnik.de/impressum/,no_generic_email
Helmut Hinz GmbH & Co. | Hinz - Fachbetrieb für Sanitär- und ...,Köln,(Sanitärinstallateur OR Heizungsinstallateur OR Kältetechnik) Köln,https://www.hinz-koeln.de/,hinz-koeln.de,,https://www.hinz-koeln.de/ | https://www.hinz-koeln.de/kontakt | https://www.hinz-koeln.de/kontakt/anfahrt-karte,no_generic_email
Ausbildung | Energie- & Gebäudetechnik,München,(Elektriker OR Gebäudetechnik OR Sicherheitstechnik OR Rohrreinigung) München,https://esr-elektroanlagen-stadler.de/ausbildung/,esr-elektroanlagen-stadler.de,info@esr-elektroanlagen-stadler.de,https://esr-elektroanlagen-stadler.de/ausbildung/ | https://esr-elektroanlagen-stadler.de/kontakt/ | https://esr-elektroanlagen-stadler.de/impressum/,found
Installateur Köln | Schwane Sanitär- und Heizungstechnik GmbH,Köln,(Sanitärinstallateur OR Heizungsinstallateur OR Kältetechnik) Köln,https://www.schwane.info/,schwane.info,info@e-nitio.com; mail@schwane.info,https://www.schwane.info/ | https://www.schwane.info/kontakt.php | https://www.schwane.info/impressum.html,found
KKL Klimatechnik Köln | Maßgeschneiderte Klimalösungen,Köln,(Sanitärinstallateur OR Heizungsinstallateur OR Kältetechnik) Köln,https://www.kkl.de/standort-koeln/,kkl.de,info@kkl.de,https://www.kkl.de/standort-koeln/ | https://www.kkl.de/kontakt/ | https://www.kkl.de/ueber-uns/,found
SHK KYRIAKIDIS – SANITÄR & HEIZUNG – Installateur und ...,Köln,(Sanitärinstallateur OR Heizungsinstallateur OR Kältetechnik) Köln,https://shk-heizungsmonteur-koeln.de/,shk-heizungsmonteur-koeln.de,info@shkfirma.de,https://shk-heizungsmonteur-koeln.de/,found
Aref Scholz GmbH,Köln,(Sanitärinstallateur OR Heizungsinstallateur OR Kältetechnik) Köln,https://www.sanitaer-heizung-koeln.de/,sanitaer-heizung-koeln.de,,https://www.sanitaer-heizung-koeln.de/,no_generic_email
Yilmaz Sanitär- und Heizungstechnik Köln | Alles aus einer Hand,Köln,(Sanitärinstallateur OR Heizungsinstallateur OR Kältetechnik) Köln,https://yilmaz-sht.de/,yilmaz-sht.de,info@yilmaz-sht.de,https://yilmaz-sht.de/ | https://yilmaz-sht.de/kontakt/ | https://yilmaz-sht.de/impressum/,found
DOM Haustechnik: Heizung Sanitär Lüftung Köln und Umgebung,Köln,(Sanitärinstallateur OR Heizungsinstallateur OR Kältetechnik) Köln,https://dom-haustechnik.de/,dom-haustechnik.de,info@dom-haustechnik.de,https://dom-haustechnik.de/ | https://dom-haustechnik.de/ueber-uns/ | https://dom-haustechnik.de/kontakt/,found
luetzenkirchen-koeln.de,Köln,(Sanitärinstallateur OR Heizungsinstallateur OR Kältetechnik) Köln,https://www.luetzenkirchen-koeln.de/,luetzenkirchen-koeln.de,info@luetzenkirchen-koeln.de,https://www.luetzenkirchen-koeln.de/ | https://www.luetzenkirchen-koeln.de/ueber-uns/ | https://www.luetzenkirchen-koeln.de/ueber-uns/philosophie/,found
K3 Kälte Klima Köln GmbH,Köln,(Sanitärinstallateur OR Heizungsinstallateur OR Kältetechnik) Köln,https://kaelte-klima-koeln.de/,kaelte-klima-koeln.de,info@kaelte-klima-koeln.de; info@wsh-wurzinger.de,https://kaelte-klima-koeln.de/ | https://kaelte-klima-koeln.de/kontakt/ | https://kaelte-klima-koeln.de/impressum/,found
Holthausen integrative Gebäudetechnik für moderne Gebäude ...,Köln,(Sanitärinstallateur OR Heizungsinstallateur OR Kältetechnik) Köln,https://www.holthausengmbh.info/,holthausengmbh.info,info@holthausen-hvac.com; info@holthausengmbh.de,https://www.holthausengmbh.info/ | https://www.holthausengmbh.info/unternehmen/kontakt | https://www.holthausengmbh.info/impressum,found
Haustechnik | Sanitär | Heizung | Köln,Köln,(Sanitärinstallateur OR Heizungsinstallateur OR Kältetechnik) Köln,https://kkm-kreuser.com/,kkm-kreuser.com,,https://kkm-kreuser.com/ | https://kkm-kreuser.com/73/startseite/kontakt-anfahrt | https://kkm-kreuser.com/74/startseite/impressum,no_generic_email
"AZK GmbH Sanitär & Heizungsgrosshandel: Sanitär, Heizung ...",Köln,(Sanitärinstallateur OR Heizungsinstallateur OR Kältetechnik) Köln,https://www.azk-koeln.de/,azk-koeln.de,info@azk-gmbh.de; info@azk-koeln.de,https://www.azk-koeln.de/ | https://www.azk-koeln.de/kontakt/ | https://www.azk-koeln.de/impressum/,found
Die Experten für moderne Haustechnik in Köln,Köln,(Sanitärinstallateur OR Heizungsinstallateur OR Kältetechnik) Köln,https://horstbrand.de/,horstbrand.de,kontakt@horstbrand.de,https://horstbrand.de/ | https://horstbrand.de/kontakt/ | https://horstbrand.de/impressum/,found
Heizung | Sanitär | Gebäudetechnik WISA Köln,Köln,(Sanitärinstallateur OR Heizungsinstallateur OR Kältetechnik) Köln,https://www.wisa-koeln.de/,wisa-koeln.de,info@wisa-koeln.de,https://www.wisa-koeln.de/ | https://www.wisa-koeln.de/ueber-uns/ | https://www.wisa-koeln.de/kontakt/,found
Krause Sanitär & Heizung - Das ist mein Installateur!,Köln,(Sanitärinstallateur OR Heizungsinstallateur OR Kältetechnik) Köln,https://krause-sanitaer.koeln/,krause-sanitaer.koeln,info@krause-sanitaer.koeln; info@s795697551.online.de,https://krause-sanitaer.koeln/ | https://krause-sanitaer.koeln/impressum-datenschutz,found
Sanitärtechnik & Heizungstechnik in Köln - Ossendorf,Köln,(Sanitärinstallateur OR Heizungsinstallateur OR Kältetechnik) Köln,https://stoecker-koeln.de/,stoecker-koeln.de,info@stoecker-koeln.de; info@stoecker-koeln.deinternet,https://stoecker-koeln.de/ | https://stoecker-koeln.de/kontakt/ | https://stoecker-koeln.de/impressum/,found
Sanitec - Köln,Köln,(Sanitärinstallateur OR Heizungsinstallateur OR Kältetechnik) Köln,https://www.sanitec-koeln.de/,sanitec-koeln.de,info@sanitec-koeln.de,https://www.sanitec-koeln.de/ | https://www.sanitec-koeln.de/impressum.html,found
Bad- und Heizungsprofis - Stallberg in Köln-Dellbrück,Köln,(Sanitärinstallateur OR Heizungsinstallateur OR Kältetechnik) Köln,https://stallberg.com/,stallberg.com,info@stallberg.com,https://stallberg.com/ | https://stallberg.com/ueber-uns/ | https://stallberg.com/ueber-uns/meister-der-elemente/,found
Klimatechnik Köln - Dillenburger,Köln,(Sanitärinstallateur OR Heizungsinstallateur OR Kältetechnik) Köln,https://dillenburger.de/klimatechnik-koeln,dillenburger.de,info@dillenburger.de,https://dillenburger.de/klimatechnik-koeln | https://dillenburger.de/impressum,found
Kälte-Klima Fachbetrieb für Klimaanlagen in Köln,Köln,(Sanitärinstallateur OR Heizungsinstallateur OR Kältetechnik) Köln,https://klimaanlagenkoeln.de/,klimaanlagenkoeln.de,info@nesseler-esser.de,https://klimaanlagenkoeln.de/ | https://klimaanlagenkoeln.de/impressum.htm,found
"und Sanitärtechnik in Köln - Heizung, Sanitär & Klima | HeicoSan",Köln,(Sanitärinstallateur OR Heizungsinstallateur OR Kältetechnik) Köln,https://heicosan.de/koeln/,heicosan.de,info@heicosan.de,https://heicosan.de/koeln/ | https://heicosan.de/skz-rheinland-gmbh-impressum/,found
"Wärmetechnik NRW: Heizung, Sanitär & Klima in Köln",Köln,(Sanitärinstallateur OR Heizungsinstallateur OR Kältetechnik) Köln,https://www.waermetechnik.nrw/,waermetechnik.nrw,info@waermetechnik.gmbh,https://www.waermetechnik.nrw/ | https://www.waermetechnik.nrw/kontakt.html | https://www.waermetechnik.nrw/impressum.html,found
Gebäudetechnik Köln - Apleona Wolfferts GmbH,Köln,(Elektriker OR Gebäudetechnik OR Sicherheitstechnik OR Rohrreinigung) Köln,https://wolfferts.apleona.com/gebaeudetechnik-koeln/,wolfferts.apleona.com,info.wolfferts@apleona.com,https://wolfferts.apleona.com/gebaeudetechnik-koeln/ | https://wolfferts.apleona.com/informationen/impressum/,found
Kaltwasser Elektrotechnik GmbH: Elektriker Köln,Köln,(Elektriker OR Gebäudetechnik OR Sicherheitstechnik OR Rohrreinigung) Köln,https://kaltwasser-elektrotechnik.de/,kaltwasser-elektrotechnik.de,kontakt@kaltwasser-elektrotechnik.de,https://kaltwasser-elektrotechnik.de/ | https://kaltwasser-elektrotechnik.de/ueber-uns/ | https://kaltwasser-elektrotechnik.de/impressum/,found
"Gebäudetechnik, Heizung, Sanitär und Lüftung in Köln",Köln,(Elektriker OR Gebäudetechnik OR Sicherheitstechnik OR Rohrreinigung) Köln,https://www.heinrich-schmid.com/standorte/koeln-285/,heinrich-schmid.com,,https://www.heinrich-schmid.com/standorte/koeln-285/ | https://www.heinrich-schmid.com/kontakt/ | https://www.heinrich-schmid.com/impressum/,no_generic_email
Kluge Eletriker – Kluge Elektriker – Ihr Elektrofachbetrieb in Köln ...,Köln,(Elektriker OR Gebäudetechnik OR Sicherheitstechnik OR Rohrreinigung) Köln,https://kluge-elektriker.de/,kluge-elektriker.de,info@kluge-elektriker.de,https://kluge-elektriker.de/ | https://kluge-elektriker.de/uber-uns/ | https://kluge-elektriker.de/kontakt/,found
Kälte Und Klimatechnik Köln — Kölner Lüftungssysteme GmbH,Köln,(Sanitärinstallateur OR Heizungsinstallateur OR Kältetechnik) Köln,https://koelner-lueftungssysteme.de/,koelner-lueftungssysteme.de,info@kls.koeln; info@koelner-lueftungssysteme.de,https://koelner-lueftungssysteme.de/ | https://koelner-lueftungssysteme.de/kontakt/ | https://koelner-lueftungssysteme.de/kontakt/,found
"Klimatechnik in Köln Heizung, Sanitär, Klima - Notdienst aus NRW",Köln,(Sanitärinstallateur OR Heizungsinstallateur OR Kältetechnik) Köln,https://wiesmann-shk.de/klimatechnik-koeln,wiesmann-shk.de,info@wiesmann-shk.de,https://wiesmann-shk.de/klimatechnik-koeln | https://wiesmann-shk.de/ueber-uns | https://wiesmann-shk.de/impressum,found
Elektrotechnik Sven Schrankel - e-masters - Köln,Köln,(Elektriker OR Gebäudetechnik OR Sicherheitstechnik OR Rohrreinigung) Köln,https://www.elektrotechnik-schrankel.de/,elektrotechnik-schrankel.de,info@elektrotechnik-schrankel.de,https://www.elektrotechnik-schrankel.de/ | https://www.elektrotechnik-schrankel.de/impressum.html,found
"Smarthome Sicherheit Emobility | Bezgin Elektrotechnik, Köln ...",Köln,(Elektriker OR Gebäudetechnik OR Sicherheitstechnik OR Rohrreinigung) Köln,https://www.bezgin-elektro.de/,bezgin-elektro.de,kundendienst@bezgin-elektro.de,https://www.bezgin-elektro.de/ | https://www.bezgin-elektro.de/scripts/kontakt/mail.aspx | https://www.bezgin-elektro.de/unternehmen/elektro/kontakt,found
Innungsbetrieb suchen - Die Innung Sanitär Heizung Klima Köln,Köln,(Sanitärinstallateur OR Heizungsinstallateur OR Kältetechnik) Köln,https://shk-innung-koeln.de/verbraucherinfos/innungsbetrieb-suchen/,shk-innung-koeln.de,info@bliersbach.de; info@friedrich-haustechnik.de; info@hst24.com; info@oleff.de; info@sanitaer-heizung-blaum.de; info@shk-innung-koeln.de; info@tga-jansen.de,https://shk-innung-koeln.de/verbraucherinfos/innungsbetrieb-suchen/ | https://shk-innung-koeln.de/kontakt/ | https://shk-innung-koeln.de/impressum/,found
Elektrotechnik Schäfer GmbH: Startseite,Köln,(Elektriker OR Gebäudetechnik OR Sicherheitstechnik OR Rohrreinigung) Köln,https://et-ds.de/,et-ds.de,info@et-ds.de,https://et-ds.de/ | https://et-ds.de/ueber-uns-elektrotechnik-schaefer-gmbh-elektriker-koeln/ | https://et-ds.de/kontakt/,found
"KÜPNIK - Ihre Partner für Technik in Köln für Elektro, Heizung, Klima ...",Köln,(Elektriker OR Gebäudetechnik OR Sicherheitstechnik OR Rohrreinigung) Köln,https://kupnik.de/,kupnik.de,info@kupnik.de,https://kupnik.de/ | https://kupnik.de/impressum/,found
Elektriker Köln | ElektroTechnik Posengis – Elektromeister ...,Köln,(Elektriker OR Gebäudetechnik OR Sicherheitstechnik OR Rohrreinigung) Köln,https://et-posengis.de/,et-posengis.de,info@et-posengis.de,https://et-posengis.de/ | https://et-posengis.de/impressum.html,found
Elektrotechniker/-in - Hwk-Koeln.de,Köln,(Elektriker OR Gebäudetechnik OR Sicherheitstechnik OR Rohrreinigung) Köln,"https://www.hwk-koeln.de/artikel/elektrotechniker-in-32,0,1495.html",hwk-koeln.de,info@hwk-koeln.de,"https://www.hwk-koeln.de/artikel/elektrotechniker-in-32,0,1495.html | https://www.hwk-koeln.de/artikel/kontakt-32,934,2661.html | https://www.hwk-koeln.de/kontakte/maria-geilen-32,0,dadetail_WEITERBILDUNG.html?id=55",found
Ausbildung - Elektroinnung Köln,Köln,(Elektriker OR Gebäudetechnik OR Sicherheitstechnik OR Rohrreinigung) Köln,https://www.elektroinnungkoeln.de/unternehmen/elektro/bildung/ausbildung,elektroinnungkoeln.de,info@elektroinnungkoeln.de,https://www.elektroinnungkoeln.de/unternehmen/elektro/bildung/ausbildung | https://www.elektroinnungkoeln.de/scripts/kontakt/mail.aspx | https://www.elektroinnungkoeln.de/unternehmen/elektro/kontakt,found
Elektro Flossbach: Elektriker Köln – Ihr Meisterbetrieb aus Köln,Köln,(Elektriker OR Gebäudetechnik OR Sicherheitstechnik OR Rohrreinigung) Köln,https://system-f.de/,system-f.de,,https://system-f.de/,no_generic_email
Ihre zuverlässige Rohr- & Kanalreinigung in Köln - 24h Notdienst,Köln,(Elektriker OR Gebäudetechnik OR Sicherheitstechnik OR Rohrreinigung) Köln,https://www.rokis.de/,rokis.de,info@rokis.de,https://www.rokis.de/ | https://www.rokis.de/kontakt/ | https://www.rokis.de/impressum/,found
Kanalreinigung & Rohrreinigung Köln Rodenkirchen - AKR - GmbH,Köln,(Elektriker OR Gebäudetechnik OR Sicherheitstechnik OR Rohrreinigung) Köln,https://akrgmbh.de/kanalreinigung-koeln-rodenkirchen-rohrreinigung/,akrgmbh.de,info@akrgmbh.de,https://akrgmbh.de/kanalreinigung-koeln-rodenkirchen-rohrreinigung/ | https://akrgmbh.de/kontakt/ | https://akrgmbh.de/impressum/,found
PS Gebäudetechnik GmbH: Moderne Haustechnik,Köln,(Elektriker OR Gebäudetechnik OR Sicherheitstechnik OR Rohrreinigung) Köln,https://ps-gebaeudetechnik.de/,ps-gebaeudetechnik.de,service@ps-gebaeudetechnik.de,https://ps-gebaeudetechnik.de/ | https://ps-gebaeudetechnik.de/ueber-uns/ | https://ps-gebaeudetechnik.de/impressum/,found
V & P ElektroTechnik GmbH,Köln,(Elektriker OR Gebäudetechnik OR Sicherheitstechnik OR Rohrreinigung) Köln,https://www.v-p-elektrotechnik.de/,v-p-elektrotechnik.de,info@v-p-elektrotechnik.de,https://www.v-p-elektrotechnik.de/,found
Elektro Kautsch GmbH | Seit 1948 | Meisterbetrieb für moderne ...,Köln,(Elektriker OR Gebäudetechnik OR Sicherheitstechnik OR Rohrreinigung) Köln,http://www.kautsch.de/,kautsch.de,info@kautsch.de,http://www.kautsch.de/ | http://www.kautsch.de/uber-uns/ | http://www.kautsch.de/uber-uns/unser-partner-lieferanten/,found
Ausbildung | Starten Sie Ihre Karriere bei uns - HUBACHER GmbH,Köln,(Elektriker OR Gebäudetechnik OR Sicherheitstechnik OR Rohrreinigung) Köln,https://www.hubacher.gmbh/ausbildung,hubacher.gmbh,info@hubacher.gmbh; info@wvs-koeln.de; kontakt@hubacher.gmbh,https://www.hubacher.gmbh/ausbildung | https://www.hubacher.gmbh/kontakt | https://www.hubacher.gmbh/impressum,found
Ausbildung: Elektroniker/in für Energie- und Gebäudetechnik (m/w/d),Köln,(Elektriker OR Gebäudetechnik OR Sicherheitstechnik OR Rohrreinigung) Köln,https://www.elektrotechnik-kalkuhl.de/unternehmen/elektro/recruiting/jobdetail?mode=jobdetail&jobid=14901,elektrotechnik-kalkuhl.de,info@elektrotechnik-kalkuhl.de,https://www.elektrotechnik-kalkuhl.de/unternehmen/elektro/recruiting/jobdetail?mode=jobdetail&jobid=14901 | https://www.elektrotechnik-kalkuhl.de/scripts/kontakt/mail.aspx | https://www.elektrotechnik-kalkuhl.de/unternehmen/elektro/kontakt,found
Elektro Hilgers - Elektroanlagen & Kundendienst in Köln,Köln,(Elektriker OR Gebäudetechnik OR Sicherheitstechnik OR Rohrreinigung) Köln,https://www.e-hilgers.de/,e-hilgers.de,,https://www.e-hilgers.de/ | https://www.e-hilgers.de/kontakt/ | https://www.e-hilgers.de/impressum/,no_generic_email
REIZIG Hausservice und Elektrotechnik,Köln,(Elektriker OR Gebäudetechnik OR Sicherheitstechnik OR Rohrreinigung) Köln,https://www.reizig.de/,reizig.de,info@hwk-koeln.de,https://www.reizig.de/ | https://www.reizig.de/kontakt | https://www.reizig.de/impressum,found
Gebäudetechnik in Köln – Energietechnik vom Elektriker,Köln,(Elektriker OR Gebäudetechnik OR Sicherheitstechnik OR Rohrreinigung) Köln,https://www.elektro-biergans.de/gebaeudetechnik.php,elektro-biergans.de,info@elektro-biergans.com; info@hwk-koeln.de,https://www.elektro-biergans.de/gebaeudetechnik.php | https://www.elektro-biergans.de/kontakt/ | https://www.elektro-biergans.de/impressum.php,found
Gebäudesicherheit Jobs in Köln | 1 Stellenangebote mit Gehalt 2026,Köln,(Elektriker OR Gebäudetechnik OR Sicherheitstechnik OR Rohrreinigung) Köln,https://www.jobvector.de/jobs/geb%C3%A4udesicherheit/k%C3%B6ln/,jobvector.de,,,fetch_error:HTTPError
Ihr zuverlässiger Partner rund um Elektroinstallationen in Köln,Köln,(Elektriker OR Gebäudetechnik OR Sicherheitstechnik OR Rohrreinigung) Köln,https://ams-elektrotechnik.de/,ams-elektrotechnik.de,info@ams-elektrotechnik.de,https://ams-elektrotechnik.de/ | https://ams-elektrotechnik.de/ueber-uns/ | https://ams-elektrotechnik.de/kontakt/,found
231 offene Ingenieurwesen und technische Berufe Jobs in Köln,Köln,(Elektriker OR Gebäudetechnik OR Sicherheitstechnik OR Rohrreinigung) Köln,https://www.kununu.com/de/jobs/d-ingenieurwesen-technische-berufe/l-city-koeln-66949,kununu.com,,https://www.kununu.com/de/jobs/d-ingenieurwesen-technische-berufe/l-city-koeln-66949,no_generic_email
Meißner Elektro- und Gebäudetechnik,Köln,(Elektriker OR Gebäudetechnik OR Sicherheitstechnik OR Rohrreinigung) Köln,https://www.meissner-gebaeudetechnik.de/,meissner-gebaeudetechnik.de,info@meissner-gebaeudetechnik.de,https://www.meissner-gebaeudetechnik.de/ | https://www.meissner-gebaeudetechnik.de/impressum/,found
"S&S Elektroanlagen, Köln: Elektrotechnik, Smart Home, Photovoltaik",Köln,(Elektriker OR Gebäudetechnik OR Sicherheitstechnik OR Rohrreinigung) Köln,https://www.elektro-sus.com/,elektro-sus.com,info@elektro-sus.com,https://www.elektro-sus.com/ | https://www.elektro-sus.com/scripts/kontakt/mail.aspx | https://www.elektro-sus.com/unternehmen/elektro/kontakt,found
Malinowski Gebäudetechnik GmbH,Köln,(Elektriker OR Gebäudetechnik OR Sicherheitstechnik OR Rohrreinigung) Köln,https://www.malinowski.de/,malinowski.de,info@koxit.com; info@malinowski.de,https://www.malinowski.de/ | https://www.malinowski.de/impressum.htm | https://www.malinowski.de/kontakt.php,found
ETA Elektrotechnik Köln | Wir sorgen dafür das bei Ihnen alles läuft.,Köln,(Elektriker OR Gebäudetechnik OR Sicherheitstechnik OR Rohrreinigung) Köln,https://eta-koeln.de/,eta-koeln.de,info@eta-koeln.de,https://eta-koeln.de/,found
Elektrotechnik Thomas Reuten,Köln,(Elektriker OR Gebäudetechnik OR Sicherheitstechnik OR Rohrreinigung) Köln,https://www.elektrotechnik-reuten.com/,elektrotechnik-reuten.com,,,fetch_error:HTTPError
Rohrreinigung Köln,Köln,(Elektriker OR Gebäudetechnik OR Sicherheitstechnik OR Rohrreinigung) Köln,https://www.juergen-barteck.de/Einsatzort/Rohrreinigung-K%C3%B6ln.html,juergen-barteck.de,info@juergen-barteck.de,https://www.juergen-barteck.de/Einsatzort/Rohrreinigung-K%C3%B6ln.html | https://www.juergen-barteck.de/impressum.html,found
Brenne Elektrotechnik GmbH,Köln,(Elektriker OR Gebäudetechnik OR Sicherheitstechnik OR Rohrreinigung) Köln,https://www.brenne-elektrotechnik.de/,brenne-elektrotechnik.de,info@brenne-elektrotechnik.de,https://www.brenne-elektrotechnik.de/ | https://www.brenne-elektrotechnik.de/kontakt.htm | https://www.brenne-elektrotechnik.de/impressum.htm,found
C+S Elektrotechnik GmbH aus Bergisch Gladbach bei Köln ...,Köln,(Elektriker OR Gebäudetechnik OR Sicherheitstechnik OR Rohrreinigung) Köln,https://cs-etechnik.de/,cs-etechnik.de,info@cs-etechnik.de,https://cs-etechnik.de/ | https://cs-etechnik.de/kontakt.html | https://cs-etechnik.de/impressum.html,found
Elektrotechnik Service Rörig | Ihr Elektriker aus Köln,Köln,(Elektriker OR Gebäudetechnik OR Sicherheitstechnik OR Rohrreinigung) Köln,https://elektrotechnik-roerig.de/,elektrotechnik-roerig.de,info@e-roerig.de,https://elektrotechnik-roerig.de/ | https://elektrotechnik-roerig.de/impressum/,found
Elektro Junker GmbH,Köln,(Elektriker OR Gebäudetechnik OR Sicherheitstechnik OR Rohrreinigung) Köln,https://elektrojunker.de/,elektrojunker.de,,https://elektrojunker.de/ | https://elektrojunker.de/Kontakt | https://elektrojunker.de/Impressum,no_generic_email
"Stange Elektrotechnik, Köln: Elektro- & Kommunikationstechnik",Köln,(Elektriker OR Gebäudetechnik OR Sicherheitstechnik OR Rohrreinigung) Köln,https://www.stange.koeln/,stange.koeln,info@stange.koeln,https://www.stange.koeln/ | https://www.stange.koeln/scripts/kontakt/mail.aspx | https://www.stange.koeln/unternehmen/elektro/kontakt,found
elektro-decker.de,Köln,(Elektriker OR Gebäudetechnik OR Sicherheitstechnik OR Rohrreinigung) Köln,https://elektro-decker.de/,elektro-decker.de,info@elektro-decker.de,https://elektro-decker.de/ | https://elektro-decker.de/impressum/,found
TB Elektro- und Gebäudetechnik GmbH - Elektroinstallationen in Köln,Köln,(Elektriker OR Gebäudetechnik OR Sicherheitstechnik OR Rohrreinigung) Köln,https://elektrotechnik-tb.com/,elektrotechnik-tb.com,,https://elektrotechnik-tb.com/ | https://elektrotechnik-tb.com/impressum/ | https://elektrotechnik-tb.com/impressum/,no_generic_email
Elektrotechnik in Köln – Ihr Profi vor Ort - Guett-Dern,Köln,(Elektriker OR Gebäudetechnik OR Sicherheitstechnik OR Rohrreinigung) Köln,https://guett-dern.de/handwerk/elektrotechnik/,guett-dern.de,info@guett-dern.de; info@guett-dern.deinternet; info@hwk-koeln.de,https://guett-dern.de/handwerk/elektrotechnik/ | https://guett-dern.de/kontakt/ | https://guett-dern.de/impressum/,found
Heizungs- und Klimatechnikbetrieb in Köln,Köln,(Elektriker OR Gebäudetechnik OR Sicherheitstechnik OR Rohrreinigung) Köln,https://hawi-gmbh.de/privatkunden.php,hawi-gmbh.de,info@hawi-gmbh.de,https://hawi-gmbh.de/privatkunden.php | https://hawi-gmbh.de/kontakt.php | https://hawi-gmbh.de/impressum.php,found
ekgmbh-nrw.de,Köln,(Elektriker OR Gebäudetechnik OR Sicherheitstechnik OR Rohrreinigung) Köln,https://www.ekgmbh-nrw.de/,ekgmbh-nrw.de,info@ekgmbh-nrw.de,https://www.ekgmbh-nrw.de/ | https://www.ekgmbh-nrw.de/kontakt/ | https://www.ekgmbh-nrw.de/impressum/,found
Gebäudetechnik - Elektro Busch GmbH,Köln,(Elektriker OR Gebäudetechnik OR Sicherheitstechnik OR Rohrreinigung) Köln,https://elektro-busch.de/gebaeudetechnik.html,elektro-busch.de,kontakt@elektro-busch.de,https://elektro-busch.de/gebaeudetechnik.html | https://elektro-busch.de/kontakt.html | https://elektro-busch.de/ueber-uns.html,found
Meister | Bad & Wärme - Rohrreinigung Köln,Köln,(Elektriker OR Gebäudetechnik OR Sicherheitstechnik OR Rohrreinigung) Köln,https://koeln24-rohrreinigung.de/meister-bad-waerme,koeln24-rohrreinigung.de,,https://koeln24-rohrreinigung.de/meister-bad-waerme | https://koeln24-rohrreinigung.de/kontakt | https://koeln24-rohrreinigung.de/ueber-uns,no_generic_email
Elektrotechnik in Köln | Elektro Schmitz Mondorf - ESM,Köln,(Elektriker OR Gebäudetechnik OR Sicherheitstechnik OR Rohrreinigung) Köln,https://elektroschmitz-esm.de/elektrotechnik-koeln/,elektroschmitz-esm.de,mail@elektroschmitz-esm.de,https://elektroschmitz-esm.de/elektrotechnik-koeln/ | https://elektroschmitz-esm.de/kontakt/ | https://elektroschmitz-esm.de/impressum/,found
NEO Elektrotechnik,Köln,(Elektriker OR Gebäudetechnik OR Sicherheitstechnik OR Rohrreinigung) Köln,https://www.neoelektrotechnik.de/,neoelektrotechnik.de,info@neoelektrotechnik.de,https://www.neoelektrotechnik.de/ | https://www.neoelektrotechnik.de/uber-uns/ | https://www.neoelektrotechnik.de/kontakt/,found
SHK-Frankfurt: Startseite,Frankfurt am Main,(Sanitärinstallateur OR Heizungsinstallateur OR Kältetechnik) Frankfurt am Main,https://www.shk-frankfurt.de/,shk-frankfurt.de,,https://www.shk-frankfurt.de/ | https://www.shk-frankfurt.de/kontakt | https://www.shk-frankfurt.de/impressum,no_generic_email
Sanitär + Heizung Peter Röhring in Frankfurt,Frankfurt am Main,(Sanitärinstallateur OR Heizungsinstallateur OR Kältetechnik) Frankfurt am Main,https://www.sanitaer-frankfurt.com/,sanitaer-frankfurt.com,info@dsa-marketing.ag,https://www.sanitaer-frankfurt.com/ | https://www.sanitaer-frankfurt.com/impressum.html,found
"Home - KAUER | BAD, SANITÄR, HEIZUNG",Frankfurt am Main,(Sanitärinstallateur OR Heizungsinstallateur OR Kältetechnik) Frankfurt am Main,https://www.kauer-bad.com/home/,kauer-bad.com,info@kauer-bad.com,https://www.kauer-bad.com/ | https://www.kauer-bad.com/kontakt/ | https://www.kauer-bad.com/impressum/,found
Kältetechnik Frankfurt am Main (Hessen) (38 Firmen) - kaeltejobs.de,Frankfurt am Main,(Sanitärinstallateur OR Heizungsinstallateur OR Kältetechnik) Frankfurt am Main,https://www.kaeltejobs.de/kaeltetechnik/hessen/frankfurt-am-main,kaeltejobs.de,info@kaeltejobs.de,https://www.kaeltejobs.de/kaeltetechnik/hessen/frankfurt-am-main | https://www.kaeltejobs.de/impressum,found
Otto Münch: Sanitär Heizung Frankfurt am Main,Frankfurt am Main,(Sanitärinstallateur OR Heizungsinstallateur OR Kältetechnik) Frankfurt am Main,https://www.otto-muench.de/,otto-muench.de,info@otto-muench.de,https://www.otto-muench.de/ | https://www.otto-muench.de/scripts/kontakt/mail.aspx | https://www.otto-muench.de/unternehmen/proweb-plus/kontakt,found
Köksal Duman - Badmodernisierung und Wärmepumpen in Frankfurt,Frankfurt am Main,(Sanitärinstallateur OR Heizungsinstallateur OR Kältetechnik) Frankfurt am Main,https://heizungsmeisterei-duman.de/,heizungsmeisterei-duman.de,,https://heizungsmeisterei-duman.de/,no_generic_email
Kämpf + Co. Innovative Haustechnik | Frankfurt am Main,Frankfurt am Main,(Sanitärinstallateur OR Heizungsinstallateur OR Kältetechnik) Frankfurt am Main,https://www.kaempf.de/,kaempf.de,info@kaempf.de,https://www.kaempf.de/ | https://www.kaempf.de/scripts/kontakt/mail.aspx | https://www.kaempf.de/unternehmen/shk/kontakt,found
"Elektro Instandhaltung Wartung | Elektroanlagen Sauerberg, Köln",Köln,(Elektriker OR Gebäudetechnik OR Sicherheitstechnik OR Rohrreinigung) Köln,https://www.elektroanlagen-sauerberg.de/,elektroanlagen-sauerberg.de,info@elektroanlagen-sauerberg.de; kontakt@elektroanlagen-sauerberg.de,https://www.elektroanlagen-sauerberg.de/ | https://www.elektroanlagen-sauerberg.de/scripts/kontakt/mail.aspx | https://www.elektroanlagen-sauerberg.de/unternehmen/elektro/kontakt,found
m-tec Heizungs- und Sanitärtechnik GmbH | Frankfurt/Main,Frankfurt am Main,(Sanitärinstallateur OR Heizungsinstallateur OR Kältetechnik) Frankfurt am Main,https://www.mtec-frankfurt.de/,mtec-frankfurt.de,info@mtec-frankfurt.de,https://www.mtec-frankfurt.de/ | https://www.mtec-frankfurt.de/scripts/kontakt/mail.aspx | https://www.mtec-frankfurt.de/unternehmen/shk/kontakt,found
Gruber GmbH | Meisterbetrieb für Heizung seit 1979 in Frankfurt.,Frankfurt am Main,(Sanitärinstallateur OR Heizungsinstallateur OR Kältetechnik) Frankfurt am Main,https://sanitaergruber.de/,sanitaergruber.de,,https://sanitaergruber.de/,no_generic_email
Berninger Sanitär- und Wärmetechnik Frankfurt,Frankfurt am Main,(Sanitärinstallateur OR Heizungsinstallateur OR Kältetechnik) Frankfurt am Main,https://berninger-waermetechnik.de/,berninger-waermetechnik.de,service@berninger-rautenberg.de; service@berninger-waermetechnik.de,https://berninger-waermetechnik.de/ | https://berninger-waermetechnik.de/kontakt/ | https://berninger-waermetechnik.de/kontakt/,found
Leichum Sanitär & Heizungstechnik in Frankfurt - Partner in Rhein ...,Frankfurt am Main,(Sanitärinstallateur OR Heizungsinstallateur OR Kältetechnik) Frankfurt am Main,https://www.leichum-gmbh.de/,leichum-gmbh.de,kontakt@leichum-gmbh.de,https://www.leichum-gmbh.de/ | https://www.leichum-gmbh.de/kontakt.htm | https://www.leichum-gmbh.de/impressum.htm,found
Installateur und Heizungsbauer in Frankfurt am Main | 2026,Frankfurt am Main,(Sanitärinstallateur OR Heizungsinstallateur OR Kältetechnik) Frankfurt am Main,https://www.jobs-in-frankfurt-am-main.de/branchenbuch/installateur-und-heizungsbauer,jobs-in-frankfurt-am-main.de,,https://www.jobs-in-frankfurt-am-main.de/branchenbuch/installateur-und-heizungsbauer | https://www.jobs-in-frankfurt-am-main.de/impressum.html,no_generic_email
"Hoffmann - Ihr Partner für Bad, Sanitär & Heizung in Frankfurt",Frankfurt am Main,(Sanitärinstallateur OR Heizungsinstallateur OR Kältetechnik) Frankfurt am Main,https://hofmann-sanitaer.de/,hofmann-sanitaer.de,,,fetch_error:URLError
"Rögner Sanitär GmbH Frankfurt am Main | Sanitär, Bäder, Heizung",Frankfurt am Main,(Sanitärinstallateur OR Heizungsinstallateur OR Kältetechnik) Frankfurt am Main,https://roegner-sanitaer.de/,roegner-sanitaer.de,info@roegner-sanitaer.de,https://roegner-sanitaer.de/ | https://roegner-sanitaer.de/kontakt/ | http://roegner-sanitaer.de/kontakt/,found
"Hessen Haustechnik | Sanitär, Heizung & Klima in Frankfurt am Main",Frankfurt am Main,(Sanitärinstallateur OR Heizungsinstallateur OR Kältetechnik) Frankfurt am Main,https://www.hessenhaustechnik.de/,hessenhaustechnik.de,,https://www.hessenhaustechnik.de/,no_generic_email
Meisterbetrieb Westenberger | Frankfurt am Main,Frankfurt am Main,(Sanitärinstallateur OR Heizungsinstallateur OR Kältetechnik) Frankfurt am Main,https://www.westenberger-san.de/,westenberger-san.de,info@westenberger-san.de,https://www.westenberger-san.de/ | https://www.westenberger-san.de/scripts/kontakt/mail.aspx | https://www.westenberger-san.de/unternehmen/proweb-advanced/kontakt,found
"alfonsdresch – Sanitär-, Heizungs und Klimaspezialist in Frankfurt",Frankfurt am Main,(Sanitärinstallateur OR Heizungsinstallateur OR Kältetechnik) Frankfurt am Main,https://alfonsdresch.de/,alfonsdresch.de,info@alfonsdresch.de,https://alfonsdresch.de/ | https://alfonsdresch.de/ueber-uns/ | https://alfonsdresch.de/kontakt/,found
Heizungsbau Frankfurt,Frankfurt am Main,(Sanitärinstallateur OR Heizungsinstallateur OR Kältetechnik) Frankfurt am Main,https://haefner-haustechnik.de/,haefner-haustechnik.de,info@haefner-haustechnik.de,https://haefner-haustechnik.de/ | https://haefner-haustechnik.de/ueber-uns/ | https://haefner-haustechnik.de/kontakt/,found
"Karl Hofmann GmbH, Meisterbetrieb für Heizung, Sanitär, Gas ...",Frankfurt am Main,(Sanitärinstallateur OR Heizungsinstallateur OR Kältetechnik) Frankfurt am Main,https://www.hofmann-frankfurt.de/,hofmann-frankfurt.de,,https://www.hofmann-frankfurt.de/,no_generic_email
Sanitär Heizung | Frankfurt a.M. | Ing. A. Neumeister und Schnierle ...,Frankfurt am Main,(Sanitärinstallateur OR Heizungsinstallateur OR Kältetechnik) Frankfurt am Main,https://www.neumeister-schnierle.de/,neumeister-schnierle.de,info@neumeister-schnierle.de,https://www.neumeister-schnierle.de/ | https://www.neumeister-schnierle.de/scripts/kontakt/mail.aspx | https://www.neumeister-schnierle.de/unternehmen/proweb-advanced/kontakt,found
Heizungs- & Klima-Profis in Frankfurt am Main finden - KERMI,Frankfurt am Main,(Sanitärinstallateur OR Heizungsinstallateur OR Kältetechnik) Frankfurt am Main,https://www.kermi.com/de/de/fachpartner-finden/frankfurt-am-main/,kermi.com,info@alfonsdresch.de; info@angrick-gmbh.de; info@curant.se; info@ddair.al; info@dravidis.co.rs; info@esscolb.com; info@eugenkletti.de; info@haerning.de; info@hofmann-sanitaer.de; info@hydromarin.gr; info@kermi.cn; info@kermi.cz; info@kermi.de; info@kermi.fr; info@kermi.lt; info@klimabau.de; info@lemu.dk; info@meinbadeinrichter.de; info@muellerkremer.de; info@neumeister-schnierle.de; info@sahara.md; info@smartheat-eg.com; info@testislimited.com; info_kw@hassanabul.com; kontakt@arthur-mueller-gmbh.de; kontakt@zieg-liphardt.de; office@doming.rs; office@romstal.ro,https://www.kermi.com/de/de/fachpartner-finden/frankfurt-am-main/ | https://www.kermi.com/de/de/unternehmen/kontakt/ | https://www.kermi.com/de/de/unternehmen/kontakt/worldwide/,found
Heizung | ONARLAR GmbH in Frankfurt a.M.,Frankfurt am Main,(Sanitärinstallateur OR Heizungsinstallateur OR Kältetechnik) Frankfurt am Main,https://www.onarlar.de/heizung.php,onarlar.de,kontakt@onarlar.de,https://www.onarlar.de/heizung.php | https://www.onarlar.de/kontakt.php | https://www.onarlar.de/impressum.php,found
"HolodTech: Klima, Kälte & Wärmepumpen im Rhein-Main-Gebiet",Frankfurt am Main,(Sanitärinstallateur OR Heizungsinstallateur OR Kältetechnik) Frankfurt am Main,https://holodtech.de/,holodtech.de,,,fetch_error:URLError
Heizung & Sanitär in Frankfurt am Main | Mein-Bau Haustechnik,Frankfurt am Main,(Sanitärinstallateur OR Heizungsinstallateur OR Kältetechnik) Frankfurt am Main,https://meinbauht.de/regionen/frankfurt-am-main,meinbauht.de,info@meinbauht.de,https://meinbauht.de/regionen/frankfurt-am-main | https://meinbauht.de/impressum,found
Mejor Klimatechnik,Frankfurt am Main,(Sanitärinstallateur OR Heizungsinstallateur OR Kältetechnik) Frankfurt am Main,https://mejorklimatechnik.de/,mejorklimatechnik.de,info@mejorklimatechnik.de,https://mejorklimatechnik.de/,found
KKTBader GmbH - Home,Frankfurt am Main,(Sanitärinstallateur OR Heizungsinstallateur OR Kältetechnik) Frankfurt am Main,https://www.kktbader.eu/,kktbader.eu,info@kktbader.de,https://www.kktbader.eu/ | https://www.kktbader.eu/kontakt/,found
Klimatechnik & Klimaanlagen in Frankfurt und Offenbach,Frankfurt am Main,(Sanitärinstallateur OR Heizungsinstallateur OR Kältetechnik) Frankfurt am Main,https://www.klimaberatung.de/klimatechnik-frankfurt-offenbach,klimaberatung.de,info@klimaberatung.de,https://www.klimaberatung.de/klimatechnik-frankfurt-offenbach | https://www.klimaberatung.de/ueber-uns | https://www.klimaberatung.de/kontakt,found
Frankfurt am Main - Heizungsbau-Adressen,Frankfurt am Main,(Sanitärinstallateur OR Heizungsinstallateur OR Kältetechnik) Frankfurt am Main,https://www.heizungsbau-adressen.de/heizungsbauer/frankfurt-am-main/,heizungsbau-adressen.de,kontakt@123media.site,https://www.heizungsbau-adressen.de/heizungsbauer/frankfurt-am-main/ | https://www.heizungsbau-adressen.de/page/kontakt/ | https://www.heizungsbau-adressen.de/page/Kontakt/,found
Kältetechnik im Branchenkompass Frankfurt am Main,Frankfurt am Main,(Sanitärinstallateur OR Heizungsinstallateur OR Kältetechnik) Frankfurt am Main,https://www.branchenkompass-frankfurt.de/branchenverzeichnis/kaeltetechnik.aspx,branchenkompass-frankfurt.de,service@branchenkompass.de,https://www.branchenkompass-frankfurt.de/branchenverzeichnis/kaeltetechnik.aspx | https://www.branchenkompass-frankfurt.de/verlag/ueber-uns.aspx | https://www.branchenkompass-frankfurt.de/formular/kontakt.aspx,found
Kälte- und Klimatechnik in Frankfurt,Frankfurt am Main,(Sanitärinstallateur OR Heizungsinstallateur OR Kältetechnik) Frankfurt am Main,https://frankfurt-am-main.branchen-info.net/kaelte-und-klimatechnik_detail-webseite-1230-4.php,frankfurt-am-main.branchen-info.net,,https://frankfurt-am-main.branchen-info.net/branche/kaelte-und-klimatechnik/1230/4/,no_generic_email
Home - Kältetechnik Klimatechnik Frankfurt am Main,Frankfurt am Main,(Sanitärinstallateur OR Heizungsinstallateur OR Kältetechnik) Frankfurt am Main,https://frankfurt-klima.de/,frankfurt-klima.de,info@kk-steudter.de,https://frankfurt-klima.de/ | https://frankfurt-klima.de/kontakt/ | https://frankfurt-klima.de/impressum/,found
Krauss Heizungstechnik in Frankfurt - wirsindhandwerk,Frankfurt am Main,(Sanitärinstallateur OR Heizungsinstallateur OR Kältetechnik) Frankfurt am Main,https://www.wirsindhandwerk.de/krauss-heizungstechnik-frankfurt,wirsindhandwerk.de,,https://www.wirsindhandwerk.de/krauss-heizungstechnik-frankfurt | https://www.wirsindhandwerk.de/pages/ueber-uns/ | https://www.wirsindhandwerk.de/pages/ueber-uns/,no_generic_email
Edenhauser | Heizungstechnik,Frankfurt am Main,(Sanitärinstallateur OR Heizungsinstallateur OR Kältetechnik) Frankfurt am Main,https://edenhauser.de/,edenhauser.de,anfrage@edenhauser.de; anfrage@edenhauser.dewebseite,https://edenhauser.de/ | https://edenhauser.de/Impressum/ | https://edenhauser.de/Impressum/,found
Traut Sanitär und Heizung GmbH - Ihr Handwerksdienstleister,Frankfurt am Main,(Sanitärinstallateur OR Heizungsinstallateur OR Kältetechnik) Frankfurt am Main,https://traut-gmbh.de/,traut-gmbh.de,info@traut-gmbh.de,https://traut-gmbh.de/ | https://traut-gmbh.de/kontaktformular/ | https://traut-gmbh.de/impressum/,found
Klimaanlagen | Frankfurt am Main | FRIO Ihr Experte,Frankfurt am Main,(Sanitärinstallateur OR Heizungsinstallateur OR Kältetechnik) Frankfurt am Main,https://www.frio.de/klimaanlagen-frankfurt,frio.de,,https://www.frio.de/klimaanlagen-frankfurt | https://www.frio.de/kontakt | https://www.frio.de/impressum,no_generic_email
Sanitär Heizung Klima Frankfurt,Frankfurt am Main,(Sanitärinstallateur OR Heizungsinstallateur OR Kältetechnik) Frankfurt am Main,https://www.shk-voelker.de/,shk-voelker.de,info@shk-voelker.de,https://www.shk-voelker.de/ | https://www.shk-voelker.de/kontakt/ | https://www.shk-voelker.de/impressum/,found
Klimaanlagen Frankfurt | Klimatechnik Frankfurt - huefner-klima.de,Frankfurt am Main,(Sanitärinstallateur OR Heizungsinstallateur OR Kältetechnik) Frankfurt am Main,https://huefner-klima.de/klimatechnik-frankfurt-klimaanlagen-frankfurt/,huefner-klima.de,info@huefner-klima.de,https://huefner-klima.de/klimatechnik-frankfurt-klimaanlagen-frankfurt/ | https://huefner-klima.de/ueber-uns/referenzkunden/ | https://huefner-klima.de/ueber-uns/,found
Heizungsmonteur in Frankfurt - auskunft.de,Frankfurt am Main,(Sanitärinstallateur OR Heizungsinstallateur OR Kältetechnik) Frankfurt am Main,https://www.auskunft.de/a/heizungsmonteur/frankfurt,auskunft.de,info@a-z-heizungsprofis.de; info@arzensek.de; info@denas-hs.de; info@dreis-haustechnik.de; info@eugenkletti.de; info@firma-taube.de; info@ghs-heizungsanlagen.de; info@haefner-haustechnik.de; info@heizmeister.de; info@hermann-haustechnik.de; info@iwelt.de; info@kauer-bad.com; info@lothar-felske.de; info@paul-hartmann.de; info@sanitaer-spengler.de; kontakt@auskunft.de; kontakt@waermetechnik-loewe.de; service@loew-heizung.de; service@thermondo.de,https://www.auskunft.de/a/heizungsmonteur/frankfurt | https://www.auskunft.de/kontakt | https://www.auskunft.de/impressum,found
Elektroniker (m/w/d) Energie- und Gebäudetechnik - Builtech Gruppe,Frankfurt am Main,(Elektriker OR Gebäudetechnik OR Sicherheitstechnik OR Rohrreinigung) Frankfurt am Main,https://jobs.builtech.de/jobs/56726139/Elektroniker-m-w-d-Energie--und-Geb%C3%A4udetechnik/,jobs.builtech.de,mail@example.com,https://jobs.builtech.de/jobs/56726139/Elektroniker-m-w-d-Energie--und-Geb%C3%A4udetechnik/,found
Die Ntronic GmbH in Frankfurt am Main | Sicherheitstechnik ...,Frankfurt am Main,(Elektriker OR Gebäudetechnik OR Sicherheitstechnik OR Rohrreinigung) Frankfurt am Main,https://www.ntronic.de/,ntronic.de,info@ntronic.de,https://www.ntronic.de/ | https://www.ntronic.de/kontakt/ | https://www.ntronic.de/impressum.php,found
"Klimatechnik Frankfurt - Planung, Montage und Wartung",Frankfurt am Main,(Sanitärinstallateur OR Heizungsinstallateur OR Kältetechnik) Frankfurt am Main,https://vhe-online.de/klimatechnik-frankfurt/,vhe-online.de,service@vhe-online.de,https://vhe-online.de/klimatechnik-frankfurt/ | https://vhe-online.de/ueber-uns/ | https://vhe-online.de/kontakt/,found
Elektroniker:in (Betriebstechnik) - Ausbildung - Stadt Frankfurt,Frankfurt am Main,(Elektriker OR Gebäudetechnik OR Sicherheitstechnik OR Rohrreinigung) Frankfurt am Main,https://frankfurt.de/karriere/schueler_innen/ausbildung/el-bt,frankfurt.de,,,fetch_error:HTTPError
Elektroniker für Energie- und Gebäudetechnik (m/w/d) - Marador,Frankfurt am Main,(Elektriker OR Gebäudetechnik OR Sicherheitstechnik OR Rohrreinigung) Frankfurt am Main,https://www.marador.de/stellenangebote/elektroniker-fur-energie-und-gebaudetechnik-10,marador.de,info@marador.de,https://www.marador.de/stellenangebote/elektroniker-fur-energie-und-gebaudetechnik-10 | https://www.marador.de/uber-uns | https://www.marador.de/kontakt,found
Die Kaltmacher – Ihr Klima machen wir …,Frankfurt am Main,(Sanitärinstallateur OR Heizungsinstallateur OR Kältetechnik) Frankfurt am Main,https://gkk-frankfurt.de/,gkk-frankfurt.de,info@diekaltmacher.de; info@gkk-ffm.de; info@gkk-frankfurt.de,https://gkk-frankfurt.de/ | https://gkk-frankfurt.de/impressum/ | https://gkk-frankfurt.de/kontakt/,found
"JPelektro Frankfurt | Elektroinstallation, ITK, Smart Home ...",Frankfurt am Main,(Elektriker OR Gebäudetechnik OR Sicherheitstechnik OR Rohrreinigung) Frankfurt am Main,https://www.jpelektro.de/,jpelektro.de,info@jpelektro.de,https://www.jpelektro.de/ | https://www.jpelektro.de/impressum.html,found
Elektriker in Frankfurt am Main,Frankfurt am Main,(Elektriker OR Gebäudetechnik OR Sicherheitstechnik OR Rohrreinigung) Frankfurt am Main,https://hire.wisag.de/10396196/frankfurt-am-main-elektriker,hire.wisag.de,team@seo-for-jobs.com,https://hire.wisag.de/10396196/frankfurt-am-main-elektriker | https://hire.wisag.de/imprint,found
Home - TinkerTech Elektrotechnik Frankfurt | Sicherheitstehnik ...,Frankfurt am Main,(Elektriker OR Gebäudetechnik OR Sicherheitstechnik OR Rohrreinigung) Frankfurt am Main,https://tinkertech-elektrotechnik.com/,tinkertech-elektrotechnik.com,office@tinkertech-elektrotechnik.de,https://tinkertech-elektrotechnik.com/ | https://tinkertech-elektrotechnik.com/uber-uns/ | https://tinkertech-elektrotechnik.com/kontakt/,found
"Kurtech GmbH Frankfurt | Elektroinstallation, Beleuchtung, Wartung ...",Frankfurt am Main,(Elektriker OR Gebäudetechnik OR Sicherheitstechnik OR Rohrreinigung) Frankfurt am Main,https://kurtech.de/,kurtech.de,info@kurtech.de; service@ffm.media,https://kurtech.de/ | https://kurtech.de/kontakt/ | https://kurtech.de/impressum/,found
Elektrotechnik Kreher - Ihr Elektriker in Frankfurt am Main,Frankfurt am Main,(Elektriker OR Gebäudetechnik OR Sicherheitstechnik OR Rohrreinigung) Frankfurt am Main,https://www.elektro-kreher.de/,elektro-kreher.de,,https://www.elektro-kreher.de/ | https://www.elektro-kreher.de/wir-ueber-uns | https://www.elektro-kreher.de/kontakt/kontaktformular,no_generic_email
Elektriker Frankfurt am Main | Meisterbetrieb Elektrotechnik-FELS,Frankfurt am Main,(Elektriker OR Gebäudetechnik OR Sicherheitstechnik OR Rohrreinigung) Frankfurt am Main,https://www.elektrotechnik-fels.de/,elektrotechnik-fels.de,info@elektrotechnik-fels.de,https://www.elektrotechnik-fels.de/ | https://www.elektrotechnik-fels.de/kontakt/ | https://www.elektrotechnik-fels.de/impressum/,found
Elektriker und Haustechniker in Frankfurt Rhein-Main | Hinkel + ...,Frankfurt am Main,(Elektriker OR Gebäudetechnik OR Sicherheitstechnik OR Rohrreinigung) Frankfurt am Main,https://hinkel-sohn.de/,hinkel-sohn.de,info@hinkel-sohn.de,https://hinkel-sohn.de/ | https://hinkel-sohn.de/kontakt/ | https://hinkel-sohn.de/impressum/,found
Handwerker in Frankfurt am Main – Notdienst & Fachbetriebe,Frankfurt am Main,(Elektriker OR Gebäudetechnik OR Sicherheitstechnik OR Rohrreinigung) Frankfurt am Main,https://workernow.de/de/handwerker-frankfurt-am-main.html,workernow.de,,https://workernow.de/de/handwerker-frankfurt-am-main.html,no_generic_email
Jobs Gebäudetechniker Frankfurt - jobs.main-echo.de,Frankfurt am Main,(Elektriker OR Gebäudetechnik OR Sicherheitstechnik OR Rohrreinigung) Frankfurt am Main,https://jobs.main-echo.de/jobs/geb%C3%A4udetechniker-in-frankfurt,jobs.main-echo.de,,https://jobs.main-echo.de/jobs/geb%C3%A4udetechniker-in-frankfurt | https://jobs.main-echo.de/kontaktformular,no_generic_email
AGN Elektro- & Netzwerktechnik | Elektriker in Frankfurt ...,Frankfurt am Main,(Elektriker OR Gebäudetechnik OR Sicherheitstechnik OR Rohrreinigung) Frankfurt am Main,https://www.agn-elektro.de/,agn-elektro.de,info@agn-elektro.de,https://www.agn-elektro.de/ | https://www.agn-elektro.de/impressum,found
Frankfurt a.M. | Ausbildung · Elektrotechnik Sicherheitstechnik,Frankfurt am Main,(Elektriker OR Gebäudetechnik OR Sicherheitstechnik OR Rohrreinigung) Frankfurt am Main,https://bretz-hufer.de/ausbildung-elektrotechnik,bretz-hufer.de,info@bretz-hufer.de; info@machtweb.de; service@hwk-rhein-main.de,https://bretz-hufer.de/ausbildung-elektrotechnik | https://bretz-hufer.de/impressum,found
"Haustechnik Jobs in Elektro-, Sanitär-, Heizungs - rübsam",Frankfurt am Main,(Elektriker OR Gebäudetechnik OR Sicherheitstechnik OR Rohrreinigung) Frankfurt am Main,https://www.ruebsam.de/haustechnik,ruebsam.de,info@ruebsam.de,https://www.ruebsam.de/haustechnik | https://www.ruebsam.de/ueber-uns | https://www.ruebsam.de/impressum,found
Elektriker / Elektroniker (w/m/d) Gebäudetechnik (Frankfurt) - TieTalent,Frankfurt am Main,(Elektriker OR Gebäudetechnik OR Sicherheitstechnik OR Rohrreinigung) Frankfurt am Main,https://tietalent.com/app/en/jobs/p-948783663/frankfurt-elektriker-elektroniker-wmd-gebaudetechnik-frankfurt,tietalent.com,info@tietalent.com,https://tietalent.com/app/en/jobs/p-948783663/frankfurt-elektriker-elektroniker-wmd-gebaudetechnik-frankfurt | https://tietalent.com/en/about | https://tietalent.com/en/contact,found
elektrotech-hessen: Home,Frankfurt am Main,(Elektriker OR Gebäudetechnik OR Sicherheitstechnik OR Rohrreinigung) Frankfurt am Main,https://elektrotech-hessen.de/,elektrotech-hessen.de,info@elektrotech-hessen.de,https://elektrotech-hessen.de/ | https://elektrotech-hessen.de/ueber-uns/ | https://elektrotech-hessen.de/kontakt/,found
RohrTec 24: Rohrreinigung Frankfurt 24/7 | 60 Min Notdienst,Frankfurt am Main,(Elektriker OR Gebäudetechnik OR Sicherheitstechnik OR Rohrreinigung) Frankfurt am Main,https://rohrtec-24.de/,rohrtec-24.de,,,fetch_error:URLError
EQ Elektrotechnik: Elektriker Frankfurt,Frankfurt am Main,(Elektriker OR Gebäudetechnik OR Sicherheitstechnik OR Rohrreinigung) Frankfurt am Main,https://eq-elektrotechnik.de/,eq-elektrotechnik.de,info@eq-elektrotechnik.de,https://eq-elektrotechnik.de/ | https://eq-elektrotechnik.de/ueber-uns/ | https://eq-elektrotechnik.de/kontakt/,found
Elektroniker für Energie- und Gebäudetechnik in Frankfurt am Main ...,Frankfurt am Main,(Elektriker OR Gebäudetechnik OR Sicherheitstechnik OR Rohrreinigung) Frankfurt am Main,https://benzconsulting.de/fachkraefte/elektroniker-fuer-energie-und-gebaeudetechnik-in-frankfurt-am-main,benzconsulting.de,info@benzconsulting.de,https://benzconsulting.de/fachkraefte/elektroniker-fuer-energie-und-gebaeudetechnik-in-frankfurt-am-main | https://benzconsulting.de/kontakt | https://benzconsulting.de/ueber-uns,found
Mitglieder - Elektro-Innung Frankfurt,Frankfurt am Main,(Elektriker OR Gebäudetechnik OR Sicherheitstechnik OR Rohrreinigung) Frankfurt am Main,https://www.eiffm.de/mitglieder.html,eiffm.de,,,fetch_error:HTTPError
"Gebäudetechnik in Frankfurt am Main - Bewertungen, Preise & Kosten",Frankfurt am Main,(Elektriker OR Gebäudetechnik OR Sicherheitstechnik OR Rohrreinigung) Frankfurt am Main,https://www.kennstdueinen.de/ergebnis-gebaeudetechnik-in-frankfurt-am-main-703-604.html,kennstdueinen.de,info@kennstdueinen.de; service@winlocal.de,https://www.kennstdueinen.de/ergebnis-gebaeudetechnik-in-frankfurt-am-main-703-604.html | https://www.kennstdueinen.de/kontakt | https://www.kennstdueinen.de/impressum,found
EMA-Elektrotechnik GmbH: Startseite,Frankfurt am Main,(Elektriker OR Gebäudetechnik OR Sicherheitstechnik OR Rohrreinigung) Frankfurt am Main,https://ema-et.de/,ema-et.de,mail@ema-et.de,https://ema-et.de/ | https://ema-et.de/kontakt/ | https://ema-et.de/kontakt/,found
Boss Elektrotechnik - Frankfurt am Main - Elektro Boss ...,Frankfurt am Main,(Elektriker OR Gebäudetechnik OR Sicherheitstechnik OR Rohrreinigung) Frankfurt am Main,https://serviceboss.de/,serviceboss.de,,https://serviceboss.de/ | https://serviceboss.de/index.php?action=impressum&lan=de,no_generic_email
Dussmann in Frankfurt am Main,Frankfurt am Main,(Elektriker OR Gebäudetechnik OR Sicherheitstechnik OR Rohrreinigung) Frankfurt am Main,https://de.dussmann.de/frankfurt-am-main,de.dussmann.de,/germany/header/1173/image-thumb__1173__img-content__sm-head/header-kontakt-mann-mit-smartphone@2x.efe98f73.jpg; /germany/header/1173/image-thumb__1173__img-content__sm-head/header-kontakt-mann-mit-smartphone@2x.efe98f73.webp; /germany/header/1173/image-thumb__1173__img-content__sm-head/header-kontakt-mann-mit-smartphone~-~media--08a5fdd3--query@2x.b5b14066.jpg; /germany/header/1173/image-thumb__1173__img-content__sm-head/header-kontakt-mann-mit-smartphone~-~media--08a5fdd3--query@2x.b5b14066.webp; /germany/header/1173/image-thumb__1173__img-content__sm-head/header-kontakt-mann-mit-smartphone~-~media--4f35149e--query@2x.4e8af8d0.jpg; /germany/header/1173/image-thumb__1173__img-content__sm-head/header-kontakt-mann-mit-smartphone~-~media--4f35149e--query@2x.4e8af8d0.webp; /germany/header/1173/image-thumb__1173__img-content__sm-head/header-kontakt-mann-mit-smartphone~-~media--df42eb16--query@2x.875604a4.jpg; /germany/header/1173/image-thumb__1173__img-content__sm-head/header-kontakt-mann-mit-smartphone~-~media--df42eb16--query@2x.875604a4.webp; dts.info@dussmann.de,https://de.dussmann.de/frankfurt-am-main | https://de.dussmann.de/kontakt | https://de.dussmann.de/ueber-uns,found
Elektrotechniker/in - Handwerkskammer Frankfurt-Rhein-Main,Frankfurt am Main,(Elektriker OR Gebäudetechnik OR Sicherheitstechnik OR Rohrreinigung) Frankfurt am Main,https://www.hwk-rhein-main.de/de/bildung/gewerke/elektrotechniker,hwk-rhein-main.de,/webseiten-assets/hwk-bilder/ansprechpartner/428/image-thumb__428__contactpersonimage/icon_kontakt-maennlich@2x.d7993042.jpg; /webseiten-assets/hwk-bilder/ansprechpartner/428/image-thumb__428__contactpersonimage/icon_kontakt-maennlich@2x.d7993042.webp; /webseiten-assets/hwk-bilder/ansprechpartner/429/image-thumb__429__contactpersonimage/icon_kontakt-weiblich@2x.e9133299.jpg; /webseiten-assets/hwk-bilder/ansprechpartner/429/image-thumb__429__contactpersonimage/icon_kontakt-weiblich@2x.e9133299.webp; info@aufwind-group.de; info@hwk-rhein-main.de; service@hwk-rhein-main.de,https://www.hwk-rhein-main.de/de/bildung/gewerke/elektrotechniker | https://www.hwk-rhein-main.de/de/kontaktformular | https://www.hwk-rhein-main.de/de/impressum,found
E&H-Technik GmbH | Wir sind Ihr Patner rundum für Energie.,Frankfurt am Main,(Elektriker OR Gebäudetechnik OR Sicherheitstechnik OR Rohrreinigung) Frankfurt am Main,https://eundh-technik.de/,eundh-technik.de,info@eundh-technik.de,https://eundh-technik.de/ | https://eundh-technik.de/index.php/impressum/,found
Elektro Hofmann GmbH - Frankfurt a.M. - Elektro Elektro Hofmann ...,Frankfurt am Main,(Elektriker OR Gebäudetechnik OR Sicherheitstechnik OR Rohrreinigung) Frankfurt am Main,https://www.elektro-hofmann-frankfurt.de/,elektro-hofmann-frankfurt.de,info@elektro-hofmann-gmbh.de; service@hwk-rhein-main.de; test-mail@www.elektro-hofmann-frankfurt.de,https://www.elektro-hofmann-frankfurt.de/ | https://www.elektro-hofmann-frankfurt.de/index.php?action=impressum&fon=fsn,found
Notdienst & Handwerk in Frankfurt am Main - fabeus,Frankfurt am Main,(Elektriker OR Gebäudetechnik OR Sicherheitstechnik OR Rohrreinigung) Frankfurt am Main,https://fabeus.de/frankfurt,fabeus.de,,https://fabeus.de/frankfurt | https://fabeus.de/ueber-uns | https://fabeus.de/impressum,no_generic_email
Seibel365 Frankfurt ❤️ Gebäudetechnik für Hausverwaltungen,Frankfurt am Main,(Elektriker OR Gebäudetechnik OR Sicherheitstechnik OR Rohrreinigung) Frankfurt am Main,https://seibel-frankfurt.de/,seibel-frankfurt.de,service@gmbh-seibel.de,https://seibel-frankfurt.de/ | https://seibel-frankfurt.de/ueber-uns/ | https://seibel-frankfurt.de/impressum/,found
Frankfurt am Main: Elektroinstallation - MRC Services GmbH,Frankfurt am Main,(Elektriker OR Gebäudetechnik OR Sicherheitstechnik OR Rohrreinigung) Frankfurt am Main,https://www.mrc-services.de/unsere-leistungen/elektroinstallation.html,mrc-services.de,,https://www.mrc-services.de/unsere-leistungen/elektroinstallation.html | https://www.mrc-services.de/wir-ueber-uns.html | https://www.mrc-services.de/wir-ueber-uns/e-masters.html,no_generic_email
Gebäudeautomation - TechDesign,Frankfurt am Main,(Elektriker OR Gebäudetechnik OR Sicherheitstechnik OR Rohrreinigung) Frankfurt am Main,https://techdesignffm.de/kompetenzen/gebaeudeautomation,techdesignffm.de,,https://techdesignffm.de/kompetenzen/gebaeudeautomation | https://techdesignffm.de/kontakt | https://techdesignffm.de/impressum,no_generic_email
Elektro Hofmann GmbH - Frankfurt a.M. - Elektro Elektro Hofmann ...,Frankfurt am Main,(Elektriker OR Gebäudetechnik OR Sicherheitstechnik OR Rohrreinigung) Frankfurt am Main,https://hofmann-frankfurt.com/,hofmann-frankfurt.com,info@elektro-hofmann-gmbh.de; service@hwk-rhein-main.de; test-mail@hofmann-frankfurt.com,https://hofmann-frankfurt.com/ | https://hofmann-frankfurt.com/index.php?action=impressum&fon=fsn,found
Sicherheitstechnik - Elektroanlagen Bär Frankfurt,Frankfurt am Main,(Elektriker OR Gebäudetechnik OR Sicherheitstechnik OR Rohrreinigung) Frankfurt am Main,https://elektro-anlagen-baer.com/elektrotechnik/sicherheitstechnik/,elektro-anlagen-baer.com,info@elektro-anlagen-baer.com,https://elektro-anlagen-baer.com/elektrotechnik/sicherheitstechnik/ | https://elektro-anlagen-baer.com/ueber-uns/ | https://elektro-anlagen-baer.com/kontakt/,found
"Kovacs Gebäudetechnik – Heizung, Kälte & Sanitär Frankfurt",Frankfurt am Main,(Elektriker OR Gebäudetechnik OR Sicherheitstechnik OR Rohrreinigung) Frankfurt am Main,https://kovacs-gebaeudetechnik-gmbh.de/,kovacs-gebaeudetechnik-gmbh.de,info@kovacs-gebaeudetechnik-gmbh.de,https://kovacs-gebaeudetechnik-gmbh.de/ | https://kovacs-gebaeudetechnik-gmbh.de/uber-uns/ | https://kovacs-gebaeudetechnik-gmbh.de/kontakt/,found
ska-klima-gebaeudetechnik.de: Startseite,Frankfurt am Main,(Elektriker OR Gebäudetechnik OR Sicherheitstechnik OR Rohrreinigung) Frankfurt am Main,https://ska-klima-gebaeudetechnik.de/,ska-klima-gebaeudetechnik.de,info@ska-service.com,https://ska-klima-gebaeudetechnik.de/ | https://ska-klima-gebaeudetechnik.de/kontakt/ | https://ska-klima-gebaeudetechnik.de/impressum/,found
Dreis Elektrotechnik - Ihr Meisterbetrieb aus Frankfurt am Main,Frankfurt am Main,(Elektriker OR Gebäudetechnik OR Sicherheitstechnik OR Rohrreinigung) Frankfurt am Main,https://www.dreis-elektrotechnik.de/,dreis-elektrotechnik.de,info@dreis-elektrotechnik.de; mail@universalschlichtungsstelle.de,https://www.dreis-elektrotechnik.de/ | https://www.dreis-elektrotechnik.de/wir-ueber-uns | https://www.dreis-elektrotechnik.de/kontakt,found
Ausbildung - Elektrotechnik Witte,Frankfurt am Main,(Elektriker OR Gebäudetechnik OR Sicherheitstechnik OR Rohrreinigung) Frankfurt am Main,https://www.elektrotechnikwitte.de/karriere/ausbildung,elektrotechnikwitte.de,,https://www.elektrotechnikwitte.de/karriere/ausbildung | https://www.elektrotechnikwitte.de/wir-ueber-uns | https://www.elektrotechnikwitte.de/kontakt/kontaktformular,no_generic_email
Roberger Elektro & IT-Technologie GmbH Frankfurt,Frankfurt am Main,(Elektriker OR Gebäudetechnik OR Sicherheitstechnik OR Rohrreinigung) Frankfurt am Main,https://www.elektro-roberger.de/,elektro-roberger.de,info@elektro-roberger.de,https://www.elektro-roberger.de/ | https://www.elektro-roberger.de/wir-ueber-uns | https://www.elektro-roberger.de/kontakt/kontaktformular,found
Heizung-Sanitär | Haufler Heizung-Sanitär Stuttgart,Stuttgart,(Sanitärinstallateur OR Heizungsinstallateur OR Kältetechnik) Stuttgart,https://www.haufler-stuttgart.de/,haufler-stuttgart.de,info@schaefer-roth-bestatungen.de; mail@haufler-stuttgart.de,https://www.haufler-stuttgart.de/ | https://www.haufler-stuttgart.de/kontakt | https://www.haufler-stuttgart.de/impressum,found
Gebäudeautomation - ELEKTRO KLEIN AG,Frankfurt am Main,(Elektriker OR Gebäudetechnik OR Sicherheitstechnik OR Rohrreinigung) Frankfurt am Main,https://www.e-k-ag.de/gebaeudeautomation/,e-k-ag.de,info@e-k-ag.de; info@hwk-wiesbaden.de,https://www.e-k-ag.de/gebaeudeautomation/ | https://www.e-k-ag.de/kontakt/ | https://www.e-k-ag.de/impressum/,found
Niederlassung Stuttgart | REISS Kälte-Klima GmbH,Stuttgart,(Sanitärinstallateur OR Heizungsinstallateur OR Kältetechnik) Stuttgart,https://www.kaelte-gruppe.eu/de/standorte/stuttgart,kaelte-gruppe.eu,info@kaeltereiss.de; technik.stuttgart@kaeltereiss.de; verkauf.stuttgart@kaeltereiss.de,https://www.kaelte-gruppe.eu/de/standorte/stuttgart | https://www.kaelte-gruppe.eu/de/kontakt | https://www.kaelte-gruppe.eu/de/impressum,found
Kälte- und Klimatechnik für Privat und Gewerbe in Stuttgart,Stuttgart,(Sanitärinstallateur OR Heizungsinstallateur OR Kältetechnik) Stuttgart,https://www.eissele-klima.de/,eissele-klima.de,info@eissele-klima.de,https://www.eissele-klima.de/ | https://www.eissele-klima.de/ueber-uns | https://www.eissele-klima.de/kontakt,found
"Bäder, Heizung, Bleche, Klempner, Sanitär, Flaschner, Installateur ...",Stuttgart,(Sanitärinstallateur OR Heizungsinstallateur OR Kältetechnik) Stuttgart,https://raff-sanitaer.de/,raff-sanitaer.de,kontakt@raff-sanitaer.de,https://raff-sanitaer.de/ | https://raff-sanitaer.de/ueber-uns.html | https://raff-sanitaer.de/kontakt.html,found
Ulrich Sanitär – Sanitär und Heizungstechnik in Stuttgart,Stuttgart,(Sanitärinstallateur OR Heizungsinstallateur OR Kältetechnik) Stuttgart,https://www.ulrich-sanitaer.de/,ulrich-sanitaer.de,info@ulrich-sanitaer.de,https://www.ulrich-sanitaer.de/ | https://www.ulrich-sanitaer.de/kontakt/ | https://www.ulrich-sanitaer.de/ueber-uns/,found
Haustechnik - elektro-ranz.de,Frankfurt am Main,(Elektriker OR Gebäudetechnik OR Sicherheitstechnik OR Rohrreinigung) Frankfurt am Main,https://www.elektro-ranz.de/leistungen/haustechnik,elektro-ranz.de,info@elektro-ranz.de,https://www.elektro-ranz.de/leistungen/haustechnik | https://www.elektro-ranz.de/wir-ueber-uns | https://www.elektro-ranz.de/wir-ueber-uns/team,found
Fugenlose Badsanierung In Stuttgart & Umgebung - Fachgerecht ...,Stuttgart,(Sanitärinstallateur OR Heizungsinstallateur OR Kältetechnik) Stuttgart,https://sd-sanitar.de/,sd-sanitar.de,info@essdi.de,https://sd-sanitar.de/ | https://sd-sanitar.de/kontakt.html | https://sd-sanitar.de/impressum.html,found
Gauggel GmbH - Stuttgart,Stuttgart,(Sanitärinstallateur OR Heizungsinstallateur OR Kältetechnik) Stuttgart,https://www.gauggel-sanitaer.de/,gauggel-sanitaer.de,,https://www.gauggel-sanitaer.de/ | https://www.gauggel-sanitaer.de/ueber-uns/gauggel-persoenlich | https://www.gauggel-sanitaer.de/ueber-uns/gauggel-inside,no_generic_email
Fischerstuttgart: Home,Stuttgart,(Sanitärinstallateur OR Heizungsinstallateur OR Kältetechnik) Stuttgart,https://www.fischerstuttgart.de/,fischerstuttgart.de,info@fischerstuttgart.de,https://www.fischerstuttgart.de/ | https://www.fischerstuttgart.de/ueber-uns.html | https://www.fischerstuttgart.de/impressum.html,found
Startseite Nick | Sanitär Nick GmbH Stuttgart,Stuttgart,(Sanitärinstallateur OR Heizungsinstallateur OR Kältetechnik) Stuttgart,https://sanitaer-nick.de/,sanitaer-nick.de,info@sanitaer-nick.de,https://sanitaer-nick.de/ | https://sanitaer-nick.de/impressum/ | https://sanitaer-nick.de/ueber-uns/,found
Fachbetrieb für Klima & Wärmepumpen Stuttgart - Saturn GmbH,Stuttgart,(Sanitärinstallateur OR Heizungsinstallateur OR Kältetechnik) Stuttgart,https://saturn-klima.de/,saturn-klima.de,info@saturn-klima.de,https://saturn-klima.de/ | https://saturn-klima.de/ueber-uns/ | https://saturn-klima.de/kontakt/,found
Wir sind für Sie da. – bad & heizung in Stuttgart,Stuttgart,(Sanitärinstallateur OR Heizungsinstallateur OR Kältetechnik) Stuttgart,https://www.badundheizung.de/bauer/,badundheizung.de,info@badbauer.de,https://www.badundheizung.de/bauer/ | https://www.badundheizung.de/bauer/ueber-uns/ | https://www.badundheizung.de/bauer/ueber-uns/regionale-partner/,found
Hessel u. Sohn GmbH | Gebäudetechnik und Service,Stuttgart,(Sanitärinstallateur OR Heizungsinstallateur OR Kältetechnik) Stuttgart,https://www.hessel-und-sohn.de/,hessel-und-sohn.de,,https://www.hessel-und-sohn.de/ | https://www.hessel-und-sohn.de/kontakt | https://www.hessel-und-sohn.de/kontakt/kontaktformular,no_generic_email
Brodbeck GmbH: Startseite,Stuttgart,(Sanitärinstallateur OR Heizungsinstallateur OR Kältetechnik) Stuttgart,https://stuttgart-sanitaer.de/,stuttgart-sanitaer.de,info@sanitaer-brodbeck.com,https://stuttgart-sanitaer.de/ | https://stuttgart-sanitaer.de/kontakt/ | https://stuttgart-sanitaer.de/ueber-uns/,found
Andreas Uhl Sanitär · Heizung & Bad in Stuttgart,Stuttgart,(Sanitärinstallateur OR Heizungsinstallateur OR Kältetechnik) Stuttgart,https://andreasuhl-sanitaer.de/,andreasuhl-sanitaer.de,info@agentur-id.de; info@andreasuhl-sanitaer.de; info@cituro.com; info@hwk-stuttgart.de; info@immersight.de; info@klimarando.de; info@meister1.de; info@viessmann.com,https://andreasuhl-sanitaer.de/ | https://andreasuhl-sanitaer.de/ueber-uns | https://andreasuhl-sanitaer.de/ueber-uns/unternehmen,found
"Bauer Haustechnik GmbH Stuttgart | Sanitär, Heizung ...",Stuttgart,(Sanitärinstallateur OR Heizungsinstallateur OR Kältetechnik) Stuttgart,https://www.bauerhaustechnik.de/,bauerhaustechnik.de,info@bauerhaustechnik.de,https://bauerhaustechnik.de/,found
"Albrecht Sanitär Stuttgart | Bad, Heizung, Sanitär, Kundendienst",Stuttgart,(Sanitärinstallateur OR Heizungsinstallateur OR Kältetechnik) Stuttgart,https://albrechtsanitaer.de/,albrechtsanitaer.de,info@albrechtsanitaer.de,https://albrechtsanitaer.de/ | https://albrechtsanitaer.de/kontakt/index.html | https://albrechtsanitaer.de/footer/impressum/index.html,found
Klimaanlagen für zu Hause und fürs Büro im Raum Ludwigsburg ...,Stuttgart,(Sanitärinstallateur OR Heizungsinstallateur OR Kältetechnik) Stuttgart,https://www.derklimafachmann.de/,derklimafachmann.de,info@derklimafachmann.de; mail@kaelte-eckert.de,https://www.derklimafachmann.de/ | https://www.derklimafachmann.de/kontakt | https://www.derklimafachmann.de/impressum,found
"und Kälteanlagen, Kältetechnik & Klimaanlagen: KälteSchmid Klima",Stuttgart,(Sanitärinstallateur OR Heizungsinstallateur OR Kältetechnik) Stuttgart,https://klimaanlagen-stuttgart.de/,klimaanlagen-stuttgart.de,info@klimaanlagen-stuttgart.de,https://klimaanlagen-stuttgart.de/ | https://klimaanlagen-stuttgart.de/ueber-uns/ | https://klimaanlagen-stuttgart.de/kontakt/,found
Split-Klimaanlage - Stuttgart - Kaiser Kälte- und Klimatechnik GmbH,Stuttgart,(Sanitärinstallateur OR Heizungsinstallateur OR Kältetechnik) Stuttgart,https://kaiserkaelteklima.de/stuttgart/,kaiserkaelteklima.de,kontakt@kaiserkaelteklima.de,https://kaiserkaelteklima.de/stuttgart/ | https://kaiserkaelteklima.de/ueber-uns/ | https://kaiserkaelteklima.de/kontakt/,found
E. Luippold GmbH - Ihr Partner für Sanitär & Heizung in Stuttgart,Stuttgart,(Sanitärinstallateur OR Heizungsinstallateur OR Kältetechnik) Stuttgart,https://www.luippold-sanitaer.de/,luippold-sanitaer.de,info@luippold-sanitaer.de,https://www.luippold-sanitaer.de/ | https://www.luippold-sanitaer.de/kontakt.php | https://www.luippold-sanitaer.de/impressum.php,found
GENSMANTEL | Sanitär Meisterbetrieb Stuttgart,Stuttgart,(Sanitärinstallateur OR Heizungsinstallateur OR Kältetechnik) Stuttgart,https://bausanierung-stuttgart.de/,bausanierung-stuttgart.de,,https://bausanierung-stuttgart.de/,no_generic_email
Wärmepumpe in Stuttgart und in der Nähe auf der Karte finden,Stuttgart,(Sanitärinstallateur OR Heizungsinstallateur OR Kältetechnik) Stuttgart,https://dezentralo.com/w%C3%A4rmepumpe/stuttgart,dezentralo.com,info@dezentralo.com,https://dezentralo.com/w%C3%A4rmepumpe/stuttgart | https://dezentralo.com/impressum | https://dezentralo.com/kontaktstelle-nach-dsa,found
Haussmann Heizungsbau: Heizungsbau - Haustechnik Stuttgart,Stuttgart,(Sanitärinstallateur OR Heizungsinstallateur OR Kältetechnik) Stuttgart,https://www.haussmann-heizungsbau.de/,haussmann-heizungsbau.de,,https://www.haussmann-heizungsbau.de/,no_generic_email
Burkhardt GmbH: Startseite,Stuttgart,(Sanitärinstallateur OR Heizungsinstallateur OR Kältetechnik) Stuttgart,https://burkhardt-haustechnik.de/,burkhardt-haustechnik.de,info@burkhardt-haustechnik.de; info@elektrotechnik-burkhardt.de,https://burkhardt-haustechnik.de/ | https://burkhardt-haustechnik.de/impressum/,found
"Sanitär, Heizung, Klima in Stuttgart – Sanitär, Heizung, Klima",Stuttgart,(Sanitärinstallateur OR Heizungsinstallateur OR Kältetechnik) Stuttgart,https://ks-sanitaer-stuttgart.de/,ks-sanitaer-stuttgart.de,info@ks-sanitaer-stuttgart.de,https://ks-sanitaer-stuttgart.de/ | https://ks-sanitaer-stuttgart.de/kontakt/ | https://ks-sanitaer-stuttgart.de/impressum/,found
"Keller GmbH in Stuttgart - Heizung & Solar, Badsanierung, Klima ...",Stuttgart,(Sanitärinstallateur OR Heizungsinstallateur OR Kältetechnik) Stuttgart,https://kellergmbh.de/,kellergmbh.de,info@kellergmbh.de,https://kellergmbh.de/ | https://kellergmbh.de/uber-uns/ | https://kellergmbh.de/uber-uns/news-feed/,found
"LISCHKE Haustechnik GmbH, Start, 70197 Stuttgart",Stuttgart,(Sanitärinstallateur OR Heizungsinstallateur OR Kältetechnik) Stuttgart,https://www.lischke-haustechnik.de/,lischke-haustechnik.de,info@lischke-haustechnik.de; service@w4pro.de,https://www.lischke-haustechnik.de/ | https://www.lischke-haustechnik.de/?ueber-uns&menu=806,found
ALDENTE Kälte - Klima GmbH: Home,Stuttgart,(Sanitärinstallateur OR Heizungsinstallateur OR Kältetechnik) Stuttgart,https://www.aldente-kk.de/,aldente-kk.de,info@aldente-kk.de,https://www.aldente-kk.de/ | https://www.aldente-kk.de/kontakt/ | https://www.aldente-kk.de/kontakt/,found
Andreas Lutz GmbH,Stuttgart,(Sanitärinstallateur OR Heizungsinstallateur OR Kältetechnik) Stuttgart,https://al-sanitaer.de/,al-sanitaer.de,,https://al-sanitaer.de/ | https://al-sanitaer.de/index.php/kontakt | https://al-sanitaer.de/index.php/kontakt/impressum,no_generic_email
mk-stuttgart.de,Stuttgart,(Sanitärinstallateur OR Heizungsinstallateur OR Kältetechnik) Stuttgart,https://www.mk-stuttgart.de/,mk-stuttgart.de,,https://www.mk-stuttgart.de/ | https://www.mk-stuttgart.de/uber-uns/ | https://www.mk-stuttgart.de/kontakt/,no_generic_email
"Merkle Sanitär GmbH - Ihr Partner für Sanitär, Bad und Heizung",Stuttgart,(Sanitärinstallateur OR Heizungsinstallateur OR Kältetechnik) Stuttgart,https://www.merkle-sanitaer.de/,merkle-sanitaer.de,info@merkle-sanitaer.de,https://www.merkle-sanitaer.de/ | https://www.merkle-sanitaer.de/ueber-uns/ | https://www.merkle-sanitaer.de/kontakt/,found
Heizungsbauer | Stuttgart - Sanitär Heizung Scholz,Stuttgart,(Sanitärinstallateur OR Heizungsinstallateur OR Kältetechnik) Stuttgart,https://www.s-h-scholz.de/heizung,s-h-scholz.de,info@s-h-scholz.de,https://www.s-h-scholz.de/heizung | https://www.s-h-scholz.de/Kontakt | https://www.s-h-scholz.de/impressum,found
https://heizungssanitaerfachbetrieb.de/terminanfra...,Stuttgart,(Sanitärinstallateur OR Heizungsinstallateur OR Kältetechnik) Stuttgart,https://heizungssanitaerfachbetrieb.de/terminanfrage-2/,heizungssanitaerfachbetrieb.de,,,fetch_error:HTTPError
Schmitt GmbH – Sanitär · Heizung · Klima · Fellbach,Stuttgart,(Sanitärinstallateur OR Heizungsinstallateur OR Kältetechnik) Stuttgart,https://schmitt-waerme.de/,schmitt-waerme.de,info@schmitt-waerme.de,https://schmitt-waerme.de/ | https://schmitt-waerme.de/ueber-uns | https://schmitt-waerme.de/kontakt,found
EGELER GmbH – Ihr SHK Fachbetrieb aus Stuttgart-Vaihingen,Stuttgart,(Sanitärinstallateur OR Heizungsinstallateur OR Kältetechnik) Stuttgart,https://egeler-bad.de/,egeler-bad.de,info@egeler-bad.de,https://egeler-bad.de/ | https://egeler-bad.de/ueber-uns/ | https://egeler-bad.de/kontakt/,found
https://stuttgart.branchen-info.net/fp_2839124.php,Stuttgart,(Sanitärinstallateur OR Heizungsinstallateur OR Kältetechnik) Stuttgart,https://stuttgart.branchen-info.net/fp_2839124.php,stuttgart.branchen-info.net,,https://stuttgart.branchen-info.net/consulting-klima-und-kaelte-gmbh/2839124/,no_generic_email
Klima- und Kältetechnik Stuttgart - Stiel Kälte + Klima GmbH,Stuttgart,(Sanitärinstallateur OR Heizungsinstallateur OR Kältetechnik) Stuttgart,https://kaelte-stiel.de/klima-und-kaeltetechnik-stuttgart/,kaelte-stiel.de,info@kaelte-stiel.de,https://kaelte-stiel.de/klima-und-kaeltetechnik-stuttgart/ | https://kaelte-stiel.de/unternehmen/wir-ueber-uns/ | https://kaelte-stiel.de/kontakt/,found
Ingenieurbueros-fuer-heizung-lueftung-klima Stuttgart in der Nähe,Stuttgart,(Sanitärinstallateur OR Heizungsinstallateur OR Kältetechnik) Stuttgart,https://www.wlw.at/de/suche/ingenieurbueros-fuer-heizung-lueftung-klima/stuttgart,wlw.at,info@visable.com,https://www.wlw.at/de/suche/ingenieurbueros-fuer-heizung-lueftung-klima/stuttgart | https://www.wlw.at/de/unternehmen/rechtliche-hinweise/impressum,found
Elektriker Stuttgart | Elektrotechnik Seidel | Meisterbetrie,Stuttgart,(Elektriker OR Gebäudetechnik OR Sicherheitstechnik OR Rohrreinigung) Stuttgart,https://elektrotechnik-seidel.de/,elektrotechnik-seidel.de,info@elektrotechnik-seidel.de,https://elektrotechnik-seidel.de/,found
Nadler Klimatechnik GmbH,Stuttgart,(Sanitärinstallateur OR Heizungsinstallateur OR Kältetechnik) Stuttgart,https://nadler-klimatechnik.de/,nadler-klimatechnik.de,info@nadler-klimatechnik.de,https://nadler-klimatechnik.de/ | https://nadler-klimatechnik.de/kontakt/ | https://nadler-klimatechnik.de/impressum/,found
Ihre Klimatechnik im Raum Stuttgart - Fröschle + Mäntele GmbH,Stuttgart,(Sanitärinstallateur OR Heizungsinstallateur OR Kältetechnik) Stuttgart,https://www.froeschle-maentele.de/leistungen/klimatisierung/,froeschle-maentele.de,info@froeschle-maentele.de; info@media-sued.de,https://www.froeschle-maentele.de/leistungen/klimatisierung/ | https://www.froeschle-maentele.de/ueber-uns/ | https://www.froeschle-maentele.de/kontakt/,found
"SANTEC GmbH & Co.KG | Bad, Heizung und Haustechnik",Stuttgart,(Sanitärinstallateur OR Heizungsinstallateur OR Kältetechnik) Stuttgart,https://santechnik.de/,santechnik.de,info@santechnik.de,https://santechnik.de/ | https://santechnik.de/kontaktformular/ | https://santechnik.de/impressum/,found
Braun Elektrotechnik GmbH in Stuttgart - Elektroinstallation und mehr,Stuttgart,(Elektriker OR Gebäudetechnik OR Sicherheitstechnik OR Rohrreinigung) Stuttgart,https://www.braunelektrotechnik.com/,braunelektrotechnik.com,info@braunelektrotechnik.de,https://www.braunelektrotechnik.com/unternehmen | https://www.braunelektrotechnik.com/kontakt | https://www.braunelektrotechnik.com/impressum,found
Bergmann Elektrotechnik GmbH: Elektroinstallateur in Stuttgart,Stuttgart,(Elektriker OR Gebäudetechnik OR Sicherheitstechnik OR Rohrreinigung) Stuttgart,https://www.elektrostuttgart.de/,elektrostuttgart.de,,https://www.elektrostuttgart.de/ | https://www.elektrostuttgart.de/ueber-uns | https://www.elektrostuttgart.de/kontakt/,no_generic_email
"Elektrotechnische Lösungen, Mitarbeitende, Elektriker Stuttgart",Stuttgart,(Elektriker OR Gebäudetechnik OR Sicherheitstechnik OR Rohrreinigung) Stuttgart,https://www.buerkle-schoeck.de/,buerkle-schoeck.de,info@buerkle-schoeck.de,https://www.buerkle-schoeck.de/ | https://www.buerkle-schoeck.de/kontakt/ | https://www.buerkle-schoeck.de/ueber-uns/,found
Sachverständige der Innung für Elektro,Stuttgart,(Elektriker OR Gebäudetechnik OR Sicherheitstechnik OR Rohrreinigung) Stuttgart,https://www.eh-stuttgart.de/Kontakt/Sachverst%C3%A4ndige.html,eh-stuttgart.de,,https://www.eh-stuttgart.de/Kontakt/Sachverst%C3%A4ndige.html | https://www.eh-stuttgart.de/Kontakt/Sachverst%C3%A4ndige.print,no_generic_email
Gebäudeautomation Smart Building Gewerbe Elektriker Stuttgart,Stuttgart,(Elektriker OR Gebäudetechnik OR Sicherheitstechnik OR Rohrreinigung) Stuttgart,https://www.buerkle-schoeck-elektro.de/gewerbekunden/gebaeudeautomation-smart-building-gewerbe-elektriker-stuttgart/,buerkle-schoeck-elektro.de,,https://www.buerkle-schoeck-elektro.de/gewerbekunden/gebaeudeautomation-smart-building-gewerbe-elektriker-stuttgart/ | https://www.buerkle-schoeck-elektro.de/buerkle-schoeck-elektriker-stuttgart-kontakt/ | https://www.buerkle-schoeck-elektro.de/ueber-uns-buerkle-schoeck/,no_generic_email
Job Servicetechniker /-in Stuttgart,Stuttgart,(Elektriker OR Gebäudetechnik OR Sicherheitstechnik OR Rohrreinigung) Stuttgart,https://www.bsafe-sicherheit.de/unternehmen/karriere/job-servicetechniker-in/,bsafe-sicherheit.de,,,fetch_error:HTTPError
Ausbildung zum Elektroniker (m/w/d) für Energie- und Gebäudetechnik,Stuttgart,(Elektriker OR Gebäudetechnik OR Sicherheitstechnik OR Rohrreinigung) Stuttgart,https://scharr.de/karriere/ausbildung-studium/gewerbliche-ausbildung/elektroniker-energie,scharr.de,,https://scharr.de/karriere/ausbildung-studium/gewerbliche-ausbildung/elektroniker-energie | https://scharr.de/unternehmensgruppe/ueber-uns | https://scharr.de/karriere/kontakt,no_generic_email
Elektroniker für Energie- und Gebäudetechnik (m/w/d) - Elektro Sever,Stuttgart,(Elektriker OR Gebäudetechnik OR Sicherheitstechnik OR Rohrreinigung) Stuttgart,https://www.elektro-sever.de/jobs/jobangebot/elektroniker-fuer-energie-und-gebaeudetechnik,elektro-sever.de,info@elektro-sever.de; kundendienst@elektro-sever.de,https://www.elektro-sever.de/jobs/jobangebot/elektroniker-fuer-energie-und-gebaeudetechnik | https://www.elektro-sever.de/kontakt | https://www.elektro-sever.de/impressum,found
Elektriker Stuttgart | Elektroinstallationen und Smart Home,Stuttgart,(Elektriker OR Gebäudetechnik OR Sicherheitstechnik OR Rohrreinigung) Stuttgart,https://www.elektro-bubeck.de/,elektro-bubeck.de,,https://www.elektro-bubeck.de/ | https://www.elektro-bubeck.de/kontakt/ | https://www.elektro-bubeck.de/impressum,no_generic_email
Elektro-Huiss GmbH - Elektrotechnik aus Stuttgart,Stuttgart,(Elektriker OR Gebäudetechnik OR Sicherheitstechnik OR Rohrreinigung) Stuttgart,https://www.elektro-huiss.de/,elektro-huiss.de,info@eb-pp.de; info@ebenergie.de; info@ebgruppe.com; info@ebic.de; info@elektro-breitling.de; info@elektro-huiss.de; info@elscherer.de; info@eltigra.de; info@schneider-gebaeudetechnik.de; info@sectus.de; info@viibe.de,https://www.elektro-huiss.de/ | https://www.elektro-huiss.de/kontakt/ | https://www.elektro-huiss.de/impressum/,found
und Heizungstechnik für den/die Elektrotechnik-Meister/in nach §7a ...,Stuttgart,(Elektriker OR Gebäudetechnik OR Sicherheitstechnik OR Rohrreinigung) Stuttgart,https://www.etz-stuttgart.de/Weiterbildung/Erneuerbare+Energien_+Geb%C3%A4udetechnik/Sanit%C3%A4r_+und+Heizungstechnik+f%C3%BCr+den_die+Elektrotechnik_Meister_in+nach+%C2%A77a+HwO.html,etz-stuttgart.de,,https://www.etz-stuttgart.de/Weiterbildung/Erneuerbare+Energien_+Geb%C3%A4udetechnik/Sanit%C3%A4r_+und+Heizungstechnik+f%C3%BCr+den_die+Elektrotechnik_Meister_in+nach+%C2%A77a+HwO.html | https://www.etz-stuttgart.de/kontaktformular.html,no_generic_email
Elektroniker Gebäudetechnik (m/w/d) / Stuttgart-Untertürkheim,Stuttgart,(Elektriker OR Gebäudetechnik OR Sicherheitstechnik OR Rohrreinigung) Stuttgart,https://de.trenkwalder.com/en-DE/jobs/a0tbI00000fZUZtQAO,de.trenkwalder.com,mail@address.com,https://de.trenkwalder.com/en-DE/jobs/a0tbI00000fZUZtQAO | https://de.trenkwalder.com/en-DE/contact | https://de.trenkwalder.com/en-DE/about-us/downloads,found
Gebäudetechnik - Juric-Elektrotechnik in Stuttgart,Stuttgart,(Elektriker OR Gebäudetechnik OR Sicherheitstechnik OR Rohrreinigung) Stuttgart,https://juric-elektrotechnik.de/leistungen/gebaeudetechnik/,juric-elektrotechnik.de,info@juric-elektrotechnik.de,https://juric-elektrotechnik.de/leistungen/gebaeudetechnik/ | https://juric-elektrotechnik.de/ueber-uns/ | https://juric-elektrotechnik.de/kontakt/,found
Ebner Gebäudetechnik GmbH & Co. KG - Elektrotechnik,Stuttgart,(Elektriker OR Gebäudetechnik OR Sicherheitstechnik OR Rohrreinigung) Stuttgart,https://ebner-gebaeudetechnik.de/,ebner-gebaeudetechnik.de,info@ebner-gebaeudetechnik.de,https://ebner-gebaeudetechnik.de/ | https://ebner-gebaeudetechnik.de/ueber-uns/ | https://ebner-gebaeudetechnik.de/kontakt/,found
Branchenverzeichnis: Elektrotechnik in Stuttgart - Handwerkernet,Stuttgart,(Elektriker OR Gebäudetechnik OR Sicherheitstechnik OR Rohrreinigung) Stuttgart,https://handwerkernet.de/orte/s/stuttgart/elektrohandwerk_001.html,handwerkernet.de,,https://handwerkernet.de/orte/s/stuttgart/elektrohandwerk_001.html | https://handwerkernet.de/impressum.html,no_generic_email
Energie- und Gebäudetechnik – Moderne - Elektro Fischer GmbH,Stuttgart,(Elektriker OR Gebäudetechnik OR Sicherheitstechnik OR Rohrreinigung) Stuttgart,https://www.elektrofischer.eu/leistungen/energie-gebaudetechnik,elektrofischer.eu,info@elektrofischer.eu,https://www.elektrofischer.eu/leistungen/energie-gebaudetechnik | https://www.elektrofischer.eu/unternehmen/ueber-uns | https://www.elektrofischer.eu/impressum,found
Elektriker in Stuttgart,Stuttgart,(Elektriker OR Gebäudetechnik OR Sicherheitstechnik OR Rohrreinigung) Stuttgart,https://elektro-lauxmann.de/,elektro-lauxmann.de,info@elektro-lauxmann.de,https://elektro-lauxmann.de/ | https://elektro-lauxmann.de/kontakt-elektro-lauxmann-gmbh/ | https://elektro-lauxmann.de/kontakt-elektro-lauxmann-gmbh/impressum-elektro-lauxmann-gmbh/,found
Böhle Elektrotechnik - Stuttgart,Stuttgart,(Elektriker OR Gebäudetechnik OR Sicherheitstechnik OR Rohrreinigung) Stuttgart,https://www.boehle-elektrotechnik.eu/,boehle-elektrotechnik.eu,,https://www.boehle-elektrotechnik.eu/ | https://www.boehle-elektrotechnik.eu/kontakt.php | https://www.boehle-elektrotechnik.eu/impressum.php,no_generic_email
Schreiber Elektrotechnik | Meisterbetrieb in Stuttgart,Stuttgart,(Elektriker OR Gebäudetechnik OR Sicherheitstechnik OR Rohrreinigung) Stuttgart,https://schreiber-elektro-technik.de/,schreiber-elektro-technik.de,kontakt@schreiber-elektro-technik.de,https://schreiber-elektro-technik.de/ | https://schreiber-elektro-technik.de/impressum/,found
MC Elektrotechnik GmbH - e-masters - Stuttgart,Stuttgart,(Elektriker OR Gebäudetechnik OR Sicherheitstechnik OR Rohrreinigung) Stuttgart,https://www.mc-et.de/,mc-et.de,,https://www.mc-et.de/ | https://www.mc-et.de/wir-ueber-uns.html | https://www.mc-et.de/wir-ueber-uns/partnerschaften.html,no_generic_email
Elektroniker für Energie- und Gebäudetechnik (m/w/d),Stuttgart,(Elektriker OR Gebäudetechnik OR Sicherheitstechnik OR Rohrreinigung) Stuttgart,https://www.scherer-elektrotechnik.de/karriere/karriere/elektroniker,scherer-elektrotechnik.de,info@scherer-elektrotechnik.de,https://www.scherer-elektrotechnik.de/karriere/karriere/elektroniker | https://www.scherer-elektrotechnik.de/wir-ueber-uns | https://www.scherer-elektrotechnik.de/wir-ueber-uns/zertifikate,found
Sicherheitstechnik Elektro in Stuttgart & Umgebung,Stuttgart,(Elektriker OR Gebäudetechnik OR Sicherheitstechnik OR Rohrreinigung) Stuttgart,https://elektrikerharke.de/leistungen/sicherheitstechnik,elektrikerharke.de,,https://elektrikerharke.de/leistungen/sicherheitstechnik | https://elektrikerharke.de/kontakt | https://elektrikerharke.de/impressum,no_generic_email
Elektroniker - Elektro Lang GmbH,Stuttgart,(Elektriker OR Gebäudetechnik OR Sicherheitstechnik OR Rohrreinigung) Stuttgart,https://www.elektro-lang-gmbh.de/karriere/elektroniker,elektro-lang-gmbh.de,info@elektro-lang-gmbh.de,https://www.elektro-lang-gmbh.de/karriere/elektroniker | https://www.elektro-lang-gmbh.de/wir-ueber-uns | https://www.elektro-lang-gmbh.de/wir-ueber-uns/team,found
Sanitär- & Elektroanlagen - ALL-Service Dienstleistungen GmbH,Stuttgart,(Elektriker OR Gebäudetechnik OR Sicherheitstechnik OR Rohrreinigung) Stuttgart,https://www.allservice.de/leistungen/technische-dienstleistungen/sanitaer-elektro,allservice.de,info@allservice.de,https://www.allservice.de/leistungen/technische-dienstleistungen/sanitaer-elektro | https://www.allservice.de/unternehmen/ueber-uns | https://www.allservice.de/kontakt,found
Ausbildung als Elektroniker für Gebäudesystemintegration (m/w/d),Stuttgart,(Elektriker OR Gebäudetechnik OR Sicherheitstechnik OR Rohrreinigung) Stuttgart,"https://www.hwk-stuttgart.de/berufe/elektroniker-fuer-gebaeudesystemintegration-m-w-d-67,0,bazdetail.html?id=1087",hwk-stuttgart.de,info@hwk-stuttgart.de,"https://www.hwk-stuttgart.de/berufe/elektroniker-fuer-gebaeudesystemintegration-m-w-d-67,0,bazdetail.html?id=1087 | https://www.hwk-stuttgart.de/artikel/kontaktformular-ihre-mail-an-unser-servicezentrum-67,178,659.html | https://www.hwk-stuttgart.de/artikel/impressum-67,8,1.html",found
Energie - Naegele Gruppe,Stuttgart,(Elektriker OR Gebäudetechnik OR Sicherheitstechnik OR Rohrreinigung) Stuttgart,https://www.naegele-gruppe.de/leistungsspektrum/energie/,naegele-gruppe.de,info@naegele-gruppe.de,https://www.naegele-gruppe.de/leistungsspektrum/energie/ | https://www.naegele-gruppe.de/kontakt/ | https://www.naegele-gruppe.de/kontakt/kontakt/,found
Ausbildung Elektroniker FR Energie- und Gebäudetechnik,Stuttgart,(Elektriker OR Gebäudetechnik OR Sicherheitstechnik OR Rohrreinigung) Stuttgart,https://www.seger-elektro.de/job/ausbildung-elektroniker-fr-energie-und-gebaeudetechnik/,seger-elektro.de,info@seger-automation.com; info@seger-elektro.com,https://www.seger-elektro.de/job/ausbildung-elektroniker-fr-energie-und-gebaeudetechnik/ | https://www.seger-elektro.de/impressum/ | https://www.seger-elektro.de/kontakt/,found
Seibel365 Stuttgart ❤️ Gebäudetechnik für Hausverwaltungen,Stuttgart,(Elektriker OR Gebäudetechnik OR Sicherheitstechnik OR Rohrreinigung) Stuttgart,https://seibel-stuttgart.de/,seibel-stuttgart.de,service@gmbh-seibel.de,https://seibel-stuttgart.de/ | https://seibel-stuttgart.de/ueber-uns/ | https://seibel-stuttgart.de/impressum/,found
CS Elektrotechnik: Start,Stuttgart,(Elektriker OR Gebäudetechnik OR Sicherheitstechnik OR Rohrreinigung) Stuttgart,https://cs-elektro-stuttgart.de/,cs-elektro-stuttgart.de,,,fetch_error:timeout
Meister + Techniker - Robert-Mayer-Schule Stuttgart,Stuttgart,(Elektriker OR Gebäudetechnik OR Sicherheitstechnik OR Rohrreinigung) Stuttgart,https://www.robert-mayer-schule.de/meister-techniker,robert-mayer-schule.de,,https://www.robert-mayer-schule.de/meister-techniker | https://www.robert-mayer-schule.de/kontakt-anfahrt/sekretariat | https://www.robert-mayer-schule.de/kontakt-anfahrt/anfahrt,no_generic_email
Sicherheitstechnik - uri | Ingenieurbüro Elektrotechnik,Stuttgart,(Elektriker OR Gebäudetechnik OR Sicherheitstechnik OR Rohrreinigung) Stuttgart,https://ib-uri.de/leistungsuebersicht/sicherheitstechnik.html,ib-uri.de,info@ib-uri.de,https://ib-uri.de/leistungsuebersicht/sicherheitstechnik.html | https://ib-uri.de/index.php/impressum,found
Unser Know - how - Elektro Metzger GmbH - Stuttgart,Stuttgart,(Elektriker OR Gebäudetechnik OR Sicherheitstechnik OR Rohrreinigung) Stuttgart,https://www.elektro-metzger.de/ueber-elektro-metzger/qualitaet/,elektro-metzger.de,info@elektro-metzger.de,https://www.elektro-metzger.de/ueber-elektro-metzger/qualitaet/ | https://www.elektro-metzger.de/kontakt-3/ | https://www.elektro-metzger.de/kontakt/,found
Sanitär Fuchs | Start,Düsseldorf,(Sanitärinstallateur OR Heizungsinstallateur OR Kältetechnik) Düsseldorf,https://www.sanitaerfuchs.de/,sanitaerfuchs.de,anfrage@sanitaerfuchs.de; info@sanitaerfuchs.de,https://www.sanitaerfuchs.de/ | https://www.sanitaerfuchs.de/ueber-uns | https://www.sanitaerfuchs.de/kontakt,found
Umwelt – Werner Haustechnik GmbH,Stuttgart,(Elektriker OR Gebäudetechnik OR Sicherheitstechnik OR Rohrreinigung) Stuttgart,https://www.werner-haustechnik.net/umwelt/,werner-haustechnik.net,info@werner-stuttgart.de,https://www.werner-haustechnik.net/umwelt/ | https://www.werner-haustechnik.net/ueber-uns/ | https://www.werner-haustechnik.net/kontakt/,found
Haustechnik Kaufmann GmbH: Sanitär Heizung | Düsseldorf,Düsseldorf,(Sanitärinstallateur OR Heizungsinstallateur OR Kältetechnik) Düsseldorf,https://www.haustechnik-kaufmann.de/,haustechnik-kaufmann.de,info@haustechnik-kaufmann.de,https://www.haustechnik-kaufmann.de/ | https://www.haustechnik-kaufmann.de/scripts/kontakt/mail.aspx | https://www.haustechnik-kaufmann.de/unternehmen/shk/kontakt,found
Hager - GSB Elektrotechnik GmbH in Stuttgart,Stuttgart,(Elektriker OR Gebäudetechnik OR Sicherheitstechnik OR Rohrreinigung) Stuttgart,https://www.gsb-elektrotechnik.de/produktwelten/hager,gsb-elektrotechnik.de,info@gsb-elektrotechnik.de; mail@universalschlichtungsstelle.de,https://www.gsb-elektrotechnik.de/produktwelten/hager | https://www.gsb-elektrotechnik.de/wir-ueber-uns | https://www.gsb-elektrotechnik.de/kontakt,found
Our services - Maier + Egeler Elektrotechnik GmbH Stuttgart Vaihingen,Stuttgart,(Elektriker OR Gebäudetechnik OR Sicherheitstechnik OR Rohrreinigung) Stuttgart,https://www.me-elektrotechnik.de/unsere-leistungen/,me-elektrotechnik.de,,https://www.me-elektrotechnik.de/unsere-leistungen/ | https://www.me-elektrotechnik.de/kontakt/ | https://www.me-elektrotechnik.de/kontakt/kontaktformular-297/,no_generic_email
"Kaymer GmbH: Installateur Sanitär Heizung, Düsseldorf",Düsseldorf,(Sanitärinstallateur OR Heizungsinstallateur OR Kältetechnik) Düsseldorf,https://www.kaymer.de/,kaymer.de,info@kaymer.de,https://www.kaymer.de/ | https://www.kaymer.de/scripts/kontakt/mail.aspx | https://www.kaymer.de/unternehmen/shk/kontakt,found
Carrier Installer Finder for Düsseldorf and surroundings,Düsseldorf,(Sanitärinstallateur OR Heizungsinstallateur OR Kältetechnik) Düsseldorf,https://www.carrier.de/de/wohngebaeude/kontakt/partner-vor-ort-suche.suffix.html/areaId=D%C3%BCsseldorf.html,carrier.de,,https://www.carrier.de/de/wohngebaeude/kontakt/partner-vor-ort-suche.suffix.html/areaId=D%C3%BCsseldorf.html | https://www.carrier.de/de/wohngebaeude/kontakt/partner-vor-ort-suche.suffix.html/areaId=D%C3%BCsseldorf.html | https://www.carrier.de/de/ueber-uns/unternehmen.html,no_generic_email
Thiele Kältetechnik: Klimatechnik | Düsseldorf,Düsseldorf,(Sanitärinstallateur OR Heizungsinstallateur OR Kältetechnik) Düsseldorf,https://www.thiele-kaeltetechnik.de/,thiele-kaeltetechnik.de,info@thiele-kaeltetechnik.de,https://www.thiele-kaeltetechnik.de/ | https://www.thiele-kaeltetechnik.de/kontakt | https://www.thiele-kaeltetechnik.de/kontakt/meerbusch,found
Innung Sanitär Heizung Klima Düsseldorf,Düsseldorf,(Sanitärinstallateur OR Heizungsinstallateur OR Kältetechnik) Düsseldorf,https://www.shk-duesseldorf.de/,shk-duesseldorf.de,info@hwk-duesseldorf.de; info@shk-duesseldorf.de,https://www.shk-duesseldorf.de/ | https://www.shk-duesseldorf.de/kontakt/ | https://www.shk-duesseldorf.de/impressum/,found
Kälte-Klima-Technik Doubaras GmbH,Düsseldorf,(Sanitärinstallateur OR Heizungsinstallateur OR Kältetechnik) Düsseldorf,https://www.klima-kaeltetechnik-duesseldorf.de/,klima-kaeltetechnik-duesseldorf.de,buero@doubaras.de,https://www.klima-kaeltetechnik-duesseldorf.de/ | https://www.klima-kaeltetechnik-duesseldorf.de/impressum/,found
Ihr Fachbetrieb für Sanitär & Heizung in Düsseldorf – Willkommen ...,Düsseldorf,(Sanitärinstallateur OR Heizungsinstallateur OR Kältetechnik) Düsseldorf,https://ewald-kuhn.de/,ewald-kuhn.de,info@ewald-kuhn.de,https://ewald-kuhn.de/ | https://ewald-kuhn.de/kontakt/ | https://ewald-kuhn.de/impressum/,found
"Meisterbetrieb Servicecenter | Horst Schmitz, Düsseldorf",Düsseldorf,(Sanitärinstallateur OR Heizungsinstallateur OR Kältetechnik) Düsseldorf,https://www.horst-schmitz.de/,horst-schmitz.de,info@horst-schmitz.de,https://www.horst-schmitz.de/ | https://www.horst-schmitz.de/scripts/kontakt/mail.aspx | https://www.horst-schmitz.de/scripts/show.aspx?content=/de/unternehmen/shk/kontakt,found
"Fachbetrieb für Sanitär, Heizung u. Lüftung in Düsseldorf",Düsseldorf,(Sanitärinstallateur OR Heizungsinstallateur OR Kältetechnik) Düsseldorf,https://www.kopfergruppe.de/,kopfergruppe.de,technik@kopfergruppe.de,https://www.kopfergruppe.de/ | https://www.kopfergruppe.de/kontakt.html | https://www.kopfergruppe.de/impressum.html,found
Schöne Sanitär • Heizung: Heiztechnik Badgestaltung Düsseldorf,Düsseldorf,(Sanitärinstallateur OR Heizungsinstallateur OR Kältetechnik) Düsseldorf,https://www.schoene-waerme.de/,schoene-waerme.de,info@schoene-waerme.de,https://www.schoene-waerme.de/ | https://www.schoene-waerme.de/scripts/kontakt/mail.aspx | https://www.schoene-waerme.de/unternehmen/proweb-plus/kontakt,found
"SHK Lange GmbH, Start, 40472 Düsseldorf",Düsseldorf,(Sanitärinstallateur OR Heizungsinstallateur OR Kältetechnik) Düsseldorf,https://www.shklange.de/,shklange.de,info@shk-lange.de; service@w4pro.de,https://www.shklange.de/,found
"Heizung, Bad & Klima – Kurt Kirschbaum GmbH Düsseldorf",Düsseldorf,(Sanitärinstallateur OR Heizungsinstallateur OR Kältetechnik) Düsseldorf,https://kirschbaum-gmbh.de/,kirschbaum-gmbh.de,info@kirschbaum-gmbh.de; mail@verbraucher-schlichter.de,https://kirschbaum-gmbh.de/ | https://kirschbaum-gmbh.de/kontakt/ | https://kirschbaum-gmbh.de/impressum/,found
Elektroniker für Energie- und Gebäudetechnik (m/w/d),Stuttgart,(Elektriker OR Gebäudetechnik OR Sicherheitstechnik OR Rohrreinigung) Stuttgart,https://www.elektro-grauer.de/karriere/elektroniker,elektro-grauer.de,info@elektro-grauer.de,https://www.elektro-grauer.de/karriere/elektroniker | https://www.elektro-grauer.de/kontakt/kontaktformular | https://www.elektro-grauer.de/kontakt/kontaktformular,found
Installateur für Sanitär & Heizung - Badsanierung Düsseldorf,Düsseldorf,(Sanitärinstallateur OR Heizungsinstallateur OR Kältetechnik) Düsseldorf,https://www.spanke-haustechnik.de/de,spanke-haustechnik.de,info@spanke-haustechnik.de,https://www.spanke-haustechnik.de/de | https://www.spanke-haustechnik.de/kontakt | https://www.spanke-haustechnik.de/impressum,found
Installateur in Düsseldorf | Sanitär Heizung Klima Schmitz,Düsseldorf,(Sanitärinstallateur OR Heizungsinstallateur OR Kältetechnik) Düsseldorf,https://www.shk-schmitz.de/,shk-schmitz.de,,https://www.shk-schmitz.de/ | https://www.shk-schmitz.de/ueber-uns | https://www.shk-schmitz.de/ueber-uns/team,no_generic_email
Sanitär in Düsseldorf,Düsseldorf,(Sanitärinstallateur OR Heizungsinstallateur OR Kältetechnik) Düsseldorf,https://www.branchen-duesseldorf.de/sanitaer/duesseldorf/,branchen-duesseldorf.de,info@branchen-duesseldorf.de; info@koelnerbranchen.de; info@marcusbock.net; info@shk-boschanski.de; service@alberty-haustechnik.de,https://www.branchen-duesseldorf.de/sanitaer/duesseldorf/ | https://www.branchen-duesseldorf.de/seite/kontakt | https://www.branchen-duesseldorf.de/seite/impressum,found
Sanitär- und Heizungstechnik Bergmann - Heizung - Sanitär ...,Düsseldorf,(Sanitärinstallateur OR Heizungsinstallateur OR Kältetechnik) Düsseldorf,https://www.bergmann-sanitaer.de/index.html,bergmann-sanitaer.de,info@bergmann-sanitaer.de,https://www.bergmann-sanitaer.de/index.html | https://www.bergmann-sanitaer.de/kontakt.html | https://www.bergmann-sanitaer.de/impressum.html,found
Szlachta Sanitär Heizung Klima im Raum Düsseldorf,Düsseldorf,(Sanitärinstallateur OR Heizungsinstallateur OR Kältetechnik) Düsseldorf,https://www.szlachta-gmbh.de/,szlachta-gmbh.de,info@szlachta-gmbh.de,https://www.szlachta-gmbh.de/ | https://www.szlachta-gmbh.de/contact,found
Niepmann GmbH - Meisterbetrieb Heizung & Sanitär Düsseldorf,Düsseldorf,(Sanitärinstallateur OR Heizungsinstallateur OR Kältetechnik) Düsseldorf,https://www.niepmann.gmbh/,niepmann.gmbh,,https://www.niepmann.gmbh/ | https://www.niepmann.gmbh/kontakt/ | https://www.niepmann.gmbh/impressum/,no_generic_email
K&S Heizung und Sanitär GmbH,Düsseldorf,(Sanitärinstallateur OR Heizungsinstallateur OR Kältetechnik) Düsseldorf,https://ks-heizung.com/,ks-heizung.com,ks-heizung@t-online.de; mail@verbraucher-schlichter.de,https://ks-heizung.com/ | https://ks-heizung.com/impressum.html,found
Ihr Klimatechnik Meisterbetrieb Düsseldorf | Fings Kälte • Klima,Düsseldorf,(Sanitärinstallateur OR Heizungsinstallateur OR Kältetechnik) Düsseldorf,https://www.fings-kaelte-klima.de/,fings-kaelte-klima.de,info@fings-kaelte-klima.de,https://www.fings-kaelte-klima.de/ | https://www.fings-kaelte-klima.de/ueber-uns/ | https://www.fings-kaelte-klima.de/kontakt/,found
Rainer Krauss GmbH – Ihr Fachpartner für Sanitär und Heizung,Düsseldorf,(Sanitärinstallateur OR Heizungsinstallateur OR Kältetechnik) Düsseldorf,https://rainer-krauss.de/,rainer-krauss.de,info@rainer-krauss.de,https://rainer-krauss.de/ | https://rainer-krauss.de/ueber-uns/ | https://rainer-krauss.de/kontakt/,found
Alexander Hebing Bad & Wärme GmbH & Co. KG in Düsseldorf,Düsseldorf,(Sanitärinstallateur OR Heizungsinstallateur OR Kältetechnik) Düsseldorf,https://hebing.de/,hebing.de,service@hebing.de,https://hebing.de/ | https://hebing.de/ | https://hebing.de/impressum/,found
Fachhandwerksbetriebe DüSSELDORF - fachbetrieb-shk.de,Düsseldorf,(Sanitärinstallateur OR Heizungsinstallateur OR Kältetechnik) Düsseldorf,https://www.fachbetrieb-shk.de/duesseldorf/,fachbetrieb-shk.de,info@shk-nrw.de,https://www.fachbetrieb-shk.de/duesseldorf/ | https://www.fachbetrieb-shk.de/seite/kontakt/ | https://www.fachbetrieb-shk.de/impressum/,found
"Nolte Haustechnik, Düsseldorf: Moderne Sanitär- und ...",Düsseldorf,(Sanitärinstallateur OR Heizungsinstallateur OR Kältetechnik) Düsseldorf,https://www.nolte-haustechnik.de/,nolte-haustechnik.de,info@nolte-haustechnik.de,https://www.nolte-haustechnik.de/ | https://www.nolte-haustechnik.de/ueber-uns/ | https://www.nolte-haustechnik.de/ueber-uns/kurz-vorgestellt/,found
Daniel Müller Installateur- und Heizungsbaumeister - Meisterbetrieb ...,Düsseldorf,(Sanitärinstallateur OR Heizungsinstallateur OR Kältetechnik) Düsseldorf,https://danielmueller-shk.de/,danielmueller-shk.de,,https://danielmueller-shk.de/ | https://danielmueller-shk.de/kontaktformular/ | https://danielmueller-shk.de/impressum/,no_generic_email
Professionelle Haustechnik aus einer Hand: K&S Heizung u. Sanitär ...,Düsseldorf,(Sanitärinstallateur OR Heizungsinstallateur OR Kältetechnik) Düsseldorf,https://duesseldorf-haustechnik.de/,duesseldorf-haustechnik.de,,https://duesseldorf-haustechnik.de/,no_generic_email
"SHK-Beckert: Badsanierung, Heizung und Klima in Erkrath",Düsseldorf,(Sanitärinstallateur OR Heizungsinstallateur OR Kältetechnik) Düsseldorf,https://www.shk-beckert.de/,shk-beckert.de,info@shk-beckert.de,https://www.shk-beckert.de/ | https://www.shk-beckert.de/kontakt.php | https://www.shk-beckert.de/impressum.php,found
Kohlmann & Boddem GmbH | Sanitär / Heizung / Grosshandel: K & B,Düsseldorf,(Sanitärinstallateur OR Heizungsinstallateur OR Kältetechnik) Düsseldorf,https://www.kb-bad.de/,kb-bad.de,info@kb-bad.de,https://www.kb-bad.de/ | https://www.kb-bad.de/kontakt/ | https://www.kb-bad.de/impressum/,found
CHI - Sanitär - und Heizungsbau GmbH & Co. KG · LokalesHandwerk,Düsseldorf,(Sanitärinstallateur OR Heizungsinstallateur OR Kältetechnik) Düsseldorf,https://www.lokaleshandwerk.de/betrieb/chi-sanitar-und-heizungsbau-gmbh-co-kg-dusseldorf,lokaleshandwerk.de,,https://www.lokaleshandwerk.de/betrieb/chi-sanitar-und-heizungsbau-gmbh-co-kg-dusseldorf,no_generic_email
SHT Düsseldorf – Ihr zuverläßiger Partner in Düsseldorf,Düsseldorf,(Sanitärinstallateur OR Heizungsinstallateur OR Kältetechnik) Düsseldorf,https://sht-duesseldorf.de/,sht-duesseldorf.de,info@sht-duesseldorf.de,https://sht-duesseldorf.de/ | https://sht-duesseldorf.de/ueber-uns | https://sht-duesseldorf.de/kontakt,found
Sanitaer Heizung Klima - Hansen & Arbeiter,Düsseldorf,(Sanitärinstallateur OR Heizungsinstallateur OR Kältetechnik) Düsseldorf,https://www.hansen-arbeiter.de/leistungen/sanitaer-heizung-klima,hansen-arbeiter.de,info@hansen-arbeiter.de,https://www.hansen-arbeiter.de/leistungen/sanitaer-heizung-klima | https://www.hansen-arbeiter.de/ueber-uns/unternehmen | https://www.hansen-arbeiter.de/ueber-uns/alles-aus-einer-hand,found
"COX GmbH Düsseldorf | Sanitär, Heizung & Lüftung | Seit 70 Jahren",Düsseldorf,(Sanitärinstallateur OR Heizungsinstallateur OR Kältetechnik) Düsseldorf,https://coxgmbh-duesseldorf.de/,coxgmbh-duesseldorf.de,info@coxgmbh-duesseldorf.de,https://coxgmbh-duesseldorf.de/ | https://coxgmbh-duesseldorf.de/ueber-uns/ | https://coxgmbh-duesseldorf.de/kontakt/,found
Kürten Sanitär und Heizungstechnik | Düsseldorf,Düsseldorf,(Sanitärinstallateur OR Heizungsinstallateur OR Kältetechnik) Düsseldorf,https://www.kuerten-haustechnik.com/,kuerten-haustechnik.com,info@kuerten-haustechnik.de,https://www.kuerten-haustechnik.com/ | https://www.kuerten-haustechnik.com/scripts/kontakt/mail.aspx | https://www.kuerten-haustechnik.com/unternehmen/shk/kontakt,found
Rohr Cleaner - Rohrreinigung Düsseldorf Photos - Yelp,Düsseldorf,(Elektriker OR Gebäudetechnik OR Sicherheitstechnik OR Rohrreinigung) Düsseldorf,https://www.yelp.com/biz/rohr-cleaner-rohrreinigung-d%C3%BCsseldorf-d%C3%BCsseldorf,yelp.com,,,fetch_error:HTTPError
Kälte Klima Düsseldorf,Düsseldorf,(Sanitärinstallateur OR Heizungsinstallateur OR Kältetechnik) Düsseldorf,https://www.serviceteam-kaelte-klima-duesseldorf.de/,serviceteam-kaelte-klima-duesseldorf.de,kontakt@serviceteam-kaelte-klima-duesseldorf.de,https://www.serviceteam-kaelte-klima-duesseldorf.de/ | https://www.serviceteam-kaelte-klima-duesseldorf.de/kontakt | https://www.serviceteam-kaelte-klima-duesseldorf.de/impressum,found
Becker Sanitär – Gas – Wasser – Heizung – Sanitär,Düsseldorf,(Sanitärinstallateur OR Heizungsinstallateur OR Kältetechnik) Düsseldorf,https://xn--becker-sanitr-mfb.de/,xn--becker-sanitr-mfb.de,info@cips-gmbh.de,https://xn--becker-sanitr-mfb.de/ | https://xn--becker-sanitr-mfb.de/kontakt | https://xn--becker-sanitr-mfb.de/impressum,found
Rohr- & Kanalreinigung Düsseldorf | Rohrreinigung Neuhausen,Düsseldorf,(Elektriker OR Gebäudetechnik OR Sicherheitstechnik OR Rohrreinigung) Düsseldorf,https://neuhausen-rohrreinigung.de/,neuhausen-rohrreinigung.de,info@neuhausen-rohrreinigung.de,https://neuhausen-rohrreinigung.de/ | https://neuhausen-rohrreinigung.de/kontakt/ | https://neuhausen-rohrreinigung.de/ueber-uns/,found
Rohrreinigung Düsseldorf und Umgebung – Sanitärdienst RRR24,Düsseldorf,(Elektriker OR Gebäudetechnik OR Sicherheitstechnik OR Rohrreinigung) Düsseldorf,https://www.rrr24.de/rohrreinigung/duesseldorf/,rrr24.de,kontakt@rrr24.de,https://www.rrr24.de/rohrreinigung/duesseldorf/ | https://www.rrr24.de/impressum/,found
Dülken Gmbh: Home,Düsseldorf,(Elektriker OR Gebäudetechnik OR Sicherheitstechnik OR Rohrreinigung) Düsseldorf,https://www.duelken-gmbh.de/home/,duelken-gmbh.de,info@duelken-gmbh.de; info@volmering-design.de,https://www.duelken-gmbh.de/ | https://www.duelken-gmbh.de/impressum/,found
Ihr Meister Elektro-Partner aus Düsseldorf!,Düsseldorf,(Elektriker OR Gebäudetechnik OR Sicherheitstechnik OR Rohrreinigung) Düsseldorf,https://www.elektrotechnik-arnold.de/,elektrotechnik-arnold.de,info@elektrotechnik-arnold.de; info@et-arnold.de,https://www.elektrotechnik-arnold.de/ | https://www.elektrotechnik-arnold.de/kontakt/ | https://www.elektrotechnik-arnold.de/impressum/,found
Ausbildungsplätze Energie- und Gebäudetechnik Düsseldorf,Düsseldorf,(Elektriker OR Gebäudetechnik OR Sicherheitstechnik OR Rohrreinigung) Düsseldorf,https://www.jobs-in-duesseldorf.de/ausbildung/energie-und-gebaeudetechnik-duesseldorf,jobs-in-duesseldorf.de,,https://www.jobs-in-duesseldorf.de/ausbildung/energie-und-gebaeudetechnik-duesseldorf | https://www.jobs-in-duesseldorf.de/impressum.html,no_generic_email
Elektroinstallation & Gebäudesystemtechnik Düsseldorf,Düsseldorf,(Elektriker OR Gebäudetechnik OR Sicherheitstechnik OR Rohrreinigung) Düsseldorf,https://www.jaeger-elektrotechnik-duesseldorf.de/,jaeger-elektrotechnik-duesseldorf.de,info@jaeger-elektrotechnik-duesseldorf.de,https://www.jaeger-elektrotechnik-duesseldorf.de/ | https://www.jaeger-elektrotechnik-duesseldorf.de/ueber-uns/ | https://www.jaeger-elektrotechnik-duesseldorf.de/kontakt/,found
Rohrreinigung in Düsseldorf - 24 Stunden Service - Hannecke GmbH,Düsseldorf,(Elektriker OR Gebäudetechnik OR Sicherheitstechnik OR Rohrreinigung) Düsseldorf,https://www.hannecke-gmbh.de/rohrreinigung-duesseldorf/,hannecke-gmbh.de,info@hannecke-gmbh.de; info@kanal.de,https://www.hannecke-gmbh.de/rohrreinigung-duesseldorf/ | https://www.hannecke-gmbh.de/kontakt/ | https://www.hannecke-gmbh.de/kontakt/,found
Elektrotechniker/in - Meisterschule - Handwerkskammer Düsseldorf,Düsseldorf,(Elektriker OR Gebäudetechnik OR Sicherheitstechnik OR Rohrreinigung) Düsseldorf,"https://www.hwk-duesseldorf.de/artikel/elektrotechniker-in-meisterschule-31,0,3370.html",hwk-duesseldorf.de,info@hwk-duesseldorf.de,"https://www.hwk-duesseldorf.de/artikel/elektrotechniker-in-meisterschule-31,0,3370.html | https://www.hwk-duesseldorf.de/artikel/presse-und-medienkontakte-31,1511,2266.html | https://www.hwk-duesseldorf.de/artikel/kontaktformular-31,1456,3770.html",found
Jobs – Elektriker Düsseldorf - Schmidt Elektrotechnik,Düsseldorf,(Elektriker OR Gebäudetechnik OR Sicherheitstechnik OR Rohrreinigung) Düsseldorf,https://schmidtelektrotechnik.de/jobs/,schmidtelektrotechnik.de,info@schmidtelektrotechnik.de,https://schmidtelektrotechnik.de/jobs/ | https://schmidtelektrotechnik.de/ueber-uns/ | https://schmidtelektrotechnik.de/kontakt/,found
Rohr- und Kanalreinigung,Düsseldorf,(Elektriker OR Gebäudetechnik OR Sicherheitstechnik OR Rohrreinigung) Düsseldorf,https://www.rohrfuchs.nrw/,rohrfuchs.nrw,info@rohrfuchs.nrw; info@rohrfurchs.nrw,https://rohrfuchs.nrw/ | https://rohrfuchs.nrw/kontakt/ | https://rohrfuchs.nrw/impressum/,found
Elektrotechnik & Gebäudetechnik Düsseldorf | GOTTWALDBACH,Düsseldorf,(Elektriker OR Gebäudetechnik OR Sicherheitstechnik OR Rohrreinigung) Düsseldorf,https://www.gottwaldbach.de/elektrotechnik-gebaudetechnik-dusseldorf,gottwaldbach.de,info@gottwaldbach.de,https://www.gottwaldbach.de/elektrotechnik-gebaudetechnik-dusseldorf | https://www.gottwaldbach.de/kontakt | https://www.gottwaldbach.de/impressum,found
[PDF] SAGA Handwerkerliste,Düsseldorf,(Elektriker OR Gebäudetechnik OR Sicherheitstechnik OR Rohrreinigung) Düsseldorf,https://www.duesseldorf.de/fileadmin/Amt19/saga/pdf_alt/saga_handwerkerliste_echeck.pdf,duesseldorf.de,,https://www.duesseldorf.de/fileadmin/Amt19/saga/pdf_alt/saga_handwerkerliste_echeck.pdf,no_generic_email
Gebäudetechnik Kippes | Elektro | Sanitär | Heizung | Klimatechnik,Düsseldorf,(Elektriker OR Gebäudetechnik OR Sicherheitstechnik OR Rohrreinigung) Düsseldorf,https://kippes-haustechnik.de/,kippes-haustechnik.de,,https://kippes-haustechnik.de/,no_generic_email
Elektroniker/in Energie- und Gebäudetechnik - henko-service.de,Düsseldorf,(Elektriker OR Gebäudetechnik OR Sicherheitstechnik OR Rohrreinigung) Düsseldorf,https://www.henko-service.de/jobs/elektroniker-energie-und-gebaudetechnik/,henko-service.de,info@henko-service.de,https://www.henko-service.de/jobs/elektroniker-energie-und-gebaudetechnik/ | https://www.henko-service.de/kontakt/ | https://www.henko-service.de/impressum/,found
"Elektriker Düsseldorf – Gewerbe, BMA & DGUV-Prüfung - elektroVISIO",Düsseldorf,(Elektriker OR Gebäudetechnik OR Sicherheitstechnik OR Rohrreinigung) Düsseldorf,https://elektrovisio.de/standorte/elektriker-duesseldorf/,elektrovisio.de,anfrage@elektrovisio.de,https://elektrovisio.de/standorte/elektriker-duesseldorf/ | https://elektrovisio.de/kontakt/ | https://elektrovisio.de/kontakt/planer/,found
Elektriker *in / Elektroniker *in für Instandhaltung in der Betriebs,Düsseldorf,(Elektriker OR Gebäudetechnik OR Sicherheitstechnik OR Rohrreinigung) Düsseldorf,https://konecranes.careers/job/elektriker-in-elektroniker-in-fuer-instandhaltung-in-der-betriebs-und-gebaeudetechnik-in-duesseldorf-nrw-germany-jid-208,konecranes.careers,,https://konecranes.careers/job/elektriker-in-elektroniker-in-fuer-instandhaltung-in-der-betriebs-und-gebaeudetechnik-in-duesseldorf-nrw-germany-jid-208 | https://konecranes.careers/who-we-are,no_generic_email
Rohr- und Abflussreinigung Düsseldorf | EnGew – schnell & fair,Düsseldorf,(Elektriker OR Gebäudetechnik OR Sicherheitstechnik OR Rohrreinigung) Düsseldorf,https://engew.de/regionale/gebaeudereinigung-duesseldorf/rohrreinigung-duesseldorf/,engew.de,info@engew.de,https://engew.de/regionale/gebaeudereinigung-duesseldorf/rohrreinigung-duesseldorf/ | https://engew.de/kontakt/ | https://engew.de/impressum/,found
Stellenangebot: Elektroniker für Energie - Düsseldorf - Job2Top,Düsseldorf,(Elektriker OR Gebäudetechnik OR Sicherheitstechnik OR Rohrreinigung) Düsseldorf,https://www.job2top.de/stellenangebot/job/details/elektroniker-fuer-energie-und-gebaeudetechnik-mwx,job2top.de,info@job2top.de,https://www.job2top.de/stellenangebot/job/details/elektroniker-fuer-energie-und-gebaeudetechnik-mwx | https://www.job2top.de/ueber-uns/ansprechpartner | https://www.job2top.de/ueber-uns/philosophie,found
Rohr Cleaner: Nr.1 Rohrreinigungsfirma Düsseldorf,Düsseldorf,(Elektriker OR Gebäudetechnik OR Sicherheitstechnik OR Rohrreinigung) Düsseldorf,https://rohrcleaner.de/,rohrcleaner.de,info@rohrcleaner.de,https://rohrcleaner.de/ | https://rohrcleaner.de/kontakt/ | https://rohrcleaner.de/impressum/,found
Elektroniker Energie u. Gebäudetechnik Jobs Düsseldorf - Joblift.de,Düsseldorf,(Elektriker OR Gebäudetechnik OR Sicherheitstechnik OR Rohrreinigung) Düsseldorf,https://joblift.de/jobs/elektroniker-energie-gebaeudetechnik/in-duesseldorf/,joblift.de,kontakt@joblift.de,https://joblift.de/jobs/elektroniker-energie-gebaeudetechnik/in-duesseldorf/ | https://joblift.de/impressum/,found
"Elektro Waggershauser GmbH,Düsseldorf stellt sich vor.",Düsseldorf,(Elektriker OR Gebäudetechnik OR Sicherheitstechnik OR Rohrreinigung) Düsseldorf,https://www.elektrowaggershauser.de/,elektrowaggershauser.de,,https://www.elektrowaggershauser.de/,no_generic_email
Jobs als Elektriker/-in Gebäudetechnik in Düsseldorf - jobanzeigen.de,Düsseldorf,(Elektriker OR Gebäudetechnik OR Sicherheitstechnik OR Rohrreinigung) Düsseldorf,https://www.jobanzeigen.de/elektriker-gebaeudetechnik-in-duesseldorf,jobanzeigen.de,,https://www.jobanzeigen.de/elektriker-gebaeudetechnik-in-duesseldorf | https://www.jobanzeigen.de/impressum,no_generic_email
ESS Elektroinstallations GmbH: Gebäudetechnik,Düsseldorf,(Elektriker OR Gebäudetechnik OR Sicherheitstechnik OR Rohrreinigung) Düsseldorf,https://ess-service.de/,ess-service.de,info@ess-service.de,https://ess-service.de/ | https://ess-service.de/ueber-uns/ | https://ess-service.de/kontakt/,found
Rhein Elektrik GmbH,Düsseldorf,(Elektriker OR Gebäudetechnik OR Sicherheitstechnik OR Rohrreinigung) Düsseldorf,https://rheinelectric.de/,rheinelectric.de,info@rheinelectric.de; info@rheinelektrik.de,https://rheinelectric.de/ | https://rheinelectric.de/contact.html | https://rheinelectric.de/impressum.html,found
Gebäudetechnik | Elektro Obermeyer aus Düsseldorf,Düsseldorf,(Elektriker OR Gebäudetechnik OR Sicherheitstechnik OR Rohrreinigung) Düsseldorf,https://www.obermeyer-elektro.de/gebaeudetechnik.html,obermeyer-elektro.de,info@obermeyer-elektro.de,https://www.obermeyer-elektro.de/gebaeudetechnik.html | https://www.obermeyer-elektro.de/kontakt.html | https://www.obermeyer-elektro.de/impressum.html,found
Die KÖNIG GmbH - Düsseldorf,Düsseldorf,(Elektriker OR Gebäudetechnik OR Sicherheitstechnik OR Rohrreinigung) Düsseldorf,https://www.koenig-gruppe.de/,koenig-gruppe.de,info@koenig-gruppe.de,https://www.koenig-gruppe.de/ | https://www.koenig-gruppe.de/Ueber-uns | https://www.koenig-gruppe.de/Impressum,found
Hilgers Elektrotechnik - Home,Düsseldorf,(Elektriker OR Gebäudetechnik OR Sicherheitstechnik OR Rohrreinigung) Düsseldorf,https://chhilgers.de/home/,chhilgers.de,,https://chhilgers.de/home/ | https://chhilgers.de/ueber-uns/ | https://chhilgers.de/kontakt/,no_generic_email
Michael Schiefke Haustechnik - e-masters - Düsseldorf,Düsseldorf,(Elektriker OR Gebäudetechnik OR Sicherheitstechnik OR Rohrreinigung) Düsseldorf,https://www.schiefke-haustechnik.de/,schiefke-haustechnik.de,,https://www.schiefke-haustechnik.de/ | https://www.schiefke-haustechnik.de/wir-ueber-uns.html | https://www.schiefke-haustechnik.de/wir-ueber-uns/partnerschaften.html,no_generic_email
Rohrreinigung & Notdienst Düsseldorf – 24 h vor Ort,Düsseldorf,(Elektriker OR Gebäudetechnik OR Sicherheitstechnik OR Rohrreinigung) Düsseldorf,https://www.rohrprofisofort.de/staedte/duesseldorf/,rohrprofisofort.de,info@rohrprofisofort.de; info@secupart.net,https://www.rohrprofisofort.de/staedte/duesseldorf/ | https://www.rohrprofisofort.de/kontakt/ | https://www.rohrprofisofort.de/impressum/,found
Professionelle Elektroinstallation | Baranowski & Stefanac GbR,Düsseldorf,(Elektriker OR Gebäudetechnik OR Sicherheitstechnik OR Rohrreinigung) Düsseldorf,https://www.alphaelektrotechnik.de/elektro/elektroinstallation,alphaelektrotechnik.de,info@alphaelektrotechnik.de,https://www.alphaelektrotechnik.de/elektro/elektroinstallation | https://www.alphaelektrotechnik.de/scripts/kontakt/mail.aspx | https://www.alphaelektrotechnik.de/unternehmen/elektro/kontakt,found
Seddiki Haustechnik GmbH - Ihr zuverlässiger Elektriker in Düsseldorf,Düsseldorf,(Elektriker OR Gebäudetechnik OR Sicherheitstechnik OR Rohrreinigung) Düsseldorf,https://www.seddiki-haustechnik.de/,seddiki-haustechnik.de,service@seddiki-haustechnik.de,https://www.seddiki-haustechnik.de/ | https://www.seddiki-haustechnik.de/impressum/,found
Elektriker Düsseldorf - & Gebäudetechnik,Düsseldorf,(Elektriker OR Gebäudetechnik OR Sicherheitstechnik OR Rohrreinigung) Düsseldorf,https://sp-energietechnik.de/,sp-energietechnik.de,info@sp-energietechnik.de,https://sp-energietechnik.de/ | https://sp-energietechnik.de/impressum,found
Alle Rohrreinigungs-Leistungen in Düsseldorf M.A Connect Electric,Düsseldorf,(Elektriker OR Gebäudetechnik OR Sicherheitstechnik OR Rohrreinigung) Düsseldorf,https://connect-electric.de/rohrreinigung-duesseldorf/,connect-electric.de,info@connect-electric.de; info@connect-electric.detelefon,https://connect-electric.de/rohrreinigung-duesseldorf/ | https://connect-electric.de/kontakt/ | https://connect-electric.de/impressum/,found
Leistungen - dus2b Bauleistungen GmbH,Düsseldorf,(Elektriker OR Gebäudetechnik OR Sicherheitstechnik OR Rohrreinigung) Düsseldorf,https://dus2b.de/leistungen/,dus2b.de,info@dus2b.de,https://dus2b.de/leistungen/ | https://dus2b.de/ueber-uns/,found
Elektroinstallation aus Düsseldorf,Düsseldorf,(Elektriker OR Gebäudetechnik OR Sicherheitstechnik OR Rohrreinigung) Düsseldorf,https://www.crombach-shk.de/elektro/elektroinstallation,crombach-shk.de,,https://www.crombach-shk.de/elektro/elektroinstallation | https://www.crombach-shk.de/scripts/kontakt/mail.aspx | https://www.crombach-shk.de/unternehmen/shk/kontakt,no_generic_email
https://duesseldorf.branchen-info.net/fp_2851613.php,Düsseldorf,(Elektriker OR Gebäudetechnik OR Sicherheitstechnik OR Rohrreinigung) Düsseldorf,https://duesseldorf.branchen-info.net/fp_2851613.php,duesseldorf.branchen-info.net,,https://duesseldorf.branchen-info.net/thanscheidt-gmbh-heizung-klima-sanitaer-elektro/2851613/,no_generic_email
Einetter Haustechnik,Düsseldorf,(Elektriker OR Gebäudetechnik OR Sicherheitstechnik OR Rohrreinigung) Düsseldorf,https://www.einetter-haustechnik.de/,einetter-haustechnik.de,info@einetter-haustechnik.de,https://www.einetter-haustechnik.de/ | https://www.einetter-haustechnik.de/kontakt | https://www.einetter-haustechnik.de/impressum,found
Heizungsinstallateure und Sanitärinstallateure in Düsseldorf,Düsseldorf,(Elektriker OR Gebäudetechnik OR Sicherheitstechnik OR Rohrreinigung) Düsseldorf,https://www.michael-thiet-gmbh.de/,michael-thiet-gmbh.de,,https://www.michael-thiet-gmbh.de/ | https://www.michael-thiet-gmbh.de/ueber-uns | https://www.michael-thiet-gmbh.de/kontakt/,no_generic_email
Elektriker Düsseldorf | SP Energie & Gebäudetechnik,Düsseldorf,(Elektriker OR Gebäudetechnik OR Sicherheitstechnik OR Rohrreinigung) Düsseldorf,https://xn--sp-energie-gebudetechnik-3bc.de/,xn--sp-energie-gebudetechnik-3bc.de,info@sp-energietechnik.de,https://xn--sp-energie-gebudetechnik-3bc.de/ | https://xn--sp-energie-gebudetechnik-3bc.de/ueber-uns.html | https://xn--sp-energie-gebudetechnik-3bc.de/kontakt.html,found
Alle Jobs Sicherheitstechnik Düsseldorf,Düsseldorf,(Elektriker OR Gebäudetechnik OR Sicherheitstechnik OR Rohrreinigung) Düsseldorf,https://www.wellmann-sicherheitstechnik.de/hilden/,wellmann-sicherheitstechnik.de,info@wellmann-sicherheitstechnik.de; mail@wellmann-cws.de,https://www.wellmann-sicherheitstechnik.de/hilden/ | https://www.wellmann-sicherheitstechnik.de/ueber-uns/ | https://www.wellmann-sicherheitstechnik.de/kontakt/,found
Elektro-Innung Düsseldorf - DasHandwerk.de,Düsseldorf,(Elektriker OR Gebäudetechnik OR Sicherheitstechnik OR Rohrreinigung) Düsseldorf,https://www.dashandwerk.de/duesseldorf/elektro-innung-2/betriebe/,dashandwerk.de,info@dashandwerk.de,https://www.dashandwerk.de/duesseldorf/elektro-innung-2/betriebe/ | https://www.dashandwerk.de/impressum/ | https://www.dashandwerk.de/kontakt/,found
"Technik-Profis in Düsseldorf, Nordrhein-Westfalen",Düsseldorf,(Elektriker OR Gebäudetechnik OR Sicherheitstechnik OR Rohrreinigung) Düsseldorf,https://www.meintechnikprofi.de/haendler/land/nw/stadt/duesseldorf.php,meintechnikprofi.de,info@gdi-mbh.eu; info@telering.de; info@weltfunk.com,https://www.meintechnikprofi.de/haendler/land/nw/stadt/duesseldorf.php | https://www.meintechnikprofi.de/impressum.php,found
ENi Haustechnik: Ihr Installateur in Düsseldorf,Düsseldorf,(Elektriker OR Gebäudetechnik OR Sicherheitstechnik OR Rohrreinigung) Düsseldorf,https://www.eni-handwerk.de/,eni-handwerk.de,info@eni-handwerk.de,https://www.eni-handwerk.de/ | https://www.eni-handwerk.de/ueber-uns | https://www.eni-handwerk.de/kontakt,found
Services – Elektro-Innung Düsseldorf,Düsseldorf,(Elektriker OR Gebäudetechnik OR Sicherheitstechnik OR Rohrreinigung) Düsseldorf,https://elektro-duesseldorf.de/fachbetriebe/,elektro-duesseldorf.de,buero@farmont.de; info@alphaelektrotechnik.de; info@anderskke.com; info@apo-elektroanlagen.de; info@arm-gmbh.de; info@beckermontageservice.de; info@berresheim-elektro.de; info@bk-elektrotechnik.online; info@boettcher-elektro.com; info@brelektro.de; info@daficon-gmbh.de; info@daniel-horvat-elektrotechnik.de; info@dg-kom.de; info@dibit.de; info@dundc-elektro.de; info@dus-elektro.de; info@ek-schweitzer.de; info@elektro-backes.de; info@elektro-basen.de; info@elektro-cosson.de; info@elektro-dahms.de; info@elektro-duesseldorf.de; info@elektro-eickholt.de; info@elektro-felten.de; info@elektro-fero.de; info@elektro-gather.de; info@elektro-gilbers.de; info@elektro-hobarth.de; info@elektro-jordan.de; info@elektro-jr.de; info@elektro-kahlen.de; info@elektro-knedel.de; info@elektro-koenen.de; info@elektro-lauffs.de; info@elektro-marten.com; info@elektro-mathoul.de; info@elektro-peltzer.de; info@elektro-proske.de; info@elektro-thissen.de; info@elektro-trarbach.de; info@elektrolaith.de; info@elektromeisterschulten.de; info@elektrorhefus.de; info@elektrotechnik-bove.de; info@elektrotechnik-lersch.de; info@elektrotechnik-roeskes.de; info@elektrowaggershauser.de; info@elkab-system.de; info@frank-backes-elektro.de; info@gemmer-elektro.de; info@gkg-24.de; info@goelzner.de; info@gpe-elektro.de; info@hat-sanierung.de; info@heckerundknopp.de; info@henko-service.de; info@herrmann-schaltanlagen.de; info@huebsch-elektrotechnik.de; info@hur-elektro.de; info@hwp-elektrotechnik.de; info@ibing-und-rechmann.de; info@ienottico-elektrotechnik.de; info@isenbuegel.net; info@kc-elektro.de; info@kh-duesseldorf.de; info@kochelektrotechnik.com; info@leg-leitwerk.de; info@lichttechnik-hessling.de; info@lss-licht.de; info@maxknettel.de; info@meika.de; info@mgw-duesseldorf.de; info@rueger-aufzugbau.de; info@schiffers-elektrotechnik.de; info@sns-fachbau.de; info@th-elektrotechnik.com; info@van-treeck.de; info@weirich-elektro.de; kontakt@elektro-kuttenkeuler.de; mail@gsl-lopez.de; service@haag-elektromotoren.de; service@jerichson.de,https://elektro-duesseldorf.de/fachbetriebe/ | https://elektro-duesseldorf.de/kontakt/ | https://elektro-duesseldorf.de/impressum/,found
Renzing Sanitär Heizung Dortmund,Dortmund,(Sanitärinstallateur OR Heizungsinstallateur OR Kältetechnik) Dortmund,https://www.renzing.com/,renzing.com,info@renzing.com,https://www.renzing.com/ | https://www.renzing.com/kontakt/ | https://www.renzing.com/impressum/,found
Betriebe - Gebäudedienstleister Düsseldorf & Kreis Neuss,Düsseldorf,(Elektriker OR Gebäudetechnik OR Sicherheitstechnik OR Rohrreinigung) Düsseldorf,https://gebaeudedienstleister-duesseldorf.de/betriebe/,gebaeudedienstleister-duesseldorf.de,bahallo-service@web.de; info@acurat.de; info@agnos-gm.de; info@akmultiservices.de; info@ball-werktechnik.de; info@compact-reinigung.de; info@do-gebaeudeservice.de; info@durchblikk.de; info@gebaeudedienstleister-duesseldorf.de; info@gebaeudereinigung-liesener.de; info@gebaeudereinigung-thiem.de; info@gebaeudereinigung-thoene.de; info@ggr-coenen.de; info@gr-ferma.de; info@gsd-dus.de; info@haku24.de; info@hausmeisterservice-dunkel.de; info@hwk-duesseldorf.de; info@hygienica.com; info@icc-gebaeudedienst.de; info@isringhaus-gebaeudereinigung.de; info@kamagmbh.de; info@kontep.de; info@legner-soehne.de; info@pts-info.de; info@reils-wahl.de; info@rene-frackowiak.de; info@ruc-immobilienservice.de; info@ruthemeyer.de; info@s-e-gebaeudereinigung.de; info@sarda-cleaning.de; info@saubere-sache.de; info@sb-clean.de; info@schacht-mueffler.de; info@schuettegebaeudereinigung.de; info@wolfs-hygiene.de; kontakt@mehn-gebaeudereinigung.de; kontakt@totzauer-services.de; mail@bartschoenmakers.de; reinigungs-service@email.de; service@evers-kregel.de,https://gebaeudedienstleister-duesseldorf.de/betriebe/ | https://gebaeudedienstleister-duesseldorf.de/kontakt/ | https://gebaeudedienstleister-duesseldorf.de/impressum/,found
Sven Hülsmann GmbH: Sanitär Heizung Dortmund,Dortmund,(Sanitärinstallateur OR Heizungsinstallateur OR Kältetechnik) Dortmund,https://www.sven-huelsmann-shk.de/,sven-huelsmann-shk.de,info@sven-huelsmann-shk.de,https://www.sven-huelsmann-shk.de/ | https://www.sven-huelsmann-shk.de/scripts/kontakt/mail.aspx,found
Ralf Brüser - Ralf Brüser Dortmund – Heizung • Sanitär • Solar,Dortmund,(Sanitärinstallateur OR Heizungsinstallateur OR Kältetechnik) Dortmund,https://www.ralf-brueser.de/,ralf-brueser.de,,https://www.ralf-brueser.de/ | https://www.ralf-brueser.de/kontakt.html | https://www.ralf-brueser.de/impressum.html,no_generic_email
Haustechnik Hartmann | Ihr zuverlässiger Partner in Sanitär ...,Düsseldorf,(Elektriker OR Gebäudetechnik OR Sicherheitstechnik OR Rohrreinigung) Düsseldorf,https://www.arge-hartmann.de/,arge-hartmann.de,info@arge-hartmann.de,https://www.arge-hartmann.de/ | https://www.arge-hartmann.de/kontakt/ | https://www.arge-hartmann.de/impressum/,found
Klaus Dreger,Dortmund,(Sanitärinstallateur OR Heizungsinstallateur OR Kältetechnik) Dortmund,https://www.xn--sanitrundmehr-ffb.de/,xn--sanitrundmehr-ffb.de,info@sanitaerundmehr.de,https://www.xn--sanitrundmehr-ffb.de/ | https://www.xn--sanitrundmehr-ffb.de/kontakt | https://www.xn--sanitrundmehr-ffb.de/impressum,found
Sanitär / Heizung Tiedemann - Dortmund,Dortmund,(Sanitärinstallateur OR Heizungsinstallateur OR Kältetechnik) Dortmund,https://www.sanitaer-tiedemann.de/,sanitaer-tiedemann.de,,https://www.sanitaer-tiedemann.de/ | https://www.sanitaer-tiedemann.de/ueber-uns | https://www.sanitaer-tiedemann.de/kontakt/,no_generic_email
Heizungsinstallateur in Dortmund: Ihr Experte vor Ort - Viessmann,Dortmund,(Sanitärinstallateur OR Heizungsinstallateur OR Kältetechnik) Dortmund,https://www.viessmann.de/de/partner-vor-ort-suche.suffix.html/areaId=Dortmund.html,viessmann.de,info-eisspeicher@viessmann-climatesolutions.com; info@viessmann-climatesolutions.com,https://www.viessmann.de/de/partner-vor-ort-suche.suffix.html/areaId=Dortmund.html | https://www.viessmann.de/de/kontakt.html | https://www.viessmann.de/de/kontakt/fachberatung/wohngebaeude.html,found
"Schwanitz: Heizung, Sanitär und Klima in Dortmund",Dortmund,(Sanitärinstallateur OR Heizungsinstallateur OR Kältetechnik) Dortmund,https://www.aschwanitz.de/,aschwanitz.de,,https://www.aschwanitz.de/ | https://www.aschwanitz.de/ueber-uns/ | https://www.aschwanitz.de/ueber-uns/unser-team,no_generic_email
Dirk Pagel | Sanitär Heizung Dortmund,Dortmund,(Sanitärinstallateur OR Heizungsinstallateur OR Kältetechnik) Dortmund,https://www.dirk-pagel.de/,dirk-pagel.de,info@dirk-pagel.de,https://www.dirk-pagel.de/ | https://www.dirk-pagel.de/scripts/kontakt/mail.aspx | https://www.dirk-pagel.de/unternehmen/shk/kontakt,found
Wilbrand Haustechnik aus Dortmund - Heizung | Bad | Klima ...,Dortmund,(Sanitärinstallateur OR Heizungsinstallateur OR Kältetechnik) Dortmund,https://www.wilbrand.info/,wilbrand.info,info@wilbrand.info,https://www.wilbrand.info/ | https://www.wilbrand.info/kontakt/ | https://www.wilbrand.info/impressum/,found
Installateur- & Heizungsbaumeister - Tim Gruner in Dortmund,Dortmund,(Sanitärinstallateur OR Heizungsinstallateur OR Kältetechnik) Dortmund,https://tim-gruner.de/,tim-gruner.de,info@tim-grunder.de; info@tim-gruner.de,https://tim-gruner.de/ | https://tim-gruner.de/kontakt/ | https://tim-gruner.de/ueber-uns/,found
Haustechnik Barkey GmbH: Sanitär Heizung Klima | Dortmund,Dortmund,(Sanitärinstallateur OR Heizungsinstallateur OR Kältetechnik) Dortmund,https://www.barkey-shk.de/,barkey-shk.de,info@barkey-shk.de,https://www.barkey-shk.de/ | https://www.barkey-shk.de/scripts/kontakt/mail.aspx | https://www.barkey-shk.de/unternehmen/proweb-advanced/kontakt,found
"Die Profis für Bad, Sanitär und Heizung - Dortmund",Dortmund,(Sanitärinstallateur OR Heizungsinstallateur OR Kältetechnik) Dortmund,https://bad-und-heizungs-profis.de/,bad-und-heizungs-profis.de,info@derbadprofi.de,https://bad-und-heizungs-profis.de/ | https://bad-und-heizungs-profis.de/unternehmen/kontaktformular/view/form.html | https://bad-und-heizungs-profis.de/unternehmen/kontakt.html,found
"Krebs Haustechnik GmbH, Dortmund: Elektro Sanitär Heizung",Dortmund,(Sanitärinstallateur OR Heizungsinstallateur OR Kältetechnik) Dortmund,https://www.krebs-haustechnik.de/,krebs-haustechnik.de,info@krebs-haustechnik.de,https://www.krebs-haustechnik.de/ | https://www.krebs-haustechnik.de/scripts/kontakt/mail.aspx | https://www.krebs-haustechnik.de/unternehmen/elektro-shk/kontakt,found
Klimaanlagen | Dortmund: Schmitt System Kälte e.K.,Dortmund,(Sanitärinstallateur OR Heizungsinstallateur OR Kältetechnik) Dortmund,https://www.schmittsystemkaelte.de/,schmittsystemkaelte.de,info@schmittsystemkaelte.de,https://www.schmittsystemkaelte.de/ | https://www.schmittsystemkaelte.de/kontakt | https://www.schmittsystemkaelte.de/impressum,found
"Installateur Sanitär Heizung | Herbert Krause GmbH, Dortmund",Dortmund,(Sanitärinstallateur OR Heizungsinstallateur OR Kältetechnik) Dortmund,https://www.herbertkrause.de/,herbertkrause.de,heizung_krause@t-online.de,https://www.herbertkrause.de/ | https://www.herbertkrause.de/scripts/kontakt/mail.aspx | https://www.herbertkrause.de/unternehmen/shk/kontakt,found
"neue Heizung, Wärmepumpe | Böhle Heiztechnik, Dortmund",Dortmund,(Sanitärinstallateur OR Heizungsinstallateur OR Kältetechnik) Dortmund,https://www.boehle-gmbh.de/,boehle-gmbh.de,info@boehle-gmbh.de,https://www.boehle-gmbh.de/ | https://www.boehle-gmbh.de/scripts/kontakt/mail.aspx | https://www.boehle-gmbh.de/unternehmen/shk/kontakt,found
"Heizung, Sanitär & Wärmepumpen in Dortmund | Schulz im Haus",Dortmund,(Sanitärinstallateur OR Heizungsinstallateur OR Kältetechnik) Dortmund,https://schulz-im-haus.de/,schulz-im-haus.de,info@schulz-im-haus.de; info@webseo.de,https://schulz-im-haus.de/ | https://schulz-im-haus.de/impressum/ | https://schulz-im-haus.de/kontakt/,found
KAT Systems Klimatechnik: Klimaanlagen + Lüftungsanlagen,Dortmund,(Sanitärinstallateur OR Heizungsinstallateur OR Kältetechnik) Dortmund,https://www.kaelte-klima-lueftungstechnik.de/,kaelte-klima-lueftungstechnik.de,info@kat-klimasysteme.de,https://www.kaelte-klima-lueftungstechnik.de/ | https://www.kaelte-klima-lueftungstechnik.de/uber-uns/ | https://www.kaelte-klima-lueftungstechnik.de/kontakt/,found
Ecotherm Dortmund: Ihr Meisterbetrieb für Sanitär & Heizung,Dortmund,(Sanitärinstallateur OR Heizungsinstallateur OR Kältetechnik) Dortmund,https://ecotherm-dortmund.de/,ecotherm-dortmund.de,info@ecotherm-dortmund.de,https://ecotherm-dortmund.de/ | https://ecotherm-dortmund.de/home/ueber-uns/ | https://ecotherm-dortmund.de/kontakt/,found
"Lecking Sanitär: Sanitär, Heizung- und Klimatechnik aus Dortmund",Dortmund,(Sanitärinstallateur OR Heizungsinstallateur OR Kältetechnik) Dortmund,https://lecking.de/,lecking.de,,https://lecking.de/ | https://lecking.de/wir-ueber-uns/ | https://lecking.de/wir-ueber-uns/mitarbeiter-innen/,no_generic_email
"Installateur Sanitär, Heizung | K. u. O. Meyer GmbH, Dortmund",Dortmund,(Sanitärinstallateur OR Heizungsinstallateur OR Kältetechnik) Dortmund,https://www.haustechnik-meyer.de/,haustechnik-meyer.de,,,fetch_error:URLError
Hagel-Haustechnik,Dortmund,(Sanitärinstallateur OR Heizungsinstallateur OR Kältetechnik) Dortmund,https://www.hagel-haustechnik.de/,hagel-haustechnik.de,,https://www.hagel-haustechnik.de/ | https://www.hagel-haustechnik.de/uber-uns,no_generic_email
Zimmer Haustechnik | Ihr Spezialist rund um Heizung und Sanitär in ...,Dortmund,(Sanitärinstallateur OR Heizungsinstallateur OR Kältetechnik) Dortmund,https://www.zimmer-haustechnik.com/,zimmer-haustechnik.com,info@zimmer-haustechnik.com,https://www.zimmer-haustechnik.com/ | https://www.zimmer-haustechnik.com/kontakt.html | https://www.zimmer-haustechnik.com/impressum.html,found
Heizung und Sanitär Kahlow aus Dortmund Aplerbeck ...,Dortmund,(Sanitärinstallateur OR Heizungsinstallateur OR Kältetechnik) Dortmund,https://heizung-sanitaer-do.de/,heizung-sanitaer-do.de,,https://heizung-sanitaer-do.de/,no_generic_email
Startseite | Hartwig & Schwibbe | Dortmund / NRW,Dortmund,(Sanitärinstallateur OR Heizungsinstallateur OR Kältetechnik) Dortmund,https://www.hartwig-schwibbe.de/,hartwig-schwibbe.de,service@hartwig-schwibbe.de,https://www.hartwig-schwibbe.de/ | https://www.hartwig-schwibbe.de/ueber-uns/ | https://www.hartwig-schwibbe.de/kontakt/,found
Bewertungen in Dortmund in der Kategorie Sanitär ... - YourRate,Dortmund,(Sanitärinstallateur OR Heizungsinstallateur OR Kältetechnik) Dortmund,https://www.yourrate.com/de/land/germany/2949/dortmund/622/sanitaer-heizungsinstallateur,yourrate.com,,,fetch_error:URLError
Misselwitz Gebäudetechnik GmbH - Effiziente Lösungen für Ihre ...,Dortmund,(Sanitärinstallateur OR Heizungsinstallateur OR Kältetechnik) Dortmund,https://misselwitz-heiztechnik.de/,misselwitz-heiztechnik.de,info@misselwitz-heiztechnik.de,https://misselwitz-heiztechnik.de/ | https://misselwitz-heiztechnik.de/kontakt463543,found
Orthen GmbH: Home,Dortmund,(Sanitärinstallateur OR Heizungsinstallateur OR Kältetechnik) Dortmund,https://orthen-gmbh.de/,orthen-gmbh.de,info@orthen-gmbh.de,https://orthen-gmbh.de/ | https://orthen-gmbh.de/ueber-uns/ | https://orthen-gmbh.de/ueber-uns/umwelt-und-verantwortung/,found
Ihr Partner für moderne Sanitär- und Heizungstechnik für Dortmund,Dortmund,(Sanitärinstallateur OR Heizungsinstallateur OR Kältetechnik) Dortmund,https://www.weissner.de/local/sanit%C3%A4r-%20und%20heizungstechnik%20dortmund,weissner.de,info@weissner.de,https://www.weissner.de/local/sanit%C3%A4r-%20und%20heizungstechnik%20dortmund | https://www.weissner.de/impressum,found
Klimatechnik Dortmund für Gewerbe - zeller-klima.de,Dortmund,(Sanitärinstallateur OR Heizungsinstallateur OR Kältetechnik) Dortmund,https://www.zeller-klima.de/klimatechnik-dortmund,zeller-klima.de,info@zeller-klima.de,https://www.zeller-klima.de/klimatechnik-dortmund | https://www.zeller-klima.de/ueber-uns | https://www.zeller-klima.de/kontakt,found
Bad & Sanitär in Dortmund ✔️ Hier Angebote erhalten,Dortmund,(Sanitärinstallateur OR Heizungsinstallateur OR Kältetechnik) Dortmund,https://www.bad-sanitaer.com/Badausstatter/dortmund,bad-sanitaer.com,,https://www.bad-sanitaer.com/Badausstatter/dortmund,no_generic_email
Sanitär Hoffmann GmbH - Dortmund,Dortmund,(Sanitärinstallateur OR Heizungsinstallateur OR Kältetechnik) Dortmund,https://www.hoffmann-dortmund.de/,hoffmann-dortmund.de,info@hoffmann-dortmund.de,https://www.hoffmann-dortmund.de/ | https://www.hoffmann-dortmund.de/kontakt/ | https://www.hoffmann-dortmund.de/impressum/,found
Gilenberg – & Baumgart,Dortmund,(Sanitärinstallateur OR Heizungsinstallateur OR Kältetechnik) Dortmund,https://gb-gmbh.net/,gb-gmbh.net,info@gb-gmbh.net,https://gb-gmbh.net/ | https://gb-gmbh.net/ueber-uns/ | https://gb-gmbh.net/kontakt/,found
Calani - Dortmund,Dortmund,(Sanitärinstallateur OR Heizungsinstallateur OR Kältetechnik) Dortmund,https://calani.eu/,calani.eu,,https://calani.eu/ | https://calani.eu/kontakt/ | https://calani.eu/impressum/,no_generic_email
Elektroniker (m/w/d) Energie- und Gebäudetechnik in Dortmund,Dortmund,(Elektriker OR Gebäudetechnik OR Sicherheitstechnik OR Rohrreinigung) Dortmund,https://jobs.piepenbrock.de/stellenangebote-arbeitswelten/techniker-jobs/elektroniker-mwd-energie-und-gebaeudetechnik-dortmund_2025-5494/,jobs.piepenbrock.de,,https://jobs.piepenbrock.de/stellenangebote-arbeitswelten/techniker-jobs/elektroniker-mwd-energie-und-gebaeudetechnik-dortmund_2025-5494/,no_generic_email
Elektro Fischer GmbH in Dortmund,Dortmund,(Elektriker OR Gebäudetechnik OR Sicherheitstechnik OR Rohrreinigung) Dortmund,https://www.fischer-elektrotechnik.de/,fischer-elektrotechnik.de,info@fischer-elektrotechnik.de,https://www.fischer-elektrotechnik.de/ | https://www.fischer-elektrotechnik.de/kontakt | https://www.fischer-elektrotechnik.de/impressum,found
Ihr Fachmann für Sanitär & Heizung » Brockhaus GmbH,Dortmund,(Sanitärinstallateur OR Heizungsinstallateur OR Kältetechnik) Dortmund,https://haustechnik-brockhaus.de/,haustechnik-brockhaus.de,info@haustechnik-brockhaus.de,https://haustechnik-brockhaus.de/ | https://haustechnik-brockhaus.de/kontakt/ | https://haustechnik-brockhaus.de/impressum/,found
Gebäudetechnik - Schulz in Bestform,Dortmund,(Elektriker OR Gebäudetechnik OR Sicherheitstechnik OR Rohrreinigung) Dortmund,https://schulz-in-bestform.com/,schulz-in-bestform.com,info@schulz-in-bestform.com,https://schulz-in-bestform.com/ | https://schulz-in-bestform.com/uber-uns/ | https://schulz-in-bestform.com/kontakt/,found
LT Gebäudetechnik Dortmund – Ihr Elektromeisterbetrieb,Dortmund,(Elektriker OR Gebäudetechnik OR Sicherheitstechnik OR Rohrreinigung) Dortmund,https://www.lt-gebaeudetechnik.de/,lt-gebaeudetechnik.de,,,fetch_error:URLError
Ausbildung als Elektroniker Fachrichtung Energie ... - Axel Westecker,Dortmund,(Elektriker OR Gebäudetechnik OR Sicherheitstechnik OR Rohrreinigung) Dortmund,https://axel-westecker.de/ausbildung-als-elektroniker-fachrichtung-energie-und-gebaeudetechnik-mwd,axel-westecker.de,,https://axel-westecker.de/ausbildung-als-elektroniker-fachrichtung-energie-und-gebaeudetechnik-mwd,no_generic_email
Ralf Arndt Elektrotechnik GmbH: Home,Dortmund,(Elektriker OR Gebäudetechnik OR Sicherheitstechnik OR Rohrreinigung) Dortmund,https://ra-elektro.de/,ra-elektro.de,info@ra-elektro.de,https://ra-elektro.de/ | https://ra-elektro.de/wir-ueber-uns/ | https://ra-elektro.de/kontakt/,found
Schäfer Elektro-Anlagen – Elektrotechnik für Gebäude & Industrie,Dortmund,(Elektriker OR Gebäudetechnik OR Sicherheitstechnik OR Rohrreinigung) Dortmund,https://www.schaefer-elektroanlagen.de/,schaefer-elektroanlagen.de,info@schaefer-elektroanlagen.de,https://www.schaefer-elektroanlagen.de/ | https://www.schaefer-elektroanlagen.de/impressum--datenschutz,found
"Rohrreinigung Gehrmann in Dortmund, Ihr Partner für Rohr- und ...",Dortmund,(Elektriker OR Gebäudetechnik OR Sicherheitstechnik OR Rohrreinigung) Dortmund,https://www.rohrreinigung-gehrmann.de/,rohrreinigung-gehrmann.de,info@rohrreinigung-gehrmann.de,https://www.rohrreinigung-gehrmann.de/ | https://www.rohrreinigung-gehrmann.de/kontakt.html | https://www.rohrreinigung-gehrmann.de/ueber-uns.html,found
Gebäudetechnik Jobs Dortmund | aktuell 70 offen - JOBworld,Dortmund,(Elektriker OR Gebäudetechnik OR Sicherheitstechnik OR Rohrreinigung) Dortmund,https://www.jobworld.de/geb%C3%A4udetechnik-jobs-dortmund,jobworld.de,kontakt@jobworld.de,https://www.jobworld.de/geb%C3%A4udetechnik-jobs-dortmund | https://www.jobworld.de/impressum,found
Elektro-Fachbetrieb Lindner in Dortmund - seit 1982 Elektriker vor Ort,Dortmund,(Elektriker OR Gebäudetechnik OR Sicherheitstechnik OR Rohrreinigung) Dortmund,https://elektro-lindner.eu/,elektro-lindner.eu,,https://elektro-lindner.eu/index.html | https://elektro-lindner.eu/kontakt.html | https://elektro-lindner.eu/impressum.html,no_generic_email
Elektro Lischer,Dortmund,(Elektriker OR Gebäudetechnik OR Sicherheitstechnik OR Rohrreinigung) Dortmund,https://elektro-lischer.de/,elektro-lischer.de,info@elektrotechnik-lischer.de,https://elektro-lischer.de/ | https://elektro-lischer.de/kontaktdaten-und-formular/ | https://elektro-lischer.de/impressum/,found
Bauer Elektrotechnik GmbH & Co. KG - e-masters - Dortmund,Dortmund,(Elektriker OR Gebäudetechnik OR Sicherheitstechnik OR Rohrreinigung) Dortmund,https://www.bauer.nrw/,bauer.nrw,,https://www.bauer.nrw/ | https://www.bauer.nrw/wir-ueber-uns.html | https://www.bauer.nrw/wir-ueber-uns/historie.html,no_generic_email
Die 15 besten Elektriker in Dortmund - Houzz.de,Dortmund,(Elektriker OR Gebäudetechnik OR Sicherheitstechnik OR Rohrreinigung) Dortmund,https://www.houzz.de/professionals/elektriker/dortmund-07-de-probr0-bo~t_12007~r_2935517,houzz.de,,https://www.houzz.de/professionals/elektriker/dortmund-07-de-probr0-bo~t_12007~r_2935517,no_generic_email
Ausbildung: Elektroniker/in Energie- und Gebäudetechnik,Dortmund,(Elektriker OR Gebäudetechnik OR Sicherheitstechnik OR Rohrreinigung) Dortmund,https://www.kocher-elektrotechnik.de/ausbildung-elektroniker/,kocher-elektrotechnik.de,info@kocher-elektrotechnik.de,https://www.kocher-elektrotechnik.de/ausbildung-elektroniker/ | https://www.kocher-elektrotechnik.de/kontakt/ | https://www.kocher-elektrotechnik.de/impressum/,found
Karriere bei Elektrotechnik Rüschenbaum | Jetzt bewerben - 2024,Dortmund,(Elektriker OR Gebäudetechnik OR Sicherheitstechnik OR Rohrreinigung) Dortmund,https://elektrotechnik-rueschenbaum.de/karriere/,elektrotechnik-rueschenbaum.de,,https://elektrotechnik-rueschenbaum.de/karriere/ | https://elektrotechnik-rueschenbaum.de/ueber-uns/ | https://elektrotechnik-rueschenbaum.de/kontakt/,no_generic_email
Elektrotechnik - Elektriker Dortmund,Dortmund,(Elektriker OR Gebäudetechnik OR Sicherheitstechnik OR Rohrreinigung) Dortmund,https://elektro-rohrmoser.de/elektriker-dortmund/,elektro-rohrmoser.de,info@elektro-rohrmoser.de,https://elektro-rohrmoser.de/elektriker-dortmund/ | https://elektro-rohrmoser.de/kontakt/ | https://elektro-rohrmoser.de/kontakt/,found
"Elektro-Tec Dortmund GmbH – Ihr Partner für Elektro-, Netzwerk ...",Dortmund,(Elektriker OR Gebäudetechnik OR Sicherheitstechnik OR Rohrreinigung) Dortmund,https://elektro-tec-dortmund.de/,elektro-tec-dortmund.de,,https://elektro-tec-dortmund.de/,no_generic_email
Elektroniker/in Energie u Gebäudetechnik,Dortmund,(Elektriker OR Gebäudetechnik OR Sicherheitstechnik OR Rohrreinigung) Dortmund,https://aa-hwk.de/umschulungen/elektroniker-energie-und-gebaeudetechnik/,aa-hwk.de,info@aa-hwk.de,https://aa-hwk.de/umschulungen/elektroniker-energie-und-gebaeudetechnik/ | https://aa-hwk.de/ueber-uns/ | https://aa-hwk.de/ueber-uns/leitbild/,found
Elektro Wördehoff GmbH - Dortmund - Elektro Elektro Wördehoff ...,Dortmund,(Elektriker OR Gebäudetechnik OR Sicherheitstechnik OR Rohrreinigung) Dortmund,https://elektro-woerdehoff.de/,elektro-woerdehoff.de,buero@elektro-woerdehoff.de; info@hwk-do.de; test-mail@elektro-woerdehoff.de,https://elektro-woerdehoff.de/ | https://elektro-woerdehoff.de/index.php?action=impressum&fon=fsn,found
Gebäudetechnik in Dortmund - Wilhelm Schäfer Elektro-Anlagen ...,Dortmund,(Elektriker OR Gebäudetechnik OR Sicherheitstechnik OR Rohrreinigung) Dortmund,https://www.dortmund-ratgeber.de/gebaeudetechnik-in-dortmund.html,dortmund-ratgeber.de,info@schaefer-elektroanlagen.de,https://www.dortmund-ratgeber.de/gebaeudetechnik-in-dortmund.html | https://www.dortmund-ratgeber.de/impressum.html,found
BERO – Elektroanlagen & Kabelwegebau | Dortmund & NRW,Dortmund,(Elektriker OR Gebäudetechnik OR Sicherheitstechnik OR Rohrreinigung) Dortmund,https://bero-elektro.de/,bero-elektro.de,info@bero-elektro.de; mail@beispiel.de,https://bero-elektro.de/ | https://bero-elektro.de/impressum,found
Elektrotechnik (HWK-MA - Handwerkskammer Dortmund,Dortmund,(Elektriker OR Gebäudetechnik OR Sicherheitstechnik OR Rohrreinigung) Dortmund,https://www.hwk-do.de/meister/meisterkurse/teil-i-und-ii/elektrotechnik/,hwk-do.de,info@hwk-do.de; info@kfz-innung-herne.de; info@schornsteinfegerinnung.de,https://www.hwk-do.de/meister/meisterkurse/teil-i-und-ii/elektrotechnik/ | https://www.hwk-do.de/kontaktformular/ | https://www.hwk-do.de/pruefung/kontakte-innungen/,found
[PDF] Firmenliste Serviecportal.xlsx,Dortmund,(Elektriker OR Gebäudetechnik OR Sicherheitstechnik OR Rohrreinigung) Dortmund,https://www.dortmund.de/dortmund/projekte/rathaus/verwaltung/stadtentwaesserung-dortmund/downloads/firmenliste-zur-rueckstausicherung.pdf,dortmund.de,,https://www.dortmund.de/dortmund/projekte/rathaus/verwaltung/stadtentwaesserung-dortmund/downloads/firmenliste-zur-rueckstausicherung.pdf,no_generic_email
Elektroinstallationen in Dortmund - Sternberg Gebäudetechnik GmbH,Dortmund,(Elektriker OR Gebäudetechnik OR Sicherheitstechnik OR Rohrreinigung) Dortmund,https://sternberg-technik.de/elektroinstallationen/dortmund,sternberg-technik.de,,,fetch_error:URLError
"Schnurbusch Elektrotechnik - Elektroinstallationen, Dortmund",Dortmund,(Elektriker OR Gebäudetechnik OR Sicherheitstechnik OR Rohrreinigung) Dortmund,http://www.schnurbusch-elektro.de/,schnurbusch-elektro.de,mail@schnurbusch-elektro.de,http://www.schnurbusch-elektro.de/,found
Hollmann Elektrotechnik,Dortmund,(Elektriker OR Gebäudetechnik OR Sicherheitstechnik OR Rohrreinigung) Dortmund,https://www.hollmann-elektrotechnik.de/,hollmann-elektrotechnik.de,info@hollmann-elektrotechnik.de,https://www.hollmann-elektrotechnik.de/ | https://www.hollmann-elektrotechnik.de/impressum,found
Sanitär in Dortmund | 2026 - jobs-in-dortmund.info,Dortmund,(Elektriker OR Gebäudetechnik OR Sicherheitstechnik OR Rohrreinigung) Dortmund,https://www.jobs-in-dortmund.info/branchenbuch/sanitaer,jobs-in-dortmund.info,,https://www.jobs-in-dortmund.info/branchenbuch/sanitaer | https://www.jobs-in-dortmund.info/impressum.html,no_generic_email
Gabriel Elektrotechnik Dortmund | Fachgerecht installiert,Dortmund,(Elektriker OR Gebäudetechnik OR Sicherheitstechnik OR Rohrreinigung) Dortmund,https://gabriel-elektrotechnik.de/,gabriel-elektrotechnik.de,info@gabriel-elektrotechnik.de,https://gabriel-elektrotechnik.de/ | https://gabriel-elektrotechnik.de/kontakt/ | https://gabriel-elektrotechnik.de/impressum/,found
Kensy Elektrotechnik GmbH - Home,Dortmund,(Elektriker OR Gebäudetechnik OR Sicherheitstechnik OR Rohrreinigung) Dortmund,https://www.kensy-elektro.de/index.html,kensy-elektro.de,info@kensy-elektro.de,https://www.kensy-elektro.de/index.html | https://www.kensy-elektro.de/ueber-uns-14.html | https://www.kensy-elektro.de/kontakt-63.html,found
Elektroniker/-in (m/w/d) – Energie- und Gebäudetechnik,Dortmund,(Elektriker OR Gebäudetechnik OR Sicherheitstechnik OR Rohrreinigung) Dortmund,https://www.entasi.tech/unternehmen/elektro/recruiting/jobdetail?mode=jobdetail&jobid=15235,entasi.tech,info@entasi.tech,https://www.entasi.tech/unternehmen/elektro/recruiting/jobdetail?mode=jobdetail&jobid=15235 | https://www.entasi.tech/scripts/kontakt/mail.aspx | https://www.entasi.tech/unternehmen/elektro/kontakt,found
Elektro Becker GmbH - Dortmund,Dortmund,(Elektriker OR Gebäudetechnik OR Sicherheitstechnik OR Rohrreinigung) Dortmund,https://www.elektrobecker-dortmund.de/,elektrobecker-dortmund.de,info@elektrobecker-dortmund.de,https://www.elektrobecker-dortmund.de/ | https://www.elektrobecker-dortmund.de/uber-uns/,found
Energie- und Gebäudetechnik - E-AKADEMIE.NRW,Dortmund,(Elektriker OR Gebäudetechnik OR Sicherheitstechnik OR Rohrreinigung) Dortmund,https://www.e-akademie.nrw/termine/seminare-e-akademienrw/technik/energie-und-gebaeudetechnik.html,e-akademie.nrw,,,fetch_error:HTTPError
Sicherheitstechnik für Ihr Zuhause aus Dortmund,Dortmund,(Elektriker OR Gebäudetechnik OR Sicherheitstechnik OR Rohrreinigung) Dortmund,https://www.elektro-wiemann.de/elektro/sicherheitstechnik,elektro-wiemann.de,info@elektro-wiemann.de,https://www.elektro-wiemann.de/elektro/sicherheitstechnik | https://www.elektro-wiemann.de/scripts/kontakt/mail.aspx | https://www.elektro-wiemann.de/unternehmen/elektro/kontakt,found
Elektro Seker,Dortmund,(Elektriker OR Gebäudetechnik OR Sicherheitstechnik OR Rohrreinigung) Dortmund,http://www.elektroseker.de/,elektroseker.de,info@elektroseker.de,http://www.elektroseker.de/,found
Seibel365 Dortmund ❤️ Gebäudetechnik für Hausverwaltungen,Dortmund,(Elektriker OR Gebäudetechnik OR Sicherheitstechnik OR Rohrreinigung) Dortmund,https://seibel-dortmund.de/,seibel-dortmund.de,service@gmbh-seibel.de,https://seibel-dortmund.de/ | https://seibel-dortmund.de/ueber-uns/ | https://seibel-dortmund.de/impressum/,found
Elektrotechnik - MENNE Sanitär & Heizung,Dortmund,(Elektriker OR Gebäudetechnik OR Sicherheitstechnik OR Rohrreinigung) Dortmund,https://menne-haustechnik.de/elektrotechnik/,menne-haustechnik.de,info@menne-haustechnik.de,https://menne-haustechnik.de/elektrotechnik/ | https://menne-haustechnik.de/about-us/ | https://menne-haustechnik.de/contact-us/,found
Elektroniker*in für Gebäudesystemintegration,Dortmund,(Elektriker OR Gebäudetechnik OR Sicherheitstechnik OR Rohrreinigung) Dortmund,https://www.rbbk-dortmund.de/berufe/elektrotechnik/elektronikerin-fuer-gebaeudesystemintegration,rbbk-dortmund.de,buero@rbbk-do.de; info@kajado.de,https://www.rbbk-dortmund.de/berufe/elektrotechnik/elektronikerin-fuer-gebaeudesystemintegration | https://www.rbbk-dortmund.de/ueber-uns | https://www.rbbk-dortmund.de/ueber-uns/aktuelles,found
Elektroinstallation aus Dortmund - Elektrotechnik Windmüller,Dortmund,(Elektriker OR Gebäudetechnik OR Sicherheitstechnik OR Rohrreinigung) Dortmund,https://www.e-t-w.com/elektro/elektroinstallation,e-t-w.com,info@e-t-w.com,https://www.e-t-w.com/elektro/elektroinstallation | https://www.e-t-w.com/scripts/kontakt/mail.aspx | https://www.e-t-w.com/unternehmen/elektro/kontakt,found
Elektrotechnik Scharfe GmbH - STARTSEITE,Dortmund,(Elektriker OR Gebäudetechnik OR Sicherheitstechnik OR Rohrreinigung) Dortmund,https://www.elektro-scharfe.de/,elektro-scharfe.de,,https://www.elektro-scharfe.de/ | https://www.elektro-scharfe.de/UeBER-UNS/ | https://www.elektro-scharfe.de/KONTAKT/,no_generic_email
HWT - Handwerksteam Dortmund - Elektrotechnik- Fliesen,Dortmund,(Elektriker OR Gebäudetechnik OR Sicherheitstechnik OR Rohrreinigung) Dortmund,https://www.hwt-do.de/inhalt.html,hwt-do.de,,,fetch_error:URLError
Elektrotechnik-Service - Elektro Stadtfeld Dortmund,Dortmund,(Elektriker OR Gebäudetechnik OR Sicherheitstechnik OR Rohrreinigung) Dortmund,https://elektro-stadtfeld.de/leistungen/elektrotechnik-service,elektro-stadtfeld.de,info@elektro-stadtfeld.de,https://elektro-stadtfeld.de/leistungen/elektrotechnik-service | https://elektro-stadtfeld.de/kontakt,found
SMW Elektrotechnik Stamberg-Maschmann-Wick GbR | Dortmund,Dortmund,(Elektriker OR Gebäudetechnik OR Sicherheitstechnik OR Rohrreinigung) Dortmund,https://www.elektrotechnik-dortmund.de/,elektrotechnik-dortmund.de,,https://www.elektrotechnik-dortmund.de/ | https://www.elektrotechnik-dortmund.de/kontakt | https://www.elektrotechnik-dortmund.de/impressum,no_generic_email
https://dortmund.branchen-info.net/sanitaertechnik...,Dortmund,(Elektriker OR Gebäudetechnik OR Sicherheitstechnik OR Rohrreinigung) Dortmund,https://dortmund.branchen-info.net/sanitaertechnik-4451-1.php,dortmund.branchen-info.net,,,fetch_error:URLError
Elektroinstallation für Industrie & Gewerbe - Bullmann-Elektrotechnik,Dortmund,(Elektriker OR Gebäudetechnik OR Sicherheitstechnik OR Rohrreinigung) Dortmund,https://www.bullmann-elektrotechnik.de/elektroinstallation-f%C3%BCr-industrie-und-gewerbe,bullmann-elektrotechnik.de,info@bullmann-elektrotechnik.de,https://www.bullmann-elektrotechnik.de/elektroinstallation-f%C3%BCr-industrie-und-gewerbe | https://www.bullmann-elektrotechnik.de/kontakt | https://www.bullmann-elektrotechnik.de/impressum,found
Über uns | Ingenieurgesellschaft Klaus Drücke in Dortmund,Dortmund,(Elektriker OR Gebäudetechnik OR Sicherheitstechnik OR Rohrreinigung) Dortmund,https://www.druecke.de/unternehmen/,druecke.de,info@druecke.de,https://www.druecke.de/unternehmen/ | https://www.druecke.de/kontakt/ | https://www.druecke.de/impressum/,found
moderne und effiziente Lösungen - Heidemann Gebäudetechnik,Dortmund,(Elektriker OR Gebäudetechnik OR Sicherheitstechnik OR Rohrreinigung) Dortmund,https://heidemann.de/gebaeudetechnik/,heidemann.de,info@heidemann.de,https://heidemann.de/gebaeudetechnik/ | https://heidemann.de/kontakt/,found
Gewerbe & Industrie - EB Elektrotechnik Dortmund,Dortmund,(Elektriker OR Gebäudetechnik OR Sicherheitstechnik OR Rohrreinigung) Dortmund,https://ebelektrotechnik.de/gewerbe-industrie/,ebelektrotechnik.de,info@eb-etechnik.de; info@ebelektrotechnik.de; info@ebelektrotechnik.dewebsite,https://ebelektrotechnik.de/gewerbe-industrie/ | https://ebelektrotechnik.de/kontakt/ | https://ebelektrotechnik.de/impressum/,found
Innung für Elektrotechnik Dortmund und Lünen (inkl. Fachgruppe IT),Dortmund,(Elektriker OR Gebäudetechnik OR Sicherheitstechnik OR Rohrreinigung) Dortmund,https://kh-handwerk.de/innungen/innungen_dortmund-luenen/innung-fuer-elektrotechnik-dortmund-luenen/,kh-handwerk.de,info@ac-elektrotechnik.net; info@albrecht-notstrom.de; info@arikan-gmbh.de; info@baustrom-grebo.de; info@bhd-elektrotechnik.de; info@ccbaecker.com; info@dew21.de; info@do-netz.de; info@elektro-brisch.de; info@elektro-koehler-dortmund.de; info@elektro-lange.de; info@gatter3-technik.com; info@grosse-wentrup.de; info@kh-hagen.de; info@kh-handwerk.de; info@la-ceramica.de; info@soekefeld-elektrotechnik.de; kontakt@3kmave.de,https://kh-handwerk.de/innungen/innungen_dortmund-luenen/innung-fuer-elektrotechnik-dortmund-luenen/ | https://kh-handwerk.de/ueber-uns/vorteile-mitgliedschaft/ | https://kh-handwerk.de/ueber-uns/,found
Die Heizungsmännchen: Heizungsfachbetrieb in Essen,Essen,(Sanitärinstallateur OR Heizungsinstallateur OR Kältetechnik) Essen,https://heizungsmaennchen.de/,heizungsmaennchen.de,info@heizungsmaennchen.de,https://heizungsmaennchen.de/ | https://heizungsmaennchen.de/about/ | https://heizungsmaennchen.de/contact-us/,found
"Heizungen, Klimaanlagen, Sanitär in Essen und Umgebung",Essen,(Sanitärinstallateur OR Heizungsinstallateur OR Kältetechnik) Essen,https://heizungs.land/,heizungs.land,info@devk.de; info@hwk-duesseldorf.de,https://heizungs.land/ | https://heizungs.land/impressum/,found
"Installateur Sanitär Heizung | Essen, Heinz Sperling GmbH",Essen,(Sanitärinstallateur OR Heizungsinstallateur OR Kältetechnik) Essen,https://www.heinz-sperling-gmbh.de/,heinz-sperling-gmbh.de,info@heinz-sperling-gmbh.de,https://www.heinz-sperling-gmbh.de/ | https://www.heinz-sperling-gmbh.de/scripts/kontakt/mail.aspx | https://www.heinz-sperling-gmbh.de/unternehmen/shk/kontakt,found
KÄLTEgrad! - KÄLTEgrad! Kälte- und Klimatechnik - 45139 Essen,Essen,(Sanitärinstallateur OR Heizungsinstallateur OR Kältetechnik) Essen,https://www.kaeltegrad.de/,kaeltegrad.de,,https://www.kaeltegrad.de/ | https://www.kaeltegrad.de/kontakt/ | https://www.kaeltegrad.de/kontakt/anfahrt/,no_generic_email
"ZS Haustechnik, Essen: Heizung, Sanitär, Lüftung",Essen,(Sanitärinstallateur OR Heizungsinstallateur OR Kältetechnik) Essen,https://www.zs-haustechnik.de/,zs-haustechnik.de,kontakt@zs-haustechnik.de,https://www.zs-haustechnik.de/,found
Daikin Klimaanlagen & Wärmepumpen Essen | KKM Meixner,Essen,(Sanitärinstallateur OR Heizungsinstallateur OR Kältetechnik) Essen,https://www.klima-meixner.de/,klima-meixner.de,,,fetch_error:URLError
Schuster Sanitär & Heizung | Badsanierung & Heizung in Essen,Essen,(Sanitärinstallateur OR Heizungsinstallateur OR Kältetechnik) Essen,https://www.schuster.ruhr/,schuster.ruhr,info@schuster-sanitaer.de,https://www.schuster.ruhr/ | https://www.schuster.ruhr/kontakt | https://www.schuster.ruhr/impressum,found
Reich GmbH | Heizungsbau & Elektroinstallationen in Essen,Essen,(Sanitärinstallateur OR Heizungsinstallateur OR Kältetechnik) Essen,https://www.reich-essen.de/,reich-essen.de,,,fetch_error:URLError
Assenmacher GmbH – Sanitär & Heizung in Essen,Essen,(Sanitärinstallateur OR Heizungsinstallateur OR Kältetechnik) Essen,https://assenmacher-gmbh.de/,assenmacher-gmbh.de,,https://assenmacher-gmbh.de/,no_generic_email
"Installateur Sanitär Heizung | Beisemann & Graute, Essen Kupferdreh",Essen,(Sanitärinstallateur OR Heizungsinstallateur OR Kältetechnik) Essen,https://www.beisemann-graute.de/,beisemann-graute.de,info@beisemann-graute.de,https://www.beisemann-graute.de/ | https://www.beisemann-graute.de/scripts/kontakt/mail.aspx | https://www.beisemann-graute.de/unternehmen/shk/kontakt,found
"Elektro Sanitär Heizung | Elektro Eisert GmbH, Essen",Essen,(Sanitärinstallateur OR Heizungsinstallateur OR Kältetechnik) Essen,https://www.elektro-eisert.de/,elektro-eisert.de,info@elektro-eisert.de,https://www.elektro-eisert.de/ | https://www.elektro-eisert.de/scripts/kontakt/mail.aspx | https://www.elektro-eisert.de/unternehmen/elektro-shk/kontakt,found
"Installateur Sanitär Heizung | SINA GmbH, Essen",Essen,(Sanitärinstallateur OR Heizungsinstallateur OR Kältetechnik) Essen,https://www.sina-essen.de/,sina-essen.de,info@sina-essen.de,https://www.sina-essen.de/ | https://www.sina-essen.de/scripts/kontakt/mail.aspx | https://www.sina-essen.de/unternehmen/shk/kontakt,found
Platte GmbH: Heizungs- und Sanitärinstallateur | Essen,Essen,(Sanitärinstallateur OR Heizungsinstallateur OR Kältetechnik) Essen,https://www.platte-sanitaer.de/,platte-sanitaer.de,,https://www.platte-sanitaer.de/ | https://www.platte-sanitaer.de/impressum,no_generic_email
"Reinhold Metzelaars - Ihr Profi für Badsanierung, Heizungsbau ...",Essen,(Sanitärinstallateur OR Heizungsinstallateur OR Kältetechnik) Essen,https://metzelaars.de/,metzelaars.de,info@metzelaars.de,https://metzelaars.de/ | https://metzelaars.de/uber-uns/ | https://metzelaars.de/kontakt/,found
"Bernd Rücker , Start, 45309 Essen",Essen,(Sanitärinstallateur OR Heizungsinstallateur OR Kältetechnik) Essen,https://www.ruecker-sanitaer-heizung.de/,ruecker-sanitaer-heizung.de,service@w4pro.de,https://www.ruecker-sanitaer-heizung.de/ | https://www.ruecker-sanitaer-heizung.de/?ueber-uns&menu=806,found
"KALTWERK | Kältetechnik, Klimatechnik in Essen",Essen,(Sanitärinstallateur OR Heizungsinstallateur OR Kältetechnik) Essen,https://www.kaltwerk.de/,kaltwerk.de,info@kaltwerk.de,https://www.kaltwerk.de/ | https://www.kaltwerk.de/kontakt.html | https://www.kaltwerk.de/impressum.html,found
Markus Vollmer,Essen,(Sanitärinstallateur OR Heizungsinstallateur OR Kältetechnik) Essen,https://sanitaer-vollmer.de/,sanitaer-vollmer.de,heizung@sanitaer-vollmer.de,https://sanitaer-vollmer.de/ | https://sanitaer-vollmer.de/impressum/ | https://sanitaer-vollmer.de/impressum/,found
Reci GmbH: Sanitärinstallationen | Solar | Essen,Essen,(Sanitärinstallateur OR Heizungsinstallateur OR Kältetechnik) Essen,https://www.reci-heizungsanitaer.de/,reci-heizungsanitaer.de,info@reci-heizungsanitaer.de,https://www.reci-heizungsanitaer.de/ | https://www.reci-heizungsanitaer.de/impressum,found
"Talic GmbH: Sanitär, Heizung, Solar in Bad Essen",Essen,(Sanitärinstallateur OR Heizungsinstallateur OR Kältetechnik) Essen,https://www.talic-gmbh.de/,talic-gmbh.de,info@talic-gmbh.de,https://www.talic-gmbh.de/ | https://www.talic-gmbh.de/scripts/kontakt/mail.aspx | https://www.talic-gmbh.de/unternehmen/shk/kontakt,found
Petzold und Sohn: Heizung . Sanitär . Regenerative Energien in Essen,Essen,(Sanitärinstallateur OR Heizungsinstallateur OR Kältetechnik) Essen,https://www.petzoldundsohn.de/,petzoldundsohn.de,info@petzoldundsohn.de,https://www.petzoldundsohn.de/ | https://www.petzoldundsohn.de/scripts/kontakt/mail.aspx | https://www.petzoldundsohn.de/unternehmen/shk/kontakt,found
"Sanitär, Heizung & Klima in Essen - Kost & Sohn",Essen,(Sanitärinstallateur OR Heizungsinstallateur OR Kältetechnik) Essen,https://kost-haustechnik.de/,kost-haustechnik.de,,https://kost-haustechnik.de/ | https://kost-haustechnik.de/UeBER-UNS | https://kost-haustechnik.de/KONTAKT,no_generic_email
Hecker Klima – # COOL BLEIBEN,Essen,(Sanitärinstallateur OR Heizungsinstallateur OR Kältetechnik) Essen,https://www.hecker-klima.de/,hecker-klima.de,info@hecker-klima.de,https://www.hecker-klima.de/,found
Bad Becker,Essen,(Sanitärinstallateur OR Heizungsinstallateur OR Kältetechnik) Essen,https://www.bad-becker.de/index.html,bad-becker.de,,https://www.bad-becker.de/index.html | https://www.bad-becker.de/unternehmen/ueber-uns.html | https://www.bad-becker.de/service/kontakt.html,no_generic_email
Startseite | A&O Wärme-Concept GmbH | Bad Essen,Essen,(Sanitärinstallateur OR Heizungsinstallateur OR Kältetechnik) Essen,https://www.ao-waerme.de/,ao-waerme.de,info@ao-waerme.de; info@hwk-os-el.de,https://www.ao-waerme.de/ | https://www.ao-waerme.de/kontakt | https://www.ao-waerme.de/impressum,found
ÖS Kälte & Klimatechnik: Start,Essen,(Sanitärinstallateur OR Heizungsinstallateur OR Kältetechnik) Essen,https://oeskaelteklimatechnik.de/,oeskaelteklimatechnik.de,info@oeskaelteklimatechnik.de,https://oeskaelteklimatechnik.de/ | https://oeskaelteklimatechnik.de/kontakt/,found
"Installateur Sanitär Heizung | SIC Haustechnik, Essen",Essen,(Sanitärinstallateur OR Heizungsinstallateur OR Kältetechnik) Essen,https://www.sic-ht.de/,sic-ht.de,info@sic-ht.de,https://www.sic-ht.de/ | https://www.sic-ht.de/scripts/kontakt/mail.aspx | https://www.sic-ht.de/unternehmen/shk/kontakt,found
Grad°genau! Energieeffiziente Kälte- und Klimatechnik aus Essen.,Essen,(Sanitärinstallateur OR Heizungsinstallateur OR Kältetechnik) Essen,https://www.grad-genau.de/,grad-genau.de,,https://www.grad-genau.de/ | https://www.grad-genau.de/impressum/,no_generic_email
"Sanitaer & Heizung| Badhaus Roman Simoneit | Essen, NRW",Essen,(Sanitärinstallateur OR Heizungsinstallateur OR Kältetechnik) Essen,https://roman-simoneit.de/sanitaer---heizung.html,roman-simoneit.de,info@roman-simoneit.de,https://roman-simoneit.de/sanitaer---heizung.html | https://roman-simoneit.de/impressum.html,found
BAD Boys Sanitär,Essen,(Sanitärinstallateur OR Heizungsinstallateur OR Kältetechnik) Essen,https://www.badboysshk.de/,badboysshk.de,info@badboys-shk.de,https://www.badboysshk.de/ | https://www.badboysshk.de/tacheles-kontakt | https://www.badboysshk.de/datenschutz,found
Kälte Klima GoCool – Klimaanlagen & Kälktechnik in Essen,Essen,(Sanitärinstallateur OR Heizungsinstallateur OR Kältetechnik) Essen,https://kaelte-klimatechnik-essen.de/,kaelte-klimatechnik-essen.de,info@gocool.de,https://kaelte-klimatechnik-essen.de/ | https://kaelte-klimatechnik-essen.de/kontakt/ | https://kaelte-klimatechnik-essen.de/impressum/,found
Köhler Heizung-Sanitär-Klima: Badplanung und -gestaltung | Essen,Essen,(Sanitärinstallateur OR Heizungsinstallateur OR Kältetechnik) Essen,https://koehler-hsk.smartsites.de/,koehler-hsk.smartsites.de,info@koehler-hsk.de,https://koehler-hsk.smartsites.de/ | https://koehler-hsk.smartsites.de/impressum,found
H. Siefker Haustechnik GmbH | Mobile,Essen,(Sanitärinstallateur OR Heizungsinstallateur OR Kältetechnik) Essen,https://www.siefker-haustechnik.de/,siefker-haustechnik.de,info@siefker-haustechnik.de,https://www.siefker-haustechnik.de/611.html,found
Kältebrüder GmbH – Kältetechnik & Großkälte in Essen | NRW,Essen,(Sanitärinstallateur OR Heizungsinstallateur OR Kältetechnik) Essen,https://www.kaeltebrueder.de/,kaeltebrueder.de,hallo@kaeltebrueder.de,https://www.kaeltebrueder.de/ | https://www.kaeltebrueder.de/kontakt/ | https://www.kaeltebrueder.de/impressum/,found
Elektriker Essen | Meistergeführtes Elektrohandwerk,Essen,(Elektriker OR Gebäudetechnik OR Sicherheitstechnik OR Rohrreinigung) Essen,https://elektro-baraka.com/,elektro-baraka.com,office@elektro-baraka.com; service@elektro-baraka.com,https://elektro-baraka.com/ | https://elektro-baraka.com/kontakt | https://elektro-baraka.com/impressum,found
Home - Rohrreinigung Stenzel - Meisterbetrieb für Rohr- und ...,Essen,(Elektriker OR Gebäudetechnik OR Sicherheitstechnik OR Rohrreinigung) Essen,https://www.rohrreinigung-stenzel.de/,rohrreinigung-stenzel.de,anfrage@rohrreinigung-stenzel.de; info@rohrreinigung-stenzel.de,https://www.rohrreinigung-stenzel.de/ | https://www.rohrreinigung-stenzel.de/ueber-uns-meisterbetrieb-kanaltechnik-essen/ | https://www.rohrreinigung-stenzel.de/impressum/,found
PottRohr Rohrreinigung: Ihr Experte für Abwassertechnik,Essen,(Elektriker OR Gebäudetechnik OR Sicherheitstechnik OR Rohrreinigung) Essen,https://pottrohr.de/,pottrohr.de,service@pottrohr.de,https://pottrohr.de/ | https://pottrohr.de/impressum/,found
Elektriker in Essen - Stellenangebote - Elektro Exner,Essen,(Elektriker OR Gebäudetechnik OR Sicherheitstechnik OR Rohrreinigung) Essen,https://elektro-exner.de/Stellenangebote/,elektro-exner.de,info@elektro-exner.de,https://elektro-exner.de/Stellenangebote/ | https://elektro-exner.de/Kontakt/ | https://elektro-exner.de/Kontakt/Auftrags-Angebotsanfrage/,found
Hegemann GmbH: Startseite,Essen,(Sanitärinstallateur OR Heizungsinstallateur OR Kältetechnik) Essen,https://hegemann-gmbh.com/,hegemann-gmbh.com,info@hegemann-gmbh.com,https://hegemann-gmbh.com/ | https://hegemann-gmbh.com/impressum/,found
Rohrreinigung in Essen » AREI | 24h-Notdienst,Essen,(Elektriker OR Gebäudetechnik OR Sicherheitstechnik OR Rohrreinigung) Essen,https://www.arei.de/standorte/essen-rohrreinigung,arei.de,info@arei.de,https://www.arei.de/standorte/essen-rohrreinigung | https://www.arei.de/unternehmen/ueber-uns | https://www.arei.de/kontakt,found
Elektroinstallation in Essen | Elektrotechnik Pitsch | T: 0201/315634,Essen,(Elektriker OR Gebäudetechnik OR Sicherheitstechnik OR Rohrreinigung) Essen,https://www.elektrotechnik-pitsch.de/,elektrotechnik-pitsch.de,,,fetch_error:URLError
Rohrreinigung Essen | Rohr- & Kanalreinigung Schwarz,Essen,(Elektriker OR Gebäudetechnik OR Sicherheitstechnik OR Rohrreinigung) Essen,https://rohrreinigung-schwarz.de/rohr-kanalreinigung-essen/,rohrreinigung-schwarz.de,info@rohrreinigung-schwarz.de,https://rohrreinigung-schwarz.de/rohr-kanalreinigung-essen/,found
Rohrreinigung Rocket GmbH | Fachbetrieb für Abwassertechnik in ...,Essen,(Elektriker OR Gebäudetechnik OR Sicherheitstechnik OR Rohrreinigung) Essen,https://rocket-rohrreinigung.de/,rocket-rohrreinigung.de,info@rohrreinigung-rocket.de,https://rocket-rohrreinigung.de/,found
"Elektriker Gebäudeinstandhaltung (m/w/d) - Essen, Deutschland - Job",Essen,(Elektriker OR Gebäudetechnik OR Sicherheitstechnik OR Rohrreinigung) Essen,https://touch.ferchau.com/de/de/job/508591/elektriker-gebaeudeinstandhaltung?sortingType=actuality&sortingDirection=DESC&offset=4750,touch.ferchau.com,info@ferchau.com,https://touch.ferchau.com/de/de/job/508591/elektriker-gebaeudeinstandhaltung?sortingType=actuality&sortingDirection=DESC&offset=4750,found
"und Gebäudetechnik, Ausbildung Essen Elektroniker für Energie",Essen,(Elektriker OR Gebäudetechnik OR Sicherheitstechnik OR Rohrreinigung) Essen,https://www.jobs-in-essen.de/ausbildung/elektroniker-fuer-energie-und-gebaeudetechnik-essen,jobs-in-essen.de,,https://www.jobs-in-essen.de/ausbildung/elektroniker-fuer-energie-und-gebaeudetechnik-essen | https://www.jobs-in-essen.de/impressum.html,no_generic_email
Elektroniker:in für Energie- und Gebäudetechnik - Contilia Karriere,Essen,(Elektriker OR Gebäudetechnik OR Sicherheitstechnik OR Rohrreinigung) Essen,https://karriere.contilia.de/einstiege/ausbildung/elektroniker-oder-elektronikerin-fuer-energie-und-gebaeudetechnik,karriere.contilia.de,info@contilia.de; info@heyst.com,https://karriere.contilia.de/einstiege/ausbildung/elektroniker-oder-elektronikerin-fuer-energie-und-gebaeudetechnik | https://karriere.contilia.de/impressum,found
Jobbörse Essen | Pertec,Essen,(Elektriker OR Gebäudetechnik OR Sicherheitstechnik OR Rohrreinigung) Essen,https://www.pertec.de/jobboerse-essen,pertec.de,info@pertec.de,https://www.pertec.de/jobboerse-essen | https://www.pertec.de/impressum,found
Beleuchtungstechnik in Essen,Essen,(Elektriker OR Gebäudetechnik OR Sicherheitstechnik OR Rohrreinigung) Essen,https://www.lichttechnik-schwack.de/,lichttechnik-schwack.de,,https://www.lichttechnik-schwack.de/ | https://www.lichttechnik-schwack.de/kontakt/ | https://www.lichttechnik-schwack.de/impressum/,no_generic_email
Elektroniker für Energie- und Gebäudetechnik (m/w/d),Essen,(Elektriker OR Gebäudetechnik OR Sicherheitstechnik OR Rohrreinigung) Essen,https://jobs.hypertrics.de/o/elektroniker-fur-energie-und-gebaudetechnik-mwd-4,jobs.hypertrics.de,,https://jobs.hypertrics.de/o/elektroniker-fur-energie-und-gebaudetechnik-mwd-4,no_generic_email
Elektro Becker GmbH: Elektriker | Elektroinstallation | Essen,Essen,(Elektriker OR Gebäudetechnik OR Sicherheitstechnik OR Rohrreinigung) Essen,https://www.elektro-becker-gmbh.de/,elektro-becker-gmbh.de,info@elektro-becker-gmbh.de,https://www.elektro-becker-gmbh.de/ | https://www.elektro-becker-gmbh.de/impressum,found
Elektro-Peters: Home,Essen,(Elektriker OR Gebäudetechnik OR Sicherheitstechnik OR Rohrreinigung) Essen,https://elektro-peters.de/,elektro-peters.de,info@elektro-peters.de; kundendienst@elektro-peters.de,https://elektro-peters.de/ | https://elektro-peters.de/kontakt/ | https://elektro-peters.de/impressum/,found
R. ASSMANN Regeltechnik GmbH Essen | MSR-Technik ...,Essen,(Elektriker OR Gebäudetechnik OR Sicherheitstechnik OR Rohrreinigung) Essen,http://www.assmann-regeltechnik.de/,assmann-regeltechnik.de,service@assmann-regeltechnik.de,http://www.assmann-regeltechnik.de/ | http://www.assmann-regeltechnik.de/kontakt.html | http://www.assmann-regeltechnik.de/impressum.html,found
Rohrreinigung & Kanalreinigung Essen | 24h Notdienst,Essen,(Elektriker OR Gebäudetechnik OR Sicherheitstechnik OR Rohrreinigung) Essen,https://roel-umwelttechnik.de/rohrreinigung-essen,roel-umwelttechnik.de,,https://roel-umwelttechnik.de/rohrreinigung-essen | https://roel-umwelttechnik.de/impressum,no_generic_email
Essen: Sicherheit und Funktionalität - Elektrotechnik August Peters,Essen,(Elektriker OR Gebäudetechnik OR Sicherheitstechnik OR Rohrreinigung) Essen,https://www.elektrotechnik-augustpeters.de/unsere-leistungen/intelligent-modernisieren/sicherheit-und-funktionalitaet.html,elektrotechnik-augustpeters.de,,https://www.elektrotechnik-augustpeters.de/unsere-leistungen/intelligent-modernisieren/sicherheit-und-funktionalitaet.html | https://www.elektrotechnik-augustpeters.de/kontakt.html | https://www.elektrotechnik-augustpeters.de/wir-ueber-uns.html,no_generic_email
Ihre Karriere als Elektriker in Essen - Elektro Litke,Essen,(Elektriker OR Gebäudetechnik OR Sicherheitstechnik OR Rohrreinigung) Essen,https://elektro-litke.de/karriere/,elektro-litke.de,info@elektro-litke.de,https://elektro-litke.de/karriere/ | https://elektro-litke.de/ueber-uns/ | https://elektro-litke.de/kontakt/,found
Rohrreinigung in Essen - RKS Rohr und Kanal Technik GmbH,Essen,(Elektriker OR Gebäudetechnik OR Sicherheitstechnik OR Rohrreinigung) Essen,https://rks-rohr-kanaltechnik.de/einsatzgebiet/essen/,rks-rohr-kanaltechnik.de,,https://rks-rohr-kanaltechnik.de/einsatzgebiet/essen/ | https://rks-rohr-kanaltechnik.de/ueber-uns/ | https://rks-rohr-kanaltechnik.de/kontakt/,no_generic_email
Smart Home Lösungen und Netzwerktechnik – ask Elektrotechnik in ...,Essen,(Elektriker OR Gebäudetechnik OR Sicherheitstechnik OR Rohrreinigung) Essen,https://ask-elektro.de/gebaeudetechnik/,ask-elektro.de,info@ask-elektro.de,https://ask-elektro.de/gebaeudetechnik/ | https://ask-elektro.de/ueber-uns/ | https://ask-elektro.de/kontakt/,found
Elektroinstallation vom Fachmann - Fabry & Forsbach GmbHFabry ...,Essen,(Elektriker OR Gebäudetechnik OR Sicherheitstechnik OR Rohrreinigung) Essen,https://www.fabryforsbach.de/,fabryforsbach.de,info@fabryforsbach.de,https://www.fabryforsbach.de/ | https://www.fabryforsbach.de/impressum/ | https://www.fabryforsbach.de/wir-ueber-uns/,found
Ausbildung zum Elektroniker (w/m/d) - Elektro Decker GmbH,Essen,(Elektriker OR Gebäudetechnik OR Sicherheitstechnik OR Rohrreinigung) Essen,https://www.elektro-decker-nrw.de/karriere/stellenangebote/elektroniker-w-m-d-fuer-den-bereich-elektroinstallation/,elektro-decker-nrw.de,info@decker-nlduesseldorf.de,https://www.elektro-decker-nrw.de/karriere/stellenangebote/elektroniker-w-m-d-fuer-den-bereich-elektroinstallation/ | https://www.elektro-decker-nrw.de/kontakt/ | https://www.elektro-decker-nrw.de/impressum/,found
Ausbildung bei Haustechnik Stöbener e.K. Elektriker,Essen,(Elektriker OR Gebäudetechnik OR Sicherheitstechnik OR Rohrreinigung) Essen,https://www.handwerk-essen.de/ausbildung/stelle/haustechnik-stoebener-e-k-anlagenmechaniker-duplicate-1/,handwerk-essen.de,info@hwk-duesseldorf.de; info@kh-essen.de,https://www.handwerk-essen.de/ausbildung/stelle/haustechnik-stoebener-e-k-anlagenmechaniker-duplicate-1/ | https://www.handwerk-essen.de/bb-uber-uns/ | https://www.handwerk-essen.de/impressum/,found
Ausbildung als Elektroniker*in für Betriebstechnik (m/w/d | WG Essen,Essen,(Elektriker OR Gebäudetechnik OR Sicherheitstechnik OR Rohrreinigung) Essen,https://www.wg-essen.de/karriere/ausbildung-als-elektronikerin-fuer-betriebstechnik-mwd/,wg-essen.de,info@renekreupl.de,https://www.wg-essen.de/karriere/ausbildung-als-elektronikerin-fuer-betriebstechnik-mwd/ | https://www.wg-essen.de/ueber-uns/ | https://www.wg-essen.de/meta/impressum/,found
Elektro Beschoner,Essen,(Elektriker OR Gebäudetechnik OR Sicherheitstechnik OR Rohrreinigung) Essen,https://www.elektro-beschoner.de/,elektro-beschoner.de,info@elektro-beschoner.de,https://www.elektro-beschoner.de/ | https://www.elektro-beschoner.de/kontakt | https://www.elektro-beschoner.de/impressum,found
Decker Elektrotechnik GmbH,Essen,(Elektriker OR Gebäudetechnik OR Sicherheitstechnik OR Rohrreinigung) Essen,https://www.decker-elektrotechnik.de/,decker-elektrotechnik.de,info@decker-elektrotechnik.de,https://www.decker-elektrotechnik.de/ | https://www.decker-elektrotechnik.de/impressum.html,found
Hoffrogge Elektroinstallation GmbH,Essen,(Elektriker OR Gebäudetechnik OR Sicherheitstechnik OR Rohrreinigung) Essen,https://www.elektro-hoffrogge.de/,elektro-hoffrogge.de,info@elektro-hoffrogge.de; info@kh-essen.de,https://www.elektro-hoffrogge.de/ | https://www.elektro-hoffrogge.de/kontakt.php | https://www.elektro-hoffrogge.de/impressum.php,found
Elsatech Essen,Essen,(Elektriker OR Gebäudetechnik OR Sicherheitstechnik OR Rohrreinigung) Essen,https://elsatech.de/,elsatech.de,info@elsatech.de,https://elsatech.de/ | https://elsatech.de/kontakt.html | https://elsatech.de/impressum.html,found
Elektro Bober - Leistungen,Essen,(Elektriker OR Gebäudetechnik OR Sicherheitstechnik OR Rohrreinigung) Essen,https://www.elektro-bober.de/,elektro-bober.de,info@elektro-bober.de,https://www.elektro-bober.de/ | https://www.elektro-bober.de/kontakt.html | https://www.elektro-bober.de/impressum.html,found
"Rohrreinigung Essen – Schnell, fair & transparent",Essen,(Elektriker OR Gebäudetechnik OR Sicherheitstechnik OR Rohrreinigung) Essen,https://werkglueck-rohrreinigung.de/,werkglueck-rohrreinigung.de,info@werkglueck-rohrreinigung.de,https://werkglueck-rohrreinigung.de/ | https://werkglueck-rohrreinigung.de/impressum/,found
RÜGER Bad und Heizung - Ihr Fachbetrieb für Haustechnik,Essen,(Elektriker OR Gebäudetechnik OR Sicherheitstechnik OR Rohrreinigung) Essen,https://shk-rueger.de/,shk-rueger.de,,https://shk-rueger.de/,no_generic_email
Start | TT-Gebäudetechnik,Essen,(Elektriker OR Gebäudetechnik OR Sicherheitstechnik OR Rohrreinigung) Essen,https://www.tt-gebaeudetechnik.de/,tt-gebaeudetechnik.de,info@tt-gebaeudetechnik.de,https://www.tt-gebaeudetechnik.de/ | https://www.tt-gebaeudetechnik.de/impressum,found
Haustechnik in Essen | Die besten 64 Fachbetriebe 2026,Essen,(Elektriker OR Gebäudetechnik OR Sicherheitstechnik OR Rohrreinigung) Essen,https://www.elektriker24.org/stadt/essen-ruhr/cat/haustechnik/,elektriker24.org,info@globalpaymentmedia.com,https://www.elektriker24.org/stadt/essen-ruhr/cat/haustechnik/ | https://www.elektriker24.org/impressum/,found
https://www.rohrreinigung-sanitär.de/,Essen,(Elektriker OR Gebäudetechnik OR Sicherheitstechnik OR Rohrreinigung) Essen,https://www.xn--rohrreinigung-sanitr-tzb.de/,xn--rohrreinigung-sanitr-tzb.de,,,fetch_error:URLError
Rohrreinigung in Essen finden,Essen,(Elektriker OR Gebäudetechnik OR Sicherheitstechnik OR Rohrreinigung) Essen,https://rohrexperten24.de/orte/rohrreinigung-essen/,rohrexperten24.de,,,fetch_error:HTTPError
"Elektroinstallateure in Stadtbezirk I, Essen mit E-Mail, Bewertungen ...",Essen,(Elektriker OR Gebäudetechnik OR Sicherheitstechnik OR Rohrreinigung) Essen,https://web2.cylex.de/branchen/elektroinstallateure/Essen/?hw=1&dst=Stadtbezirk-I&hr=1&he=1,web2.cylex.de,,,fetch_error:HTTPError
Professionelle Elektroinstallation | PR Elektrotechnik,Essen,(Elektriker OR Gebäudetechnik OR Sicherheitstechnik OR Rohrreinigung) Essen,https://www.elektrotechnik-pr.de/elektro/elektroinstallation,elektrotechnik-pr.de,info@elektrotechnik-pr.de,https://www.elektrotechnik-pr.de/elektro/elektroinstallation | https://www.elektrotechnik-pr.de/scripts/kontakt/mail.aspx | https://www.elektrotechnik-pr.de/unternehmen/elektro/kontakt,found
Elektriker | acquandoo ruhr - Wasserschadenmanagement,Essen,(Elektriker OR Gebäudetechnik OR Sicherheitstechnik OR Rohrreinigung) Essen,https://ruhr.acquandoo.com/sanierung/elektriker/,ruhr.acquandoo.com,info@acquandoo.com; info@diedesigner.net,https://ruhr.acquandoo.com/sanierung/elektriker/ | https://ruhr.acquandoo.com/kontakt/ | https://ruhr.acquandoo.com/impressum/,found
Elektro-Sicherheitsberater in Essen,Essen,(Elektriker OR Gebäudetechnik OR Sicherheitstechnik OR Rohrreinigung) Essen,https://essen.branchen-info.net/tag/elektro-sicherheitsberater/339942/,essen.branchen-info.net,,https://essen.branchen-info.net/tag/elektro-sicherheitsberater/339942/,no_generic_email
"Offene Stellen im SHK Bereich im Raum Essen, Bottrop & Oberhausen",Essen,(Elektriker OR Gebäudetechnik OR Sicherheitstechnik OR Rohrreinigung) Essen,https://weber-essen.ruhr/jobs/,weber-essen.ruhr,info@weber-essen.ruhr,https://weber-essen.ruhr/jobs/ | https://weber-essen.ruhr/uber-uns/ | https://weber-essen.ruhr/kontakt/,found
Elektriker in Essen - ET ElektroTechnik,Essen,(Elektriker OR Gebäudetechnik OR Sicherheitstechnik OR Rohrreinigung) Essen,https://www.et-elektrotechnik.online/elektriker-in-essen/,et-elektrotechnik.online,,https://www.et-elektrotechnik.online/elektriker-in-essen/ | https://www.et-elektrotechnik.online/uber-uns/ | https://www.et-elektrotechnik.online/kontakt/,no_generic_email
Smarte Sanierung - Elektrotechnik Kohlmann Essen GmbH,Essen,(Elektriker OR Gebäudetechnik OR Sicherheitstechnik OR Rohrreinigung) Essen,https://www.kohlmann-elektrotechnik.de/beratung/intelligentes-wohnen/smarte-sanierung.html,kohlmann-elektrotechnik.de,,https://www.kohlmann-elektrotechnik.de/beratung/intelligentes-wohnen/smarte-sanierung.html | https://www.kohlmann-elektrotechnik.de/kontakt.html | https://www.kohlmann-elektrotechnik.de/wir-ueber-uns.html,no_generic_email
Elektroinstallation Sicherheit - Essen - Frank Scheffczyk,Essen,(Elektriker OR Gebäudetechnik OR Sicherheitstechnik OR Rohrreinigung) Essen,https://www.frank-scheffczyk.de/unsere-leistungen/intelligent-modernisieren/sicherheit-und-funktionalitaet/elektroinstallation-sicherheit.html,frank-scheffczyk.de,,https://www.frank-scheffczyk.de/unsere-leistungen/intelligent-modernisieren/sicherheit-und-funktionalitaet/elektroinstallation-sicherheit.html | https://www.frank-scheffczyk.de/wir-ueber-uns.html | https://www.frank-scheffczyk.de/wir-ueber-uns/partnerschaften.html,no_generic_email
Jobs/Ausbildung - RGE Servicegesellschaft Essen mbH,Essen,(Elektriker OR Gebäudetechnik OR Sicherheitstechnik OR Rohrreinigung) Essen,https://www.rge-essen.de/jobs,rge-essen.de,,https://www.rge-essen.de/jobs | https://www.rge-essen.de/impressum,no_generic_email
K&S Gebäudetechnik,Essen,(Elektriker OR Gebäudetechnik OR Sicherheitstechnik OR Rohrreinigung) Essen,https://www.ks-gebaeudetechnik.de/,ks-gebaeudetechnik.de,info@ks-gebaeudetechnik.de,https://www.ks-gebaeudetechnik.de/ | https://www.ks-gebaeudetechnik.de/ueber-uns/,found
HSB: Heizung + Sanitär Bau in Leipzig und Umgebung,Leipzig,(Sanitärinstallateur OR Heizungsinstallateur OR Kältetechnik) Leipzig,https://www.hsb-leipzig.de/,hsb-leipzig.de,,https://www.hsb-leipzig.de/ | https://www.hsb-leipzig.de/ueber-uns/jobs | https://www.hsb-leipzig.de/ueber-uns/aktuelles,no_generic_email
Heizung und Sanitärbau Leipzig GmbH,Leipzig,(Sanitärinstallateur OR Heizungsinstallateur OR Kältetechnik) Leipzig,https://www.heizung-sanitaerbau.de/,heizung-sanitaerbau.de,info@heizung-sanitaerbau.de; info@hsbl.de; kundendienst@hsbl.de,https://www.heizung-sanitaerbau.de/ | https://www.heizung-sanitaerbau.de/impressum/,found
Kälte- und Klimatechnik- Leipzig GmbH: Startseite,Leipzig,(Sanitärinstallateur OR Heizungsinstallateur OR Kältetechnik) Leipzig,https://klimatechnik-leipzig.de/,klimatechnik-leipzig.de,info@klimatechnik-leipzig.de,https://klimatechnik-leipzig.de/ | https://klimatechnik-leipzig.de/ueber-uns/ | https://klimatechnik-leipzig.de/kontakt/,found
HSI Leipzig - Professionelle Heizungs- & Sanitärtechnik,Leipzig,(Sanitärinstallateur OR Heizungsinstallateur OR Kältetechnik) Leipzig,https://hsi-leipzig.de/,hsi-leipzig.de,info@hsi-leipzig.de; info@hwk-leipzig.de,https://www.hsi-leipzig.de/ | https://www.hsi-leipzig.de/kontakt | https://www.hsi-leipzig.de/impressum,found
Dähnert Haustechnik Inh. Matthias Dähnert | Bäder aus Leipzig,Leipzig,(Sanitärinstallateur OR Heizungsinstallateur OR Kältetechnik) Leipzig,https://haustechnik-md.info/,haustechnik-md.info,,https://haustechnik-md.info/,no_generic_email
Willkommen bei Winter Sanitär- Heizung GmbH in Leipzig,Leipzig,(Sanitärinstallateur OR Heizungsinstallateur OR Kältetechnik) Leipzig,https://www.xn--heizung-sanitr-leipzig-d5b.de/,xn--heizung-sanitr-leipzig-d5b.de,,https://www.xn--heizung-sanitr-leipzig-d5b.de/ | https://www.xn--heizung-sanitr-leipzig-d5b.de/kontakt | https://www.xn--heizung-sanitr-leipzig-d5b.de/impressum-datenschutz,no_generic_email
Bad & Haustechnik Leipzig: Meisterbetrieb seit 4 Generationen,Leipzig,(Sanitärinstallateur OR Heizungsinstallateur OR Kältetechnik) Leipzig,https://reich-shk.de/,reich-shk.de,info@reich-shk.de,https://reich-shk.de/ | https://reich-shk.de/ueber-uns/ | https://reich-shk.de/kontakt/,found
"Leistungsspektrum: Sanitär, Bad, Heizung oder Klimatechnik",Essen,(Elektriker OR Gebäudetechnik OR Sicherheitstechnik OR Rohrreinigung) Essen,https://www.stoebener.de/unternehmen/shk/leistungen,stoebener.de,,https://www.stoebener.de/unternehmen/shk/leistungen | https://www.stoebener.de/scripts/kontakt/mail.aspx | https://www.stoebener.de/unternehmen/shk/kontakt,no_generic_email
Wärmepumpe Klimaanlage und Kältetechnik in Leipzig,Leipzig,(Sanitärinstallateur OR Heizungsinstallateur OR Kältetechnik) Leipzig,https://www.kaelte-klima-leipzig.de/,kaelte-klima-leipzig.de,,https://www.kaelte-klima-leipzig.de/ | https://www.kaelte-klima-leipzig.de/kontakt/ | https://www.kaelte-klima-leipzig.de/impressum/,no_generic_email
▷ irbis Kälte- und Klimatechnik GmbH & Co. KG in Leipzig  ,Leipzig,(Sanitärinstallateur OR Heizungsinstallateur OR Kältetechnik) Leipzig,https://www.irbis.de/,irbis.de,info@irbis.de,https://www.irbis.de/ | https://www.irbis.de/kontakt/ | https://www.irbis.de/impressum/,found
"KÄLTE-KLIMA Halle - Leipzig: Kältetechnik, Klimatechnik und ...",Leipzig,(Sanitärinstallateur OR Heizungsinstallateur OR Kältetechnik) Leipzig,https://www.kaelte-klima-gmbh.de/kaelte-klima/standorte_kaelte_klima/kaeltetechnik_halle-leipzig.htm,kaelte-klima-gmbh.de,info@kaelte-klima-gmbh.de,https://www.kaelte-klima-gmbh.de/kaelte-klima/standorte_kaelte_klima/kaeltetechnik_halle-leipzig.htm | https://www.kaelte-klima-gmbh.de/kontakt/impressum.htm | https://www.kaelte-klima-gmbh.de/kontakt/datenschutz.htm,found
Heizung Sanitär Solar - pipe-tec - Ihr Klempner in Leipzig,Leipzig,(Sanitärinstallateur OR Heizungsinstallateur OR Kältetechnik) Leipzig,https://www.heizung-sanitaer-leipzig-pipetec.de/,heizung-sanitaer-leipzig-pipetec.de,,https://www.heizung-sanitaer-leipzig-pipetec.de/ | https://www.heizung-sanitaer-leipzig-pipetec.de/ueber-uns/ | https://www.heizung-sanitaer-leipzig-pipetec.de/ueber-uns/leistungen/,no_generic_email
Heizungsbau Kahlert GmbH - Leipziger Traditionsunternehmen seit ...,Leipzig,(Sanitärinstallateur OR Heizungsinstallateur OR Kältetechnik) Leipzig,https://www.kahlert-heizung.de/,kahlert-heizung.de,info@kahlert-heizung.de,https://www.kahlert-heizung.de/ | https://www.kahlert-heizung.de/impressum-leipzig/,found
SHK Leipzig GmbH - Ihr Meister für Badmodernisierung in Leipzig,Leipzig,(Sanitärinstallateur OR Heizungsinstallateur OR Kältetechnik) Leipzig,https://shkleipzig.de/,shkleipzig.de,,https://shkleipzig.de/,no_generic_email
Bernstein Haustechnik – SHK & Heizung in Leipzig,Leipzig,(Sanitärinstallateur OR Heizungsinstallateur OR Kältetechnik) Leipzig,https://www.bernstein-haustechnik.de/,bernstein-haustechnik.de,info@bernstein-haustechnik.de,https://www.bernstein-haustechnik.de/ | https://www.bernstein-haustechnik.de/uber-uns | https://www.bernstein-haustechnik.de/kontakt,found
Klempner Notdienst Leipzig - Haustechnik und Notdienst,Leipzig,(Sanitärinstallateur OR Heizungsinstallateur OR Kältetechnik) Leipzig,https://www.industrie-haustechnik-service-notdienst.com/,industrie-haustechnik-service-notdienst.com,,,fetch_error:HTTPError
Boltze Haustechnik in 04177 Leipzig,Leipzig,(Sanitärinstallateur OR Heizungsinstallateur OR Kältetechnik) Leipzig,https://www.boltze-haustechnik.de/,boltze-haustechnik.de,info@boltze-haustechnik.de,https://www.boltze-haustechnik.de/,found
HKS Petzold - Heizung Sanitär Leipzig – Klempner Leipzig,Leipzig,(Sanitärinstallateur OR Heizungsinstallateur OR Kältetechnik) Leipzig,https://www.klempner-leipzig.de/,klempner-leipzig.de,info@petzold-hks.de,https://www.klempner-leipzig.de/ | https://www.klempner-leipzig.de/impressum | https://www.klempner-leipzig.de/kontakt,found
WKK Kälte Klimatechnik GmbH,Leipzig,(Sanitärinstallateur OR Heizungsinstallateur OR Kältetechnik) Leipzig,https://www.kaelte-leipzig.de/,kaelte-leipzig.de,info@wkk-le.de,https://www.kaelte-leipzig.de/ | https://www.kaelte-leipzig.de/kontakt | https://www.kaelte-leipzig.de/impressum,found
BIOLY - Heizung und Sanitär | Leipzig,Leipzig,(Sanitärinstallateur OR Heizungsinstallateur OR Kältetechnik) Leipzig,https://www.bioly.net/,bioly.net,info@bioly.net,https://www.bioly.net/ | https://www.bioly.net/kontakt.html | http://www.bioly.net/impressum.html,found
Matthias Kriegenherdt - Leipzig,Leipzig,(Sanitärinstallateur OR Heizungsinstallateur OR Kältetechnik) Leipzig,http://www.kriegenherdt.de/,kriegenherdt.de,,http://www.kriegenherdt.de/ | http://www.kriegenherdt.de/kontakt.xhtml | http://www.kriegenherdt.de/impressum.xhtml,no_generic_email
KMS-HEIZUNG GmbH - Leipzig,Leipzig,(Sanitärinstallateur OR Heizungsinstallateur OR Kältetechnik) Leipzig,https://www.kms-heizung.de/,kms-heizung.de,info@kms-heizung.de,https://www.kms-heizung.de/ | https://www.kms-heizung.de/Ueber-uns | https://www.kms-heizung.de/Impressum,found
Stiemer Gebäudemanagement | Sanitär Heizung Leipzig,Leipzig,(Sanitärinstallateur OR Heizungsinstallateur OR Kältetechnik) Leipzig,https://www.stiemer.eu/,stiemer.eu,office@stiemer.eu,https://www.stiemer.eu/ | https://www.stiemer.eu/scripts/kontakt/mail.aspx | https://www.stiemer.eu/unternehmen/shk/kontakt,found
"Installation, Wartung und Service für alle Art von Klimaanlagen",Leipzig,(Sanitärinstallateur OR Heizungsinstallateur OR Kältetechnik) Leipzig,https://www.wegener-leipzig.de/klimaanlagen/,wegener-leipzig.de,info@netdesign2000.de; info@wegener-leipzig.de,https://www.wegener-leipzig.de/klimaanlagen/ | https://www.wegener-leipzig.de/kontakt/ | https://www.wegener-leipzig.de/impressum/,found
"Tilo Richter, Sanitär und Heizungsbau in Leipzig | Tilo Richter ...",Leipzig,(Sanitärinstallateur OR Heizungsinstallateur OR Kältetechnik) Leipzig,https://www.leipzig-sanitaer.de/,leipzig-sanitaer.de,,https://www.leipzig-sanitaer.de/ | https://www.leipzig-sanitaer.de/kontakt | https://www.leipzig-sanitaer.de/impressum-tilo-richter,no_generic_email
"Auerbach GmbH - Heizung, Sanitär und Kühlturmtechnik in Leipzig ...",Leipzig,(Sanitärinstallateur OR Heizungsinstallateur OR Kältetechnik) Leipzig,https://www.auerbach-leipzig.de/,auerbach-leipzig.de,info@auerbach-leipzig.de; info@waermepumpen-leipzig.de,https://www.auerbach-leipzig.de/ | https://www.auerbach-leipzig.de/kontakt/ | https://www.auerbach-leipzig.de/about/,found
Heizung & Sanitär - Abacent Personalservice GmbH,Leipzig,(Sanitärinstallateur OR Heizungsinstallateur OR Kältetechnik) Leipzig,https://www.abacent.de/heizung-sanitaer/,abacent.de,anfrage@abacent.de; info@abacent.de,https://www.abacent.de/heizung-sanitaer/ | https://www.abacent.de/impressum/,found
Rasenberger,Leipzig,(Sanitärinstallateur OR Heizungsinstallateur OR Kältetechnik) Leipzig,https://rasenberger.info/,rasenberger.info,,https://rasenberger.info/ | https://rasenberger.info/kontakt/ | https://rasenberger.info/impressum/,no_generic_email
Haustechnik Kukral,Leipzig,(Sanitärinstallateur OR Heizungsinstallateur OR Kältetechnik) Leipzig,https://haustechnik-kukral.de/,haustechnik-kukral.de,kontakt@haustechnik-kukral.de,https://haustechnik-kukral.de/ | https://haustechnik-kukral.de/kontakt/ | https://haustechnik-kukral.de/impressum/,found
Ausschreibungen / Landkreis Schaumburg,Leipzig,(Sanitärinstallateur OR Heizungsinstallateur OR Kältetechnik) Leipzig,https://www.schaumburg.de/Aktuelles/Ausschreibungen/,schaumburg.de,info@advantic.de; info@schaumburg.de,https://www.schaumburg.de/Aktuelles/Ausschreibungen/ | https://www.schaumburg.de/Kurzmen%C3%BC/Impressum/,found
"SHK Großhandel – Heizung, Sanitär, Klima | WS",Leipzig,(Sanitärinstallateur OR Heizungsinstallateur OR Kältetechnik) Leipzig,https://www.weinmann-schanz.de/de/de.html,weinmann-schanz.de,verkauf-international@weinmann-schanz.de; verkauf@weinmann-schanz.de,https://www.weinmann-schanz.de/de/de.html | https://www.weinmann-schanz.de/de/de/kontakt/unternehmen.html | https://www.weinmann-schanz.de/de/de/kontakt/kontaktanfrage.html,found
Heizung Sanitär Leipzig,Leipzig,(Sanitärinstallateur OR Heizungsinstallateur OR Kältetechnik) Leipzig,https://sanitaer-heizung-leipzig.de/,sanitaer-heizung-leipzig.de,info@petzold-hks.de,https://sanitaer-heizung-leipzig.de/ | https://sanitaer-heizung-leipzig.de/impressum/,found
GC-GRUPPE - Der Großhandel für SHK,Leipzig,(Sanitärinstallateur OR Heizungsinstallateur OR Kältetechnik) Leipzig,https://www.gc-gruppe.de/,gc-gruppe.de,,https://www.gc-gruppe.de/ | https://www.gc-gruppe.de/ueber-uns/sortiment | https://www.gc-gruppe.de/ueber-uns/unternehmensgruppe,no_generic_email
Kältetechnik & Klimatechnik Leipzig | Smok & Zahn Kälte Klima GmbH,Leipzig,(Sanitärinstallateur OR Heizungsinstallateur OR Kältetechnik) Leipzig,https://sz-kaelteklima.de/,sz-kaelteklima.de,info@sz-kaelteklima.de,https://sz-kaelteklima.de/ | https://sz-kaelteklima.de/ueber-uns/ | https://sz-kaelteklima.de/kontakt/,found
UKSH Universitätsklinikum Schleswig-Holstein,Leipzig,(Sanitärinstallateur OR Heizungsinstallateur OR Kältetechnik) Leipzig,https://www.uksh.de/,uksh.de,,https://www.uksh.de/,no_generic_email
Fachbetriebe finden – | Fachverband SHK Sachsen,Leipzig,(Sanitärinstallateur OR Heizungsinstallateur OR Kältetechnik) Leipzig,https://www.installateur.net/de/fachbetriebe-finden/?innung=19,installateur.net,,https://www.installateur.net/de/fachbetriebe-finden/?innung=19 | https://www.installateur.net/de/fachbesucher/der-fachverband/wir-ueber-uns/ | https://www.installateur.net/de/fachbesucher/der-fachverband/kontakt/,no_generic_email
"heima24: Online-Shop für Bad, Heizung & Sanitär",Leipzig,(Sanitärinstallateur OR Heizungsinstallateur OR Kältetechnik) Leipzig,https://www.heima24.de/,heima24.de,info@heima24.de,https://www.heima24.de/ | https://www.heima24.de/kontakt.html | https://www.heima24.de/ueber-uns.html,found
BSG Chemie Leipzig - Hannover 96 II - OneFootball,Leipzig,(Sanitärinstallateur OR Heizungsinstallateur OR Kältetechnik) Leipzig,https://onefootball.com/de/spiel/2686897,onefootball.com,,https://onefootball.com/de/spiel/2686897 | https://company.onefootball.com/contact/,no_generic_email
Immer der günstigste und sauberste Strom | 1KOMMA5°,Leipzig,(Sanitärinstallateur OR Heizungsinstallateur OR Kältetechnik) Leipzig,https://1komma5.com/de/,1komma5.com,,https://1komma5.com/de/ | https://1komma5.com/de/ueber-uns/ | https://1komma5.com/de/ueber-uns/jobs/,no_generic_email
Rohrreinigung Leipzig | ExRohr 24/7 Notdienst,Leipzig,(Elektriker OR Gebäudetechnik OR Sicherheitstechnik OR Rohrreinigung) Leipzig,https://exrohr.de/leipzig,exrohr.de,i/content_14-kontakt_bg@2x.jpg; info@ex-rohr.de; info@exrohr.de,https://exrohr.de/leipzig | https://exrohr.de/kontakt | https://exrohr.de/impressum,found
UNIROR Universal-Rohrreinigungs GmbH Leipzig in Leipzig: UNIROR,Leipzig,(Elektriker OR Gebäudetechnik OR Sicherheitstechnik OR Rohrreinigung) Leipzig,https://www.uniror-leipzig.de/,uniror-leipzig.de,info@uniror-leipzig.de,https://www.uniror-leipzig.de/ | https://www.uniror-leipzig.de/impressum | https://www.uniror-leipzig.de/legal/imprint,found
Rohrreinigung Leipzig – Norva24 Deutschland GmbH,Leipzig,(Elektriker OR Gebäudetechnik OR Sicherheitstechnik OR Rohrreinigung) Leipzig,https://norva24.de/rohrreinigung-leipzig/,norva24.de,info@norva24.de,https://norva24.de/rohrreinigung-leipzig/ | https://norva24.de/impressum/,found
"Ihr Meisterbetrieb für Heizung, Sanitär und Solar in Leipzig",Leipzig,(Sanitärinstallateur OR Heizungsinstallateur OR Kältetechnik) Leipzig,https://heisan-foltin.de/,heisan-foltin.de,,https://heisan-foltin.de/ | http://heisan-foltin.de/impressum/,no_generic_email
"EBA Elektro-, Bau- und Anlagentechnik GmbH Leipzig",Leipzig,(Elektriker OR Gebäudetechnik OR Sicherheitstechnik OR Rohrreinigung) Leipzig,https://www.eba-leipzig.de/,eba-leipzig.de,info@eba-leipzig.de,https://www.eba-leipzig.de/ | https://www.eba-leipzig.de/kontakt/ | https://www.eba-leipzig.de/impressum/,found
Dein Studium an der IU | IU Internationale Hochschule,Leipzig,(Sanitärinstallateur OR Heizungsinstallateur OR Kältetechnik) Leipzig,https://www.iu.de/,iu.de,info-dualesstudium@iu.org; info-fernstudium@iu.org,https://www.iu.de/ | https://www.iu.de/duales-studium/beratung-und-kontakt/ | https://www.iu.de/ueber-uns/,found
Ausbildungsplätze Energie- und Gebäudetechnik Leipzig,Leipzig,(Elektriker OR Gebäudetechnik OR Sicherheitstechnik OR Rohrreinigung) Leipzig,https://www.jobs-in-leipzig.de/ausbildung/energie-und-gebaeudetechnik-leipzig,jobs-in-leipzig.de,,https://www.jobs-in-leipzig.de/ausbildung/energie-und-gebaeudetechnik-leipzig | https://www.jobs-in-leipzig.de/impressum.html,no_generic_email
und Gebäudetechnik / Elektriker / Haustechniker (m/w/d),Leipzig,(Elektriker OR Gebäudetechnik OR Sicherheitstechnik OR Rohrreinigung) Leipzig,https://www.xn--jobs-fr-leipzig-4vb.de/job/elektroniker-fuer-energie-und-gebaeudetechnik-elektriker-haustechniker-m-w-d.1899964735.html,xn--jobs-fr-leipzig-4vb.de,,,fetch_error:HTTPError
Elektrotechnik Leipzig – FHT Fischer Haustechnik,Leipzig,(Elektriker OR Gebäudetechnik OR Sicherheitstechnik OR Rohrreinigung) Leipzig,https://fht-leipzig.de/,fht-leipzig.de,,https://fht-leipzig.de/ | https://fht-leipzig.de/kontakt/ | https://fht-leipzig.de/ueber-uns/,no_generic_email
Elektriker (m/w/d) für Sicherheitstechnik - 36h/Woche - ASB GmbH,Leipzig,(Elektriker OR Gebäudetechnik OR Sicherheitstechnik OR Rohrreinigung) Leipzig,https://asb-security.career.softgarden.de/jobs/37091997/Elektriker-m-w-d-f%C3%BCr-Sicherheitstechnik---36h-Woche/,asb-security.career.softgarden.de,,https://asb-security.career.softgarden.de/jobs/37091997/Elektriker-m-w-d-f%C3%BCr-Sicherheitstechnik---36h-Woche/,no_generic_email
Berufsschule - Felix-Bloch-Schule,Leipzig,(Elektriker OR Gebäudetechnik OR Sicherheitstechnik OR Rohrreinigung) Leipzig,https://www.fbsbsz.de/index.php/schulprofil/berufsschule,fbsbsz.de,,https://www.fbsbsz.de/index.php/schulprofil/berufsschule | https://www.fbsbsz.de/index.php/informationen/kontakt | https://www.fbsbsz.de/index.php/schulprofil/berufsschule/9-bsz-7/21-impressum,no_generic_email
15 Firmenadressen Rohrreinigung / Kanalsanierung Leipzig. Hilfe ...,Leipzig,(Elektriker OR Gebäudetechnik OR Sicherheitstechnik OR Rohrreinigung) Leipzig,https://www.leipzig-sachsen.de/firmen/bauberufe_handwerker/rohrreinigung.html,leipzig-sachsen.de,,https://www.leipzig-sachsen.de/firmen/bauberufe_handwerker/rohrreinigung.html | https://www.leipzig-sachsen.de/impressum.html,no_generic_email
"Elektroniker / Elektriker (m/w/d) Gebäudetechnik in Leipzig, Sachsen",Leipzig,(Elektriker OR Gebäudetechnik OR Sicherheitstechnik OR Rohrreinigung) Leipzig,https://www.fish4.co.uk/jobs/elektroniker-elektriker-m-w-d-geb-udetechnik-in-leipzig-sachsen-deutschland/9-3134539209C9,fish4.co.uk,,https://www.fish4.co.uk/jobs/elektroniker-elektriker-m-w-d-geb-udetechnik-in-leipzig-sachsen-deutschland/9-3134539209C9 | https://www.fish4.co.uk/contact-us,no_generic_email
Elektriker-Jobs Leipzig (m/w/d) - R+S solutions,Leipzig,(Elektriker OR Gebäudetechnik OR Sicherheitstechnik OR Rohrreinigung) Leipzig,https://www.rs-solutions.de/elektriker-jobs-leipzig/,rs-solutions.de,info@rs-solutions.de,https://www.rs-solutions.de/elektriker-jobs-leipzig/ | https://www.rs-solutions.de/impressum/ | https://www.rs-solutions.de/ueber-uns/,found
Jobs,Leipzig,(Elektriker OR Gebäudetechnik OR Sicherheitstechnik OR Rohrreinigung) Leipzig,https://www.sicherheit-nach-mass.de/jobs.html,sicherheit-nach-mass.de,info@sicherheit-nach-mass.de,https://www.sicherheit-nach-mass.de/jobs.html | https://www.sicherheit-nach-mass.de/impressum.html,found
Karriere bei Rheinmetall – Jetzt Verantwortung übernehmen!,Leipzig,(Sanitärinstallateur OR Heizungsinstallateur OR Kältetechnik) Leipzig,https://www.rheinmetall.com/de/karriere/uebersicht-karriere,rheinmetall.com,,https://www.rheinmetall.com/de/karriere/uebersicht-karriere | https://www.rheinmetall.com/de/karriere/kontaktformular | https://www.rheinmetall.com/de/unternehmen/kontakt,no_generic_email
Ausbildung zum Elektroniker für Energie- und Gebäudetechnik (m/w/d),Leipzig,(Elektriker OR Gebäudetechnik OR Sicherheitstechnik OR Rohrreinigung) Leipzig,https://www.kabelbauleipzig.de/stellenangebote/ausbildung-zum-elektroniker-fuer-energie-und-gebaeudetechnik-m-w-d/,kabelbauleipzig.de,info@kabelbauleipzig.de,https://www.kabelbauleipzig.de/stellenangebote/ausbildung-zum-elektroniker-fuer-energie-und-gebaeudetechnik-m-w-d/ | https://www.kabelbauleipzig.de/ueber-uns/ | https://www.kabelbauleipzig.de/kontakt/,found
US-Elektro,Leipzig,(Elektriker OR Gebäudetechnik OR Sicherheitstechnik OR Rohrreinigung) Leipzig,http://www.us-elektro-kg.de/,us-elektro-kg.de,info@us-elektro-kg.de,http://www.us-elektro-kg.de/ | http://www.us-elektro-kg.de/html/kontakt.html | http://www.us-elektro-kg.de/html/impressum.html,found
Jobs in Leipzig | FM Facility Management Stellenmarkt,Leipzig,(Elektriker OR Gebäudetechnik OR Sicherheitstechnik OR Rohrreinigung) Leipzig,https://stellenmarkt.facility-management.de/region/deutschland/sachsen/leipzig/,stellenmarkt.facility-management.de,,https://stellenmarkt.facility-management.de/region/deutschland/sachsen/leipzig/,no_generic_email
Stellenangebote Gebäudetechnik - Die Jobsuche für Leipzig,Leipzig,(Elektriker OR Gebäudetechnik OR Sicherheitstechnik OR Rohrreinigung) Leipzig,https://www.goodmonday.de/jobs.jsp?jobs=y&term=Geb%C3%A4udetechnik&town=Leipzig,goodmonday.de,info@eab-ruebner.de,https://www.goodmonday.de/jobs.jsp?jobs=y&term=Geb%C3%A4udetechnik&town=Leipzig | https://www.goodmonday.de/about.jsp | https://www.goodmonday.de/imprint.jsp,found
Innungsbetriebe - Elektro-Innung Leipzig,Leipzig,(Elektriker OR Gebäudetechnik OR Sicherheitstechnik OR Rohrreinigung) Leipzig,https://www.elektro-innung-leipzig.de/innungsbetriebe.html,elektro-innung-leipzig.de,,,fetch_error:HTTPError
"HTWK Leipzig Energie-, Gebäude- und Umwelttechnik",Leipzig,(Elektriker OR Gebäudetechnik OR Sicherheitstechnik OR Rohrreinigung) Leipzig,https://www.htwk-leipzig.de/studieren/studiengaenge/auslaufende-studiengaenge/energie-gebaeude-und-umwelttechnik-1,htwk-leipzig.de,,https://www.htwk-leipzig.de/studieren/studiengaenge/auslaufende-studiengaenge/energie-gebaeude-und-umwelttechnik-1 | https://www.htwk-leipzig.de/hochschule/kontakt | https://www.htwk-leipzig.de/hochschule/ueber-uns,no_generic_email
Umschulung Elektroniker:in (IHK) Leipzig | bfw,Leipzig,(Elektriker OR Gebäudetechnik OR Sicherheitstechnik OR Rohrreinigung) Leipzig,https://www.bfw.de/angebot/umschulung/leipzig/elektronikerin-ihk-fachrichtung-energie-und-gebaeudetechnik-umschulung/,bfw.de,kontakt@bfw.de,https://www.bfw.de/angebot/umschulung/leipzig/elektronikerin-ihk-fachrichtung-energie-und-gebaeudetechnik-umschulung/ | https://www.bfw.de/kontakt/ | https://www.bfw.de/impressum/,found
Elektroniker:in mit Fachrichtung Energie - Universität Leipzig,Leipzig,(Elektriker OR Gebäudetechnik OR Sicherheitstechnik OR Rohrreinigung) Leipzig,https://www.uni-leipzig.de/universitaet/arbeiten-an-der-universitaet-leipzig/berufsausbildung/elektronikerin,uni-leipzig.de,,https://www.uni-leipzig.de/universitaet/arbeiten-an-der-universitaet-leipzig/berufsausbildung/elektronikerin | https://www.uni-leipzig.de/universitaet/service/kontakte | https://www.uni-leipzig.de/impressum,no_generic_email
"Rohrreinigung, -bruch und Leckortung im Gewerbe Leipzig ...",Leipzig,(Elektriker OR Gebäudetechnik OR Sicherheitstechnik OR Rohrreinigung) Leipzig,https://www.boettger-heizung-sanitaer.de/proweb/gewerbekunden/rohrreinigung-leckortung,boettger-heizung-sanitaer.de,info@boettger-heizung-sanitaer.de,https://www.boettger-heizung-sanitaer.de/proweb/gewerbekunden/rohrreinigung-leckortung | https://www.boettger-heizung-sanitaer.de/scripts/kontakt/mail.aspx,found
EHK Krüger | Elektro- und Hausservice in Leipzig,Leipzig,(Elektriker OR Gebäudetechnik OR Sicherheitstechnik OR Rohrreinigung) Leipzig,https://www.ehk-leipzig.de/,ehk-leipzig.de,info@ehk-leipzig.de,https://www.ehk-leipzig.de/ | https://www.ehk-leipzig.de/ueber-uns | https://www.ehk-leipzig.de/kontakt/kontaktformular,found
Umwelttechnik/Rohr- und Kanalservice Leipzig - Bau Bildung Sachsen,Leipzig,(Elektriker OR Gebäudetechnik OR Sicherheitstechnik OR Rohrreinigung) Leipzig,https://bau-bildung.de/umwelttechnik-rohr-und-kanalservice-leipzig,bau-bildung.de,,,fetch_error:HTTPError
Elektrotechnik Paulick - Zuverlässiger Partner für Elektrotechnik,Leipzig,(Elektriker OR Gebäudetechnik OR Sicherheitstechnik OR Rohrreinigung) Leipzig,https://www.paulick-elektro.de/,paulick-elektro.de,,https://www.paulick-elektro.de/ | https://www.paulick-elektro.de/paulick-website/contact | https://www.paulick-elektro.de/paulick-website/impressum,no_generic_email
Elektroinstallation Leipzig – Köhler Elektrotechnik,Leipzig,(Elektriker OR Gebäudetechnik OR Sicherheitstechnik OR Rohrreinigung) Leipzig,https://www.koehler-gmbh.de/elektroinstallation-leipzig,koehler-gmbh.de,,https://www.koehler-gmbh.de/elektroinstallation-leipzig | https://www.koehler-gmbh.de/kontakt | https://www.koehler-gmbh.de/impressum,no_generic_email
Elektroniker (m/w/d) - WG Lipsia eG,Leipzig,(Elektriker OR Gebäudetechnik OR Sicherheitstechnik OR Rohrreinigung) Leipzig,https://wg-lipsia.de/stellenangebote/elektroniker/,wg-lipsia.de,,https://wg-lipsia.de/stellenangebote/elektroniker/ | https://wg-lipsia.de/immerda/kontakt/ihre-ansprechpartner/ | https://wg-lipsia.de/immerda/kontakt/ihre-ansprechpartner/,no_generic_email
FISCHER & KÖLZNER GmbH | Elektro- und Sicherheitstechnik,Leipzig,(Elektriker OR Gebäudetechnik OR Sicherheitstechnik OR Rohrreinigung) Leipzig,https://fk-elektro.de/,fk-elektro.de,,https://fk-elektro.de/ | https://fk-elektro.de/impressum/,no_generic_email
HE Heinrich Elektronik GmbH Leipzig,Leipzig,(Elektriker OR Gebäudetechnik OR Sicherheitstechnik OR Rohrreinigung) Leipzig,https://www.he-leipzig.de/,he-leipzig.de,info@he-leipzig.de,https://www.he-leipzig.de/ | https://www.he-leipzig.de/kontakt | https://www.he-leipzig.de/impressum,found
Staatlich geprüfte Techniker:in für Elektrotechnik - WBS Schulen,Leipzig,(Elektriker OR Gebäudetechnik OR Sicherheitstechnik OR Rohrreinigung) Leipzig,https://www.wbs-schulen.de/fachschule-fuer-technik-und-wirtschaft-leipzig-fachschulstudium-techniker-elektrotechnik/,wbs-schulen.de,kontakt@wbs-schulen.de,https://www.wbs-schulen.de/fachschule-fuer-technik-und-wirtschaft-leipzig-fachschulstudium-techniker-elektrotechnik/ | https://www.wbs-schulen.de/kontakt/,found
Elektriker Leipzig. Services der Elektroinstallationsfirma,Leipzig,(Elektriker OR Gebäudetechnik OR Sicherheitstechnik OR Rohrreinigung) Leipzig,https://elektriker-leipzig.websiteandmore.de/services/,elektriker-leipzig.websiteandmore.de,,https://elektriker-leipzig.websiteandmore.de/services/ | https://elektriker-leipzig.websiteandmore.de/contact-us/,no_generic_email
bsw-Fachschule für Technik Leipzig - Fort- und Weiterbildungen ...,Leipzig,(Elektriker OR Gebäudetechnik OR Sicherheitstechnik OR Rohrreinigung) Leipzig,https://www.fachschule-technik-leipzig.de/,fachschule-technik-leipzig.de,,https://www.fachschule-technik-leipzig.de/ | https://www.fachschule-technik-leipzig.de/kontakt | https://www.fachschule-technik-leipzig.de/ueber-uns,no_generic_email
DÜVOS Energie- und Haustechnik GmbH (Standnummer: 42),Leipzig,(Elektriker OR Gebäudetechnik OR Sicherheitstechnik OR Rohrreinigung) Leipzig,https://deine-jobmesse.profairs.de/users/deine-jobmesse/ausstellerverzeichnis/?messeid=68&ausstellerid=2295,deine-jobmesse.profairs.de,info@duevos.de,https://deine-jobmesse.profairs.de/users/deine-jobmesse/ausstellerverzeichnis/?messeid=68&ausstellerid=2295,found
Hey Haustechnik: Ihr Fachmann für Heizung und Sanitär in und um ...,Leipzig,(Elektriker OR Gebäudetechnik OR Sicherheitstechnik OR Rohrreinigung) Leipzig,https://www.hey-haustechnik.de/,hey-haustechnik.de,kontakt@hey-haustechnik.de,https://www.hey-haustechnik.de/ | https://www.hey-haustechnik.de/impressum/,found
Haustechnik - Branchenbuch Leipzig,Leipzig,(Elektriker OR Gebäudetechnik OR Sicherheitstechnik OR Rohrreinigung) Leipzig,https://leipzig.branchen-info.net/haustechnik-973-1.php,leipzig.branchen-info.net,,https://leipzig.branchen-info.net/branche/haustechnik/973/,no_generic_email
KSH Leipzig,Leipzig,(Elektriker OR Gebäudetechnik OR Sicherheitstechnik OR Rohrreinigung) Leipzig,http://www.ksh-haustechnik.de/,ksh-haustechnik.de,,http://www.ksh-haustechnik.de/,no_generic_email
Arbeitsgebiete - Ingenieurbüro Kamann,Leipzig,(Elektriker OR Gebäudetechnik OR Sicherheitstechnik OR Rohrreinigung) Leipzig,https://www.ib-kamann.de/arbeitsgebiete/,ib-kamann.de,info@ib-kamann.de,https://www.ib-kamann.de/arbeitsgebiete/ | https://www.ib-kamann.de/ueber-uns/bueroausstattung/ | https://www.ib-kamann.de/ueber-uns/persoenliches/,found
Über uns - elektrotechnik rené teich,Leipzig,(Elektriker OR Gebäudetechnik OR Sicherheitstechnik OR Rohrreinigung) Leipzig,https://www.elektrotechnik-leipzig.de/uber-uns/,elektrotechnik-leipzig.de,,https://www.elektrotechnik-leipzig.de/uber-uns/ | https://www.elektrotechnik-leipzig.de/uber-uns/ | https://www.elektrotechnik-leipzig.de/kontakt/,no_generic_email
Seibel365 Leipzig ❤️ Gebäudetechnik für Hausverwaltungen,Leipzig,(Elektriker OR Gebäudetechnik OR Sicherheitstechnik OR Rohrreinigung) Leipzig,https://seibel-leipzig.de/,seibel-leipzig.de,service@gmbh-seibel.de,https://seibel-leipzig.de/ | https://seibel-leipzig.de/ueber-uns/ | https://seibel-leipzig.de/impressum/,found
Sanitär Heizung Klima in Leipzig,Leipzig,(Elektriker OR Gebäudetechnik OR Sicherheitstechnik OR Rohrreinigung) Leipzig,https://www.weber-gebaeudetechnik.de/,weber-gebaeudetechnik.de,info@weber-gebaeudetechnik.de,https://www.weber-gebaeudetechnik.de/,found
https://haustechnik-schulze.de/,Leipzig,(Elektriker OR Gebäudetechnik OR Sicherheitstechnik OR Rohrreinigung) Leipzig,https://haustechnik-schulze.de/,haustechnik-schulze.de,,https://haustechnik-schulze.de:443/login_up.php,no_generic_email
Elektroinstallation fachgerecht durch Elektriker aus Leipzig,Leipzig,(Elektriker OR Gebäudetechnik OR Sicherheitstechnik OR Rohrreinigung) Leipzig,https://bossmann-gmbh-leipzig.de/leistungen/elektrotechnik/,bossmann-gmbh-leipzig.de,info@bossmann-dresden.de; info@bossmann-franchise.de,https://bossmann-gmbh-leipzig.de/leistungen/elektrotechnik/ | https://bossmann-gmbh-leipzig.de/kontakt/ | https://bossmann-gmbh-leipzig.de/Impressum/,found
Kabelsalat Elektrik,Leipzig,(Elektriker OR Gebäudetechnik OR Sicherheitstechnik OR Rohrreinigung) Leipzig,https://kabelsalat-elektrik.de/,kabelsalat-elektrik.de,office@yourcompany.com,https://kabelsalat-elektrik.de/ | https://kabelsalat-elektrik.de/contact/ | http://kabelsalat-elektrik.de/contact/,found
Leistungen - Top Elektroanlagen GmbH,Leipzig,(Elektriker OR Gebäudetechnik OR Sicherheitstechnik OR Rohrreinigung) Leipzig,https://elt-anlagen.de/Leistungen/,elt-anlagen.de,info@elt-anlagen.de,https://elt-anlagen.de/Leistungen/ | https://elt-anlagen.de/Kontakt/ | https://elt-anlagen.de/Kontakt/Oeffnungszeiten/,found
Elektroniker für Geräte und Systeme - BFW Leipzig,Leipzig,(Elektriker OR Gebäudetechnik OR Sicherheitstechnik OR Rohrreinigung) Leipzig,https://bfw-leipzig.de/reha-angebote/umschulung/gewerblich-technisch/elektroniker-fuer-geraete-und-systeme/,bfw-leipzig.de,info@bfw-leipzig.de,https://bfw-leipzig.de/reha-angebote/umschulung/gewerblich-technisch/elektroniker-fuer-geraete-und-systeme/ | https://bfw-leipzig.de/ueber-uns/ | https://bfw-leipzig.de/ueber-uns/leitbild/,found
Ihr Profi für Gebäude- und Anlagenautomation - RPP Leipzig,Leipzig,(Elektriker OR Gebäudetechnik OR Sicherheitstechnik OR Rohrreinigung) Leipzig,https://rpp-leipzig.de/taetigkeitsfelder/gebaeudeautomation,rpp-leipzig.de,info@agentur-id.de; info@cituro.com; info@hwk-leipzig.de; info@immersight.de; info@klimarando.de; info@meister1.de; info@rpp-leipzig.de; info@viessmann.com,https://rpp-leipzig.de/taetigkeitsfelder/gebaeudeautomation | https://rpp-leipzig.de/kontakt | https://rpp-leipzig.de/ueber-uns,found
Jürgen Schulze GmbH: Willkommen,Bremen,(Sanitärinstallateur OR Heizungsinstallateur OR Kältetechnik) Bremen,https://heizung-schulze.de/,heizung-schulze.de,,https://heizung-schulze.de/ | https://heizung-schulze.de/impressum-datenschutz,no_generic_email
Anders Heizung-Sanitär GmbH Bremen – Ihr Fachbetrieb seit 1965,Bremen,(Sanitärinstallateur OR Heizungsinstallateur OR Kältetechnik) Bremen,https://www.anders-bremen.de/,anders-bremen.de,info@anders-bremen.de,https://www.anders-bremen.de/ | https://www.anders-bremen.de/ueber-uns.html | https://www.anders-bremen.de/kontakt.html,found
Sanitär Heizung Elektro | Bremen Pinkepank,Bremen,(Sanitärinstallateur OR Heizungsinstallateur OR Kältetechnik) Bremen,https://www.pinkepank-bremen.de/,pinkepank-bremen.de,info@pinkepank-bremen.de,https://www.pinkepank-bremen.de/ | https://www.pinkepank-bremen.de/scripts/kontakt/mail.aspx | https://www.pinkepank-bremen.de/unternehmen/shk/kontakt,found
Sanitär Heizung Meisterbetrieb | Bremen | Warnecke & Sohn,Bremen,(Sanitärinstallateur OR Heizungsinstallateur OR Kältetechnik) Bremen,https://www.warneckeundsohn.de/,warneckeundsohn.de,info@warnecke.gmbh,https://www.warneckeundsohn.de/ | https://www.warneckeundsohn.de/scripts/kontakt/mail.aspx | https://www.warneckeundsohn.de/unternehmen/shk/kontakt,found
Installateur John GmbH – Ihr Partner für Bad & Heizung in Bremen,Bremen,(Sanitärinstallateur OR Heizungsinstallateur OR Kältetechnik) Bremen,https://installateur-john.de/,installateur-john.de,,https://installateur-john.de/,no_generic_email
Neumann & Grimm: Sanitär Heizung Energie Bad | Bremen,Bremen,(Sanitärinstallateur OR Heizungsinstallateur OR Kältetechnik) Bremen,https://www.neumann-grimm.de/,neumann-grimm.de,info@neumann-grimm.de,https://www.neumann-grimm.de/ | https://www.neumann-grimm.de/scripts/kontakt/mail.aspx | https://www.neumann-grimm.de/unternehmen/shk/kontakt,found
Ihr Installateur Sanitär Heizung GmbH - Bremen,Bremen,(Sanitärinstallateur OR Heizungsinstallateur OR Kältetechnik) Bremen,https://ihr-installateur.de/,ihr-installateur.de,,https://ihr-installateur.de/,no_generic_email
Peter Bolte - Bad | Heizung | Klempnerei in Bremen,Bremen,(Sanitärinstallateur OR Heizungsinstallateur OR Kältetechnik) Bremen,https://www.bolte-bremen.de/,bolte-bremen.de,info@bolte-bremen.de,https://www.bolte-bremen.de/ | https://www.bolte-bremen.de/ueber-uns.php | https://www.bolte-bremen.de/kontakt.php,found
"Basel Gebäudetechnik GmbH, Sanitär und Heizung in Bremen Nord",Bremen,(Sanitärinstallateur OR Heizungsinstallateur OR Kältetechnik) Bremen,https://www.basel-gebaeudetechnik.de/,basel-gebaeudetechnik.de,info@basel-gebaeudetechnik.de,https://www.basel-gebaeudetechnik.de/,found
"Bergmann GmbH, Bremen: Installateur Sanitär Heizung",Bremen,(Sanitärinstallateur OR Heizungsinstallateur OR Kältetechnik) Bremen,https://www.bergmann-bremen.de/,bergmann-bremen.de,kontakt@bergmann-bremen.de,https://www.bergmann-bremen.de/ | https://www.bergmann-bremen.de/scripts/kontakt/mail.aspx | https://www.bergmann-bremen.de/unternehmen/shk/kontakt,found
Sanitär- & Installationstechnik - Green Energy Systems Leipzig GmbH,Leipzig,(Elektriker OR Gebäudetechnik OR Sicherheitstechnik OR Rohrreinigung) Leipzig,https://www.green-energy-leipzig.de/sanitaerbau/sanitaer-und-installationstechnik,green-energy-leipzig.de,info@green-energy-leipzig.de,https://www.green-energy-leipzig.de/sanitaerbau/sanitaer-und-installationstechnik | https://www.green-energy-leipzig.de/ueber-uns | https://www.green-energy-leipzig.de/ueber-uns/team,found
Haustechnik in Bremen - Peinemann + Sohn (GmbH & Co. KG),Bremen,(Sanitärinstallateur OR Heizungsinstallateur OR Kältetechnik) Bremen,https://www.peinemann.de/,peinemann.de,kontakt@peinemann.de,https://www.peinemann.de/ | https://www.peinemann.de/unternehmen/ueber-uns/ | https://www.peinemann.de/unternehmen/ueber-uns/unsere-leitsaetze/,found
"ROLAND Kälte-Klimatechnik GmbH — Kälte, Klima & Lüftung in ...",Bremen,(Sanitärinstallateur OR Heizungsinstallateur OR Kältetechnik) Bremen,https://www.roland-kaelteklima.de/,roland-kaelteklima.de,info@roland-kaelteklima.de,https://www.roland-kaelteklima.de/ | https://www.roland-kaelteklima.de/impressum.html,found
Tegelbeckers: Ihr Klima- und Kälte-Spezialist für Bremen und umzu,Bremen,(Sanitärinstallateur OR Heizungsinstallateur OR Kältetechnik) Bremen,https://www.tegelbeckers-gmbh.de/,tegelbeckers-gmbh.de,info@tegelbeckers-gmbh.de; info@webmen.de,https://www.tegelbeckers-gmbh.de/ | https://www.tegelbeckers-gmbh.de/ueber-uns.html | https://www.tegelbeckers-gmbh.de/ueber-uns-jobs.html,found
Raumluft & Kältetechnik Bremen - Bauklempnerei Citozi,Bremen,(Sanitärinstallateur OR Heizungsinstallateur OR Kältetechnik) Bremen,https://bauklempnerei-citozi.de/kaeltetechnik-bremen/,bauklempnerei-citozi.de,kontakt@bauklempnerei-citozi.de,https://bauklempnerei-citozi.de/kaeltetechnik-bremen/ | https://bauklempnerei-citozi.de/impressum/,found
Karl Marggraf: Meisterbetrieb Sanitär Heizung | Bremen,Bremen,(Sanitärinstallateur OR Heizungsinstallateur OR Kältetechnik) Bremen,https://www.dermarggraf.de/,dermarggraf.de,,https://www.dermarggraf.de/ | https://www.dermarggraf.de/scripts/kontakt/mail.aspx | https://www.dermarggraf.de/unternehmen/shk/kontakt,no_generic_email
"Sanitär Heizung | Bremen, Florian Franck",Bremen,(Sanitärinstallateur OR Heizungsinstallateur OR Kältetechnik) Bremen,https://www.florianfranck.de/,florianfranck.de,info@florianfranck.de,https://www.florianfranck.de/ | https://www.florianfranck.de/scripts/kontakt/mail.aspx | https://www.florianfranck.de/unternehmen/shk/kontakt,found
GEITEKK: Gebäude- und Industrietechnik Bremen,Bremen,(Sanitärinstallateur OR Heizungsinstallateur OR Kältetechnik) Bremen,https://www.geitekk.de/,geitekk.de,info@geitekk.de,https://www.geitekk.de/ | https://www.geitekk.de/scripts/kontakt/mail.aspx | https://www.geitekk.de/unternehmen/shk/kontakt,found
Heizung und Bad Bremen | Warneke + Schulz Meisterbetrieb,Bremen,(Sanitärinstallateur OR Heizungsinstallateur OR Kältetechnik) Bremen,https://warneke-schulz.de/,warneke-schulz.de,info@warneke-schulz.de,https://warneke-schulz.de/ | https://warneke-schulz.de/ueber-uns/ | https://warneke-schulz.de/ueber-uns/unser-versprechen/,found
Gebrüder Krüger Haustechnik – Bad & Heizung in Bremen,Bremen,(Sanitärinstallateur OR Heizungsinstallateur OR Kältetechnik) Bremen,https://gebr-krueger-haustechnik.de/,gebr-krueger-haustechnik.de,,https://gebr-krueger-haustechnik.de/,no_generic_email
HLS Bremen: Sanitär + Heizung E. + K. Lang,Bremen,(Sanitärinstallateur OR Heizungsinstallateur OR Kältetechnik) Bremen,https://www.hls-portal.de/HLS/Bremen/1080/Sanit%C3%A4r+%2B+Heizung+E.+%2B+K.+Lang,hls-portal.de,,,fetch_error:URLError
Meisterbetrieb Geisweller aus Bremen | Sanitär und Heizung,Bremen,(Sanitärinstallateur OR Heizungsinstallateur OR Kältetechnik) Bremen,https://www.geisweller-sanitaer-heizung.de/,geisweller-sanitaer-heizung.de,,https://www.geisweller-sanitaer-heizung.de/ | https://www.geisweller-sanitaer-heizung.de/kontakt.php | https://www.geisweller-sanitaer-heizung.de/ueber-uns.php,no_generic_email
Hüser Bad und Heizung: Installateur Bremen,Bremen,(Sanitärinstallateur OR Heizungsinstallateur OR Kältetechnik) Bremen,https://www.hueser-haustechnik.de/,hueser-haustechnik.de,info@hueser-haustechnik.de,https://www.hueser-haustechnik.de/ | https://www.hueser-haustechnik.de/scripts/kontakt/mail.aspx | https://www.hueser-haustechnik.de/unternehmen/shk/kontakt,found
ENGELAGETROEGEL: Sanitär Heizung Bremen,Bremen,(Sanitärinstallateur OR Heizungsinstallateur OR Kältetechnik) Bremen,https://www.engelagetroegel.de/,engelagetroegel.de,info@troegel-bremen.de; mail@engelagetroegel.de,https://www.engelagetroegel.de/ | https://www.engelagetroegel.de/scripts/kontakt/mail.aspx | https://www.engelagetroegel.de/unternehmen/shk/kontakt,found
Chr. Bollmann & Sohn GmbH – Startseite,Bremen,(Sanitärinstallateur OR Heizungsinstallateur OR Kältetechnik) Bremen,https://www.bollmann-und-sohn.de/,bollmann-und-sohn.de,info@bollmann-und-sohn.de,https://www.bollmann-und-sohn.de/ | https://www.bollmann-und-sohn.de/impressum.html,found
k-s-der-heizungsmann.de,Bremen,(Sanitärinstallateur OR Heizungsinstallateur OR Kältetechnik) Bremen,https://k-s-der-heizungsmann.de/,k-s-der-heizungsmann.de,,,fetch_error:URLError
Ötjengerdes Badmodernisierung Heizung in Bremen,Bremen,(Sanitärinstallateur OR Heizungsinstallateur OR Kältetechnik) Bremen,https://oetjengerdes24.de/,oetjengerdes24.de,info@oetjengerdes24.de,https://oetjengerdes24.de/ | https://oetjengerdes24.de/kontakt/ | https://oetjengerdes24.de/impressum/,found
Jürgen Neumann GmbH - Bremen,Bremen,(Sanitärinstallateur OR Heizungsinstallateur OR Kältetechnik) Bremen,https://www.neumann-anlagenmechanik.de/,neumann-anlagenmechanik.de,info@neumann-anlagenmechanik.de,https://www.neumann-anlagenmechanik.de/ | https://www.neumann-anlagenmechanik.de/pages/ueber-uns.php | https://www.neumann-anlagenmechanik.de/pages/kontakt.php,found
https://bremen.branchen-info.net/fp_638132.php,Bremen,(Sanitärinstallateur OR Heizungsinstallateur OR Kältetechnik) Bremen,https://bremen.branchen-info.net/fp_638132.php,bremen.branchen-info.net,,https://bremen.branchen-info.net/behrmann-klempnerei-heizung-sanitaer-gmbh-co-kg-christian/638132/,no_generic_email
Renke Gebäudetechnik GmbH: Start,Bremen,(Elektriker OR Gebäudetechnik OR Sicherheitstechnik OR Rohrreinigung) Bremen,https://renke-bremen.de/,renke-bremen.de,kontakt@renke-bremen.de,https://renke-bremen.de/,found
Klimatechniker in Bremen - Sanitärbetrieb Artelt OHG,Bremen,(Sanitärinstallateur OR Heizungsinstallateur OR Kältetechnik) Bremen,https://www.artelt-bremen.de/klimatechniker-bremen,artelt-bremen.de,info@artelt-bremen.de,https://www.artelt-bremen.de/klimatechniker-bremen | https://www.artelt-bremen.de/uber-uns | https://www.artelt-bremen.de/ueber-uns/team,found
Home Kontakt Impressum Sanitär Heizung,Bremen,(Sanitärinstallateur OR Heizungsinstallateur OR Kältetechnik) Bremen,https://kirschenlohr-s.de/,kirschenlohr-s.de,,https://kirschenlohr-s.de/ | https://kirschenlohr-s.de/kontakt.html | https://kirschenlohr-s.de/impressum.html,no_generic_email
Bauer & Söhne GmbH Heizung+Sanitär | Profis für Heizung ...,Bremen,(Sanitärinstallateur OR Heizungsinstallateur OR Kältetechnik) Bremen,https://bauer-soehne.de/,bauer-soehne.de,info@bauer-soehne.de; service@hwk-bremen.de,https://bauer-soehne.de/ | https://bauer-soehne.de/kontaktformular/ | https://bauer-soehne.de/impressum/,found
Energetische Sanierung Kälte & Klimatechnik Bremen,Bremen,(Sanitärinstallateur OR Heizungsinstallateur OR Kältetechnik) Bremen,https://bossmann-store.de/Kaelte-Klimatechnik-Energetisch-fuer-ein-Einfamilienhaus-Bremen-Angebot/BR-ENERG-klimatec,bossmann-store.de,,https://bossmann-store.de/Kaelte-Klimatechnik-Energetisch-fuer-ein-Einfamilienhaus-Bremen-Angebot/BR-ENERG-klimatec | https://bossmann-store.de/UEber-uns/,no_generic_email
ELEKTRO EGE GmbH und Co KG in Bremen,Bremen,(Elektriker OR Gebäudetechnik OR Sicherheitstechnik OR Rohrreinigung) Bremen,https://elektro-ege.de/,elektro-ege.de,,https://elektro-ege.de/ | https://elektro-ege.de/kontakt | https://elektro-ege.de/impressum,no_generic_email
Elektriker in Bremen – Elektro Thobe für moderne Elektrotechnik,Bremen,(Elektriker OR Gebäudetechnik OR Sicherheitstechnik OR Rohrreinigung) Bremen,https://elektro-thobe.de/,elektro-thobe.de,info@elektro-thobe.de,https://elektro-thobe.de/ | https://elektro-thobe.de/ueber-uns | https://elektro-thobe.de/kontakt,found
Elektroniker/in - Energie- und Gebäudetechnik Bremen,Bremen,(Elektriker OR Gebäudetechnik OR Sicherheitstechnik OR Rohrreinigung) Bremen,https://www.karriere-bremen.de/stellenangebote-elektroniker-energie-und-gebaeudetechnik,karriere-bremen.de,info@karriere-bremen.de,https://www.karriere-bremen.de/stellenangebote-elektroniker-energie-und-gebaeudetechnik | https://www.karriere-bremen.de/impressum | https://www.karriere-bremen.de/impressum,found
Jobs Gebäudetechnik Bremen - jobs.weser-kurier.de,Bremen,(Elektriker OR Gebäudetechnik OR Sicherheitstechnik OR Rohrreinigung) Bremen,https://jobs.weser-kurier.de/jobs/geb%C3%A4udetechnik-in-bremen,jobs.weser-kurier.de,,https://jobs.weser-kurier.de/jobs/geb%C3%A4udetechnik-in-bremen,no_generic_email
Elektroniker/in – Energie- und Gebäudetechnik,Bremen,(Elektriker OR Gebäudetechnik OR Sicherheitstechnik OR Rohrreinigung) Bremen,https://sz-vegesack.de/berufsschule/ausbildungsberufe/elektronikerin-energie-und-gebaeudetechnik/,sz-vegesack.de,,https://sz-vegesack.de/berufsschule/ausbildungsberufe/elektronikerin-energie-und-gebaeudetechnik/ | https://sz-vegesack.de/kontakt/ | https://sz-vegesack.de/impressum/,no_generic_email
Hoefert Elektro GmbH Bremen | Startseite,Bremen,(Elektriker OR Gebäudetechnik OR Sicherheitstechnik OR Rohrreinigung) Bremen,https://www.hoefert-elektro.de/,hoefert-elektro.de,info@hoefert-elektro.de,https://www.hoefert-elektro.de/ | https://www.hoefert-elektro.de/index.php/kontakt/ansprechpartner | https://www.hoefert-elektro.de/index.php/kontakt/anschrift-anfahrt,found
Elektroinstallation - Energiesparen - Bremen - Elektro Oelckers ...,Bremen,(Elektriker OR Gebäudetechnik OR Sicherheitstechnik OR Rohrreinigung) Bremen,https://www.elektro-oelckers.de/,elektro-oelckers.de,,https://www.elektro-oelckers.de/ | https://www.elektro-oelckers.de/wir-ueber-uns.html | https://www.elektro-oelckers.de/wir-ueber-uns/partnerschaften.html,no_generic_email
"und Gebäudetechnik, Ausbildung Bremen Elektroniker für Energie",Bremen,(Elektriker OR Gebäudetechnik OR Sicherheitstechnik OR Rohrreinigung) Bremen,https://www.jobs-in-bremen.info/ausbildung/elektroniker-fuer-energie-und-gebaeudetechnik-bremen,jobs-in-bremen.info,,https://www.jobs-in-bremen.info/ausbildung/elektroniker-fuer-energie-und-gebaeudetechnik-bremen | https://www.jobs-in-bremen.info/impressum.html,no_generic_email
Innungsbetriebe - Elektro-Innung Bremen,Bremen,(Elektriker OR Gebäudetechnik OR Sicherheitstechnik OR Rohrreinigung) Bremen,https://www.elektroinnung-bremen.de/innungsbetriebe.html,elektroinnung-bremen.de,info@adlersolar.de; info@aska-elektro.de; info@baedeker-rux.de; info@bimo-elektrotechnik.de; info@brandhorst.de; info@bremen-handwerk.de; info@castro-elektro.de; info@e-janssen.de; info@elektro-alpert.de; info@elektro-boettjer.de; info@elektro-luehning.de; info@elektro-oelckers.de; info@elektro-schlobohm.de; info@elektro-siemer.de; info@elektro-suhr.de; info@elektro-thaete.de; info@elektro-wehmann.de; info@elektroandy.de; info@elektroinnung-bremen.de; info@elektrokoepfe.de; info@elektrotechnik-woeltjen.de; info@geitekk.de; info@gmt-elektro.de; info@hanse-smart.de; info@hoefert-elektro.de; info@knueppel-elektrotechnik.de; info@kpw-elektro.de; info@lpe-d.de; info@madeg-elektrotechnik.de; info@mickens-elektro.de; info@pawel-elektrotechnik.de; info@preusse-elektro.de; info@rahmann-hb.de; info@smart-elektro-technik.de; info@specketer-heitmann.de; info@ve-elektrotechnik.de; info@weser-energietechnik.de; kontakt@axel-juelicher.de; kontakt@tangemann.net,https://www.elektroinnung-bremen.de/innungsbetriebe.html | https://www.elektroinnung-bremen.de/impressum.html | https://www.elektroinnung-bremen.de/kontakt.html,found
Specketer & Heitmann Elektrotechnik GmbH & Co. KG - Bremen,Bremen,(Elektriker OR Gebäudetechnik OR Sicherheitstechnik OR Rohrreinigung) Bremen,https://www.specketer-heitmann.de/,specketer-heitmann.de,,https://www.specketer-heitmann.de/ | https://www.specketer-heitmann.de/kontakt.html | https://www.specketer-heitmann.de/wir-ueber-uns.html,no_generic_email
Fachplaner/in Elektrotechnik (Energie- und Gebäudetechnik) Bremen,Bremen,(Elektriker OR Gebäudetechnik OR Sicherheitstechnik OR Rohrreinigung) Bremen,https://hellmich-partner.de/fachplaner-in-elektrotechnik-energie-und-gebaeudetechnik-bremen/,hellmich-partner.de,,https://hellmich-partner.de/fachplaner-in-elektrotechnik-energie-und-gebaeudetechnik-bremen/,no_generic_email
Team Funke Bremen – Ihr Partner für Gebäudetechnik,Bremen,(Elektriker OR Gebäudetechnik OR Sicherheitstechnik OR Rohrreinigung) Bremen,https://teamfunke-bremen.de/,teamfunke-bremen.de,,https://teamfunke-bremen.de/ | https://teamfunke-bremen.de/impressum/,no_generic_email
"Elektro Kriete in Bremen - Elektrotechnik für Haus, Büro & Gewerbe",Bremen,(Elektriker OR Gebäudetechnik OR Sicherheitstechnik OR Rohrreinigung) Bremen,https://elektro-kriete.de/,elektro-kriete.de,info@elektro-kriete.de,https://elektro-kriete.de/ | https://elektro-kriete.de/ueber-uns/ | https://elektro-kriete.de/kontakt/,found
Lankenau Haustechnik | Ihr Fachbetrieb für Heizung in Bremen,Bremen,(Sanitärinstallateur OR Heizungsinstallateur OR Kältetechnik) Bremen,https://lankenau-bremen.de/,lankenau-bremen.de,info@lankenau-bremen.de,https://lankenau-bremen.de/ | https://lankenau-bremen.de/kontaktformular/ | https://lankenau-bremen.de/impressum/,found
Job Finder - Bremen - Ecotec GmbH,Bremen,(Elektriker OR Gebäudetechnik OR Sicherheitstechnik OR Rohrreinigung) Bremen,https://www.ecotec-bremen.de/karriere/job-finder,ecotec-bremen.de,,https://www.ecotec-bremen.de/karriere/job-finder | https://www.ecotec-bremen.de/kontakt | https://www.ecotec-bremen.de/impressum,no_generic_email
elektro-janssen-bremen.de: Home,Bremen,(Elektriker OR Gebäudetechnik OR Sicherheitstechnik OR Rohrreinigung) Bremen,https://elektro-janssen-bremen.de/,elektro-janssen-bremen.de,info@e-janssen.de; info@screenplus.de,https://elektro-janssen-bremen.de/ | https://elektro-janssen-bremen.de/kontakt/ | https://elektro-janssen-bremen.de/impressum/,found
Elektroniker (m/w/d) in Bremen gesucht - Ing. W. Wichmann Sanitär,Bremen,(Elektriker OR Gebäudetechnik OR Sicherheitstechnik OR Rohrreinigung) Bremen,https://www.wichmann-bremen.de/karriere/stellenangebote/elektroniker-fuer-energie-und-gebaeudetechnik-m/w/d-1/,wichmann-bremen.de,info@wichmann-bremen.de,https://www.wichmann-bremen.de/karriere/stellenangebote/elektroniker-fuer-energie-und-gebaeudetechnik-m/w/d-1/ | https://www.wichmann-bremen.de/impressum/ | https://www.wichmann-bremen.de/kontakt/,found
Elektrotechnik Schlobohm GmbH Bremen | Elektroinstallation ...,Bremen,(Elektriker OR Gebäudetechnik OR Sicherheitstechnik OR Rohrreinigung) Bremen,https://www.schlobohm-gmbh.de/,schlobohm-gmbh.de,info@schlobohm-gmbh.de,https://www.schlobohm-gmbh.de/,found
PAWEL-Elektrotechnik GmbH Experte für Gebäudeelektronik,Bremen,(Elektriker OR Gebäudetechnik OR Sicherheitstechnik OR Rohrreinigung) Bremen,https://www.pawel-elektrotechnik.de/,pawel-elektrotechnik.de,info@pawel-elektrotechnik.de,https://www.pawel-elektrotechnik.de/ | https://www.pawel-elektrotechnik.de/Kontakt/index.php/ | https://www.pawel-elektrotechnik.de/Kontakt/,found
Elektroniker / Elektriker (m/w/d) Gebäudetechnik - Bremen,Bremen,(Elektriker OR Gebäudetechnik OR Sicherheitstechnik OR Rohrreinigung) Bremen,https://www.avanti-handwerk.de/stellenbeschreibung/elektroniker-elektriker-m-w-d-gebaeudetechnik-28209-bremen-acd03a6f-d777-41af-be0c-e18043a53f8f.html,avanti-handwerk.de,,https://www.avanti-handwerk.de/stellenbeschreibung/elektroniker-elektriker-m-w-d-gebaeudetechnik-28209-bremen-acd03a6f-d777-41af-be0c-e18043a53f8f.html | https://www.avanti-handwerk.de/kontakt.html | https://www.avanti-handwerk.de/impressum.html,no_generic_email
Ausbildungsberufe von A-Z - Karriereportal - karriere.bremen.de,Bremen,(Elektriker OR Gebäudetechnik OR Sicherheitstechnik OR Rohrreinigung) Bremen,https://www.karriere.bremen.de/ausbildungsberufe-von-a-z-34325,karriere.bremen.de,,https://www.karriere.bremen.de/ausbildungsberufe-von-a-z-34325 | https://www.karriere.bremen.de/ueber-uns-10763 | https://www.karriere.bremen.de/impressum-1478,no_generic_email
Böttjer Elektrotechnik: Elektriker in Bremen,Bremen,(Elektriker OR Gebäudetechnik OR Sicherheitstechnik OR Rohrreinigung) Bremen,https://elektro-boettjer.de/,elektro-boettjer.de,info@elektro-boettjer.de,https://elektro-boettjer.de/ | https://elektro-boettjer.de/ueber-uns/ | https://elektro-boettjer.de/ueber-uns/team/,found
Gebäudetechnik Bremen: Ihre Experten für Haustechnik ...,Bremen,(Elektriker OR Gebäudetechnik OR Sicherheitstechnik OR Rohrreinigung) Bremen,https://gogo-gebaeudetechnik.de/,gogo-gebaeudetechnik.de,info@gogo-gebaeudetechnik.de,https://gogo-gebaeudetechnik.de/ | https://gogo-gebaeudetechnik.de/kontakt/ | https://gogo-gebaeudetechnik.de/kontakt/,found
Elektroniker:in für Energie- und Gebäudetechnik - Handwerk Bremen,Bremen,(Elektriker OR Gebäudetechnik OR Sicherheitstechnik OR Rohrreinigung) Bremen,https://www.handwerkbremen.de/ausbildung-ueba/ausbildung-ueba/elektroniker-in-fuer-energie-und-gebaeudetechnik,handwerkbremen.de,info@handwerkbremen.de,https://www.handwerkbremen.de/ausbildung-ueba/ausbildung-ueba/elektroniker-in-fuer-energie-und-gebaeudetechnik | https://www.handwerkbremen.de/header/kontakt/kontaktformular-1 | https://www.handwerkbremen.de/service-center/impressum,found
Hanse Smart: Professionelle Elektroinstallationen in Bremen,Bremen,(Elektriker OR Gebäudetechnik OR Sicherheitstechnik OR Rohrreinigung) Bremen,https://hanse-smart.de/,hanse-smart.de,info@hanse-smart.de,https://hanse-smart.de/ | https://hanse-smart.de/kontakt/ | https://hanse-smart.de/kontakt/,found
Bormann Gebäudetechnik,Bremen,(Elektriker OR Gebäudetechnik OR Sicherheitstechnik OR Rohrreinigung) Bremen,https://bormann-gt.de/,bormann-gt.de,info@bormann-gt.de,https://bormann-gt.de/ | https://bormann-gt.de/kontakt/ | https://bormann-gt.de/impressum/,found
Jobs - Bädeker & Rux Elektroinstallation GmbH aus Bremen,Bremen,(Elektriker OR Gebäudetechnik OR Sicherheitstechnik OR Rohrreinigung) Bremen,https://www.baedeker-rux.de/jobs.php,baedeker-rux.de,info@baedeker-rux.de,https://www.baedeker-rux.de/jobs.php | https://www.baedeker-rux.de/kontakt.php | https://www.baedeker-rux.de/impressum.php,found
"Wer ? - Helmke Haustechnik, Elektro, Sanitär, Bad",Bremen,(Elektriker OR Gebäudetechnik OR Sicherheitstechnik OR Rohrreinigung) Bremen,https://www.elektro-helmke.de/,elektro-helmke.de,info@elektro-helmke.de,https://www.elektro-helmke.de/ | https://www.elektro-helmke.de/kontakt/ | https://www.elektro-helmke.de/about/,found
Leistungen - Zillmer Elektrotechnik Bremen GmbH,Bremen,(Elektriker OR Gebäudetechnik OR Sicherheitstechnik OR Rohrreinigung) Bremen,https://zillmer-bremen.de/leistungen.html,zillmer-bremen.de,info@handwerksgruppe.de; info@weissraum.de; info@zillmer-bremen.de,https://zillmer-bremen.de/leistungen.html | https://zillmer-bremen.de/kontakt.html | https://zillmer-bremen.de/impressum.html,found
Elektroniker:in Energie- und Gebäudetechnik - Christoffers,Bremen,(Elektriker OR Gebäudetechnik OR Sicherheitstechnik OR Rohrreinigung) Bremen,https://www.christoffers.com/karriere_44---17.html,christoffers.com,info@christoffers.com,https://www.christoffers.com/karriere_44---17.html | https://www.christoffers.com/kontakt_72.html | https://www.christoffers.com/impressum_9.html,found
Fachrichtung Technik - Allgemeine Berufsbildende Schule in Bremen,Bremen,(Elektriker OR Gebäudetechnik OR Sicherheitstechnik OR Rohrreinigung) Bremen,https://abs-bremen.de/bildungsgaenge/berufsorientierungsklassebo/fachrichtung-technik.php,abs-bremen.de,,https://abs-bremen.de/bildungsgaenge/berufsorientierungsklassebo/fachrichtung-technik.php | https://abs-bremen.de/unsere-schule/wir-ueber-uns.php | https://abs-bremen.de/standortekontakte/kontakt.php,no_generic_email
Ausbildung zum Elektroniker der Fachrichtung Energie U ...,Bremen,(Elektriker OR Gebäudetechnik OR Sicherheitstechnik OR Rohrreinigung) Bremen,https://www.rapidjob.de/jobs/ausbildung-zum-elektroniker-der-fachrichtung-energie-u-geb%C3%A4udetechnik-bremen-2024-stellenangebote/,rapidjob.de,,https://www.rapidjob.de/jobs/ausbildung-zum-elektroniker-der-fachrichtung-energie-u-geb%C3%A4udetechnik-bremen-2024-stellenangebote/ | https://www.rapidjob.de/page/about/ | https://www.rapidjob.de/page/contact/,no_generic_email
Elektrotechnik - Meyer Technik Unternehmensgruppe,Bremen,(Elektriker OR Gebäudetechnik OR Sicherheitstechnik OR Rohrreinigung) Bremen,https://www.meyergruppe.de/elektrotechnik,meyergruppe.de,info@gum-automation.de; info@hm-anlagentechnik.de; info@meyer-technik.de; info@meyergruppe.de,https://www.meyergruppe.de/elektrotechnik | https://www.meyergruppe.de/kontakt | https://www.meyergruppe.de/impressum,found
Gebäudetechnik für Bremen - Bormann Elektrobau,Bremen,(Elektriker OR Gebäudetechnik OR Sicherheitstechnik OR Rohrreinigung) Bremen,https://www.bormann-elektrobau.de/unternehmen/elektro/leistungen/gebaeudetechnik,bormann-elektrobau.de,info@bormann-elektrobau.de; info@bormann-gt.de,https://www.bormann-elektrobau.de/unternehmen/elektro/leistungen/gebaeudetechnik | https://www.bormann-elektrobau.de/scripts/kontakt/mail.aspx | https://www.bormann-elektrobau.de/unternehmen/elektro/kontakt,found
Haustechnik Lautenbach - Ihr Meister für Heizungen in Dresden,Dresden,(Sanitärinstallateur OR Heizungsinstallateur OR Kältetechnik) Dresden,https://haustechnik-lautenbach.de/,haustechnik-lautenbach.de,,https://haustechnik-lautenbach.de/,no_generic_email
HTS Haustechnik aus Dresden - Heizung | Bad | Klima | Elektro,Dresden,(Sanitärinstallateur OR Heizungsinstallateur OR Kältetechnik) Dresden,https://www.hts-dresden.de/,hts-dresden.de,info@hts-dresden.de,https://www.hts-dresden.de/ | https://www.hts-dresden.de/kontakt/ | https://www.hts-dresden.de/impressum/,found
Seibel365 Bremen ❤️ Gebäudetechnik für Hausverwaltungen,Bremen,(Elektriker OR Gebäudetechnik OR Sicherheitstechnik OR Rohrreinigung) Bremen,https://seibel-bremen.de/,seibel-bremen.de,service@gmbh-seibel.de,https://seibel-bremen.de/ | https://seibel-bremen.de/ueber-uns/ | https://seibel-bremen.de/impressum/,found
"Heizungs-, Sanitär-, Klima & Elektroinstallation | RINK",Dresden,(Sanitärinstallateur OR Heizungsinstallateur OR Kältetechnik) Dresden,https://www.rink-dresden.de/,rink-dresden.de,info@rink-dresden.de,https://www.rink-dresden.de/ | https://www.rink-dresden.de/unternehmen/ueber-uns/ | https://www.rink-dresden.de/impressum/,found
Sanitärinstallationen - Heitmann Haustechnik GmbH - Wehrbleck,Bremen,(Elektriker OR Gebäudetechnik OR Sicherheitstechnik OR Rohrreinigung) Bremen,https://www.heitmann-haustechnik.de/loesungen/sanitaer/,heitmann-haustechnik.de,info@heitmann-haustechnik.de,https://www.heitmann-haustechnik.de/loesungen/sanitaer/ | https://www.heitmann-haustechnik.de/ueber-uns-2/ | https://www.heitmann-haustechnik.de/kontakt/,found
Syllwasschy &amp; Söhne Heizungs-und Sanitärinstallation GmbH,Dresden,(Sanitärinstallateur OR Heizungsinstallateur OR Kältetechnik) Dresden,https://syllwasschy.de/,syllwasschy.de,,https://syllwasschy.de/,no_generic_email
Betriebe - Innung SHK Dresden,Dresden,(Sanitärinstallateur OR Heizungsinstallateur OR Kältetechnik) Dresden,https://shk-dresden.de/betriebe/seite-0/?tx_bwguild_userlist%5Bdemand%5D%5Bcategories%5D%5B0%5D=6&cHash=4f382ae2dface38d3e553e801a1d3768,shk-dresden.de,heizung@axel-auerswald.de; info@dp-wired.de; info@heizungsbau-richter.de; info@ht-piekara.de; info@klempner-herrmann.de; info@klempnerei-bergmann.de; info@lohse-freital.de; info@shk-dresden.de; kontakt@militzer-shk.de; kontakt@muehlhans-klempner.de,https://shk-dresden.de/betriebe/seite-0/?tx_bwguild_userlist%5Bdemand%5D%5Bcategories%5D%5B0%5D=6&cHash=4f382ae2dface38d3e553e801a1d3768 | https://shk-dresden.de/ueber-uns/die-innung/ | https://shk-dresden.de/ueber-uns/service/,found
Sachsen-Kälte GmbH: Start,Dresden,(Sanitärinstallateur OR Heizungsinstallateur OR Kältetechnik) Dresden,https://www.sachsen-kaelte.de/,sachsen-kaelte.de,info@sachsen-kaelte.de; info@website.com,https://www.sachsen-kaelte.de/ | https://www.sachsen-kaelte.de/kontakt | https://www.sachsen-kaelte.de/impressum,found
"Brockmann Klima GmbH Dresden - Klima-, Lüftungs- und ...",Dresden,(Sanitärinstallateur OR Heizungsinstallateur OR Kältetechnik) Dresden,https://www.brockmann-klima.de/,brockmann-klima.de,info@brockmann-klima.de,https://www.brockmann-klima.de/ | https://www.brockmann-klima.de/kontakt.php | https://www.brockmann-klima.de/impressum.php,found
Klempnerei Richter: Startseite,Dresden,(Sanitärinstallateur OR Heizungsinstallateur OR Kältetechnik) Dresden,https://www.klempnerei-richter.de/,klempnerei-richter.de,,https://www.klempnerei-richter.de/ | https://www.klempnerei-richter.de/kontakt/ | https://www.klempnerei-richter.de/impressum/,no_generic_email
Geßner Haustechnik Dresden: Startseite,Dresden,(Sanitärinstallateur OR Heizungsinstallateur OR Kältetechnik) Dresden,https://gessner-haustechnik.de/,gessner-haustechnik.de,info@gessner-haustechnik.de,https://gessner-haustechnik.de/ | https://gessner-haustechnik.de/impressum | https://gessner-haustechnik.de/kontakt,found
"Heizungsbau & Badsanierung in Dresden, Loschwitz & Radebeul",Dresden,(Sanitärinstallateur OR Heizungsinstallateur OR Kältetechnik) Dresden,https://ht-piekara.de/,ht-piekara.de,info@ht-piekara.de,https://ht-piekara.de/ | https://ht-piekara.de/ueber-uns/ | https://ht-piekara.de/ueber-uns/news-feed/,found
Contact - Rohrreinigung Bremen Sanitär Experten mit 24/7 Notdienst.,Bremen,(Elektriker OR Gebäudetechnik OR Sicherheitstechnik OR Rohrreinigung) Bremen,https://experten-rohrreinigung-bremen.de/contacts/,experten-rohrreinigung-bremen.de,kontakt@experten-rohrreinigung.de,https://experten-rohrreinigung-bremen.de/contacts/ | https://experten-rohrreinigung-bremen.de/contacts/ | https://experten-rohrreinigung-bremen.de/impressum/,found
Heizungsbau Schoof in Dresden | Start,Dresden,(Sanitärinstallateur OR Heizungsinstallateur OR Kältetechnik) Dresden,https://www.heizungsbau-schoof.de/,heizungsbau-schoof.de,,https://www.heizungsbau-schoof.de/ | https://www.heizungsbau-schoof.de/kontakt | https://www.heizungsbau-schoof.de/impressum,no_generic_email
"Klimaanlagen Wärmepumpen | Perfekt Klima, Dresden",Dresden,(Sanitärinstallateur OR Heizungsinstallateur OR Kältetechnik) Dresden,https://www.perfektklima.de/,perfektklima.de,info@perfektklima.de,https://www.perfektklima.de/ | https://www.perfektklima.de/scripts/kontakt/mail.aspx | https://www.perfektklima.de/unternehmen/shk/kontakt,found
Home - Heimann Sanitär Aus Dresden,Dresden,(Sanitärinstallateur OR Heizungsinstallateur OR Kältetechnik) Dresden,https://heimann-sanitaer.de/,heimann-sanitaer.de,info@heimann-sanitaer.de,https://heimann-sanitaer.de/ | https://heimann-sanitaer.de/ueber-uns/ | https://heimann-sanitaer.de/kontakt/,found
Haustechnik-Team Dresden – Ihr Partner für Barrierefreie ...,Dresden,(Sanitärinstallateur OR Heizungsinstallateur OR Kältetechnik) Dresden,https://haustechnik-team.de/,haustechnik-team.de,,https://haustechnik-team.de/ | https://haustechnik-team.de/about/ | https://haustechnik-team.de/contact/,no_generic_email
Müller Heizung Sanitär Klima Haustechnik GmbH - Cossebauder Str ...,Dresden,(Sanitärinstallateur OR Heizungsinstallateur OR Kältetechnik) Dresden,https://www.mueller-haustechnik-dresden.de/,mueller-haustechnik-dresden.de,,https://www.mueller-haustechnik-dresden.de/ | https://www.mueller-haustechnik-dresden.de/kontakt-1/ | https://www.mueller-haustechnik-dresden.de/impressum/,no_generic_email
Drücker Meisterbetrieb für Installationstechnik GmbH in Bremen,Bremen,(Elektriker OR Gebäudetechnik OR Sicherheitstechnik OR Rohrreinigung) Bremen,https://druecker-gmbh.de/,druecker-gmbh.de,info@druecker-gmbh.de,https://druecker-gmbh.de/ | https://druecker-gmbh.de/kontaktformular/ | https://druecker-gmbh.de/impressum/,found
Neubert – Haustechnik + Sanitär,Dresden,(Sanitärinstallateur OR Heizungsinstallateur OR Kältetechnik) Dresden,https://www.neubert-ht.de/,neubert-ht.de,info@neubert-ht.de,https://www.neubert-ht.de/ | https://www.neubert-ht.de/kontakt/ | https://www.neubert-ht.de/impressum/,found
"Kretschmar Haustechnik GmbH | Dresden | Heizung, Bad, Sanitär",Dresden,(Sanitärinstallateur OR Heizungsinstallateur OR Kältetechnik) Dresden,https://www.kht-dresden.de/,kht-dresden.de,info@kht-dresden.de; service@w4pro.de,https://www.kht-dresden.de/ | https://www.kht-dresden.de/?ueber-uns&menu=806,found
Sanitär-& Heizungsbau Hesse: Home,Dresden,(Sanitärinstallateur OR Heizungsinstallateur OR Kältetechnik) Dresden,https://klempnerei-hesse.de/,klempnerei-hesse.de,info@klempnerei-hesse.de,https://klempnerei-hesse.de/ | https://klempnerei-hesse.de/ueber-uns/ | https://klempnerei-hesse.de/kontakt/,found
"Firma Wilhelm Miersch, Kälte–Klima–Service GmbH – Willkommen ...",Dresden,(Sanitärinstallateur OR Heizungsinstallateur OR Kältetechnik) Dresden,https://www.miersch-kaelte-klima.de/,miersch-kaelte-klima.de,info@miersch-kaelte-klima.de,https://www.miersch-kaelte-klima.de/ | https://www.miersch-kaelte-klima.de/kontakt.php | https://www.miersch-kaelte-klima.de/impressum.php,found
Kältemeister,Dresden,(Sanitärinstallateur OR Heizungsinstallateur OR Kältetechnik) Dresden,https://www.kaeltemeister.de/,kaeltemeister.de,,https://www.kaeltemeister.de/,no_generic_email
J.Heinze und Söhne GmbH | Meisterbetrieb für Heizung in Dresden,Dresden,(Sanitärinstallateur OR Heizungsinstallateur OR Kältetechnik) Dresden,https://heinze-heizungen.de/,heinze-heizungen.de,,https://heinze-heizungen.de/,no_generic_email
Top 10 Heizungsbauer in Dresden - StarOfService,Dresden,(Sanitärinstallateur OR Heizungsinstallateur OR Kältetechnik) Dresden,https://www.starofservice.de/liste/sachsen/dresden/dresden/heizungsinstallation,starofservice.de,,https://www.starofservice.de/liste/sachsen/dresden/dresden/heizungsinstallation,no_generic_email
Lattermann Haustechnik,Dresden,(Sanitärinstallateur OR Heizungsinstallateur OR Kältetechnik) Dresden,https://www.haustechnik-lattermann.de/,haustechnik-lattermann.de,info@lattermann-haustechnik.de,https://www.haustechnik-lattermann.de/,found
Habelt-Haustechnik – Heizung & Sanitär Dresden,Dresden,(Sanitärinstallateur OR Heizungsinstallateur OR Kältetechnik) Dresden,https://habelt-haustechnik.de/,habelt-haustechnik.de,info@habelt-haustechnik.de,https://habelt-haustechnik.de/ | https://habelt-haustechnik.de/impressum,found
Heizungs- und Sanitäre Installationen in Dresden,Dresden,(Sanitärinstallateur OR Heizungsinstallateur OR Kältetechnik) Dresden,https://dresden.branchen-info.net/branche/heizungs-und-sanitaere-installationen/990/,dresden.branchen-info.net,,https://dresden.branchen-info.net/branche/heizungs-und-sanitaere-installationen/990/,no_generic_email
Rohrreinigung Dresden: 24h Notdienst - RohrStar.de,Dresden,(Elektriker OR Gebäudetechnik OR Sicherheitstechnik OR Rohrreinigung) Dresden,https://rohrstar.de/rohrreinigung-dresden,rohrstar.de,,,fetch_error:HTTPError
"Installateur Sanitär Heizung | Dresden, Sexauer-Dresden GmbH",Dresden,(Sanitärinstallateur OR Heizungsinstallateur OR Kältetechnik) Dresden,https://www.sexauer-dresden.de/,sexauer-dresden.de,,https://www.sexauer-dresden.de/ | https://www.sexauer-dresden.de/scripts/kontakt/mail.aspx | https://www.sexauer-dresden.de/unternehmen/shk/kontakt,no_generic_email
Firma Lämpel – Heizungsbau und Sanitärinstallateur – Installation ...,Dresden,(Sanitärinstallateur OR Heizungsinstallateur OR Kältetechnik) Dresden,https://laempel.com/,laempel.com,info@laempel.com,https://laempel.com/ | https://laempel.com/kontakt/ | https://laempel.com/impressum/,found
Klempner- und Installateurmeister Christian Bergmann – Heizung ...,Dresden,(Sanitärinstallateur OR Heizungsinstallateur OR Kältetechnik) Dresden,https://www.klempnerei-bergmann.de/,klempnerei-bergmann.de,info@klempnerei-bergmann.de,https://www.klempnerei-bergmann.de/ | https://www.klempnerei-bergmann.de/kontakt/ | https://www.klempnerei-bergmann.de/impressum/,found
Trautmann Technik Team Dresden: Elektrotechnik Dresden | Mit uns ...,Dresden,(Elektriker OR Gebäudetechnik OR Sicherheitstechnik OR Rohrreinigung) Dresden,https://trautmann-technik-team.de/,trautmann-technik-team.de,info@trautmann-technik-team.de,https://trautmann-technik-team.de/ | https://trautmann-technik-team.de/kontakt/,found
Elektrotechnik-Dienstleistungen | Dresden | Thomas Schaefer,Dresden,(Elektriker OR Gebäudetechnik OR Sicherheitstechnik OR Rohrreinigung) Dresden,https://www.elektriker-dresden.eu/,elektriker-dresden.eu,info@elektriker-dresden.eu,https://www.elektriker-dresden.eu/ | https://www.elektriker-dresden.eu/wir-ueber-uns | https://www.elektriker-dresden.eu/kontakt,found
Heizungsbauer aus Dresden | Firma Ritter,Dresden,(Sanitärinstallateur OR Heizungsinstallateur OR Kältetechnik) Dresden,https://www.heizungsbau-ritter.de/,heizungsbau-ritter.de,kontakt@heizungsbau-ritter.de; service@heizungsbau-ritter.de,https://www.heizungsbau-ritter.de/ | https://www.heizungsbau-ritter.de/kontakt/ | https://www.heizungsbau-ritter.de/impressum/,found
Berufliches Schulzentrum für Elektrotechnik Dresden,Dresden,(Elektriker OR Gebäudetechnik OR Sicherheitstechnik OR Rohrreinigung) Dresden,https://bszet.de/,bszet.de,,https://bszet.de/ | https://bszet.de/Kontaktformular | https://bszet.de/Impressum,no_generic_email
Wir planen und projektieren Ihre Elektroanlagen in Dresden,Dresden,(Elektriker OR Gebäudetechnik OR Sicherheitstechnik OR Rohrreinigung) Dresden,https://elektro-herrmann.de/,elektro-herrmann.de,info@elektro-herrmann.de,https://elektro-herrmann.de/ | https://elektro-herrmann.de/kontakt/ | https://elektro-herrmann.de/impressum/,found
Kälte- & Klimatechnik aus Dresden – B+N Haustechnik,Dresden,(Sanitärinstallateur OR Heizungsinstallateur OR Kältetechnik) Dresden,https://www.bplusn.de/haustechnik/kaeltetechnik/,bplusn.de,buero@fleuren.de; info@bplusn.de; info@lorenzen.gl,https://www.bplusn.de/haustechnik/kaeltetechnik/ | https://www.bplusn.de/energie-service/kundendienst-kontaktieren/ | https://www.bplusn.de/kontakt/,found
Kanalinspektion & Rohrreinigung Dresden - Kanalinspektion ...,Dresden,(Elektriker OR Gebäudetechnik OR Sicherheitstechnik OR Rohrreinigung) Dresden,https://33335455.de/,33335455.de,info@33335455.de,https://33335455.de/ | https://33335455.de/impressum/,found
RENG Elektrotechnik Dresden: Standort und Kontakt,Dresden,(Elektriker OR Gebäudetechnik OR Sicherheitstechnik OR Rohrreinigung) Dresden,https://renggruppe.de/de/standorte/dresden/,renggruppe.de,info@renggruppe.de,https://renggruppe.de/de/standorte/dresden/ | https://renggruppe.de/de/kontakt/ansprechpartner/ | https://renggruppe.de/de/kontakt/ansprechpartner/ansprechpartner-emsr-technik/,found
Elektro Zierke – Elektroinstallation in Dresden und Umgebung,Dresden,(Elektriker OR Gebäudetechnik OR Sicherheitstechnik OR Rohrreinigung) Dresden,https://www.elektro-zierke.de/,elektro-zierke.de,info@elektro-zierke.de,https://www.elektro-zierke.de/ | https://www.elektro-zierke.de/kontakt.html | https://www.elektro-zierke.de/impressum.html,found
SINA GmbH Dresden - www.saxbranchen.de,Dresden,(Elektriker OR Gebäudetechnik OR Sicherheitstechnik OR Rohrreinigung) Dresden,https://www.saxbranchen.de/Dresden/Elektroinstallation/SINA%20GmbH%20Dresden-1977522/,saxbranchen.de,,,fetch_error:HTTPError
MS Tec Gebäudetechnik - Dresden,Dresden,(Elektriker OR Gebäudetechnik OR Sicherheitstechnik OR Rohrreinigung) Dresden,https://ms-tec-gebaeudetechnik.de/,ms-tec-gebaeudetechnik.de,kontakt@ms-tec-gebaeudetechnik.de,https://ms-tec-gebaeudetechnik.de/ | https://ms-tec-gebaeudetechnik.de/kontakt/ | https://ms-tec-gebaeudetechnik.de/impressum/,found
"Berufe AZ - Anlagenmechaniker für Sanitär-, Heizungs",Dresden,(Elektriker OR Gebäudetechnik OR Sicherheitstechnik OR Rohrreinigung) Dresden,"https://hwk-dresden.odav.de/2,0,bazdetail.html?id=1016",hwk-dresden.odav.de,info@hwk-dresden.de,"https://hwk-dresden.odav.de/2,0,bazdetail.html?id=1016 | https://hwk-dresden.odav.de/kontakte/einfach-machen-2,0,dadetail.html?id=5",found
Elektro-Sanitär-Paul GmbH - Ihr Profi für Elektro in Dresden,Dresden,(Elektriker OR Gebäudetechnik OR Sicherheitstechnik OR Rohrreinigung) Dresden,https://esp-gmbh.de/,esp-gmbh.de,,https://esp-gmbh.de/,no_generic_email
Ausbildung: Elektroniker/in für Energie- und Gebäudetechnik (m/w/d),Dresden,(Elektriker OR Gebäudetechnik OR Sicherheitstechnik OR Rohrreinigung) Dresden,https://www.elektrobau-dresden-ost.de/unternehmen/elektro/recruiting/jobdetail?mode=jobdetail&jobid=14972,elektrobau-dresden-ost.de,info@elektrobau-dresden-ost.de,https://www.elektrobau-dresden-ost.de/unternehmen/elektro/recruiting/jobdetail?mode=jobdetail&jobid=14972 | https://www.elektrobau-dresden-ost.de/scripts/kontakt/mail.aspx | https://www.elektrobau-dresden-ost.de/unternehmen/elektro/kontakt,found
Gebäudetechnik Ledwig: Gebäudetechnik | Haustechnik | Heizung ...,Dresden,(Elektriker OR Gebäudetechnik OR Sicherheitstechnik OR Rohrreinigung) Dresden,https://www.gebaeudetechnik-ledwig.de/haustechnik-grossharthau,gebaeudetechnik-ledwig.de,,,fetch_error:HTTPError
ELEKTRO DRESDEN-WEST Gesellschaft für Elektrotechnik mbH ...,Dresden,(Elektriker OR Gebäudetechnik OR Sicherheitstechnik OR Rohrreinigung) Dresden,https://www.ed-w.de/startseite/,ed-w.de,,https://www.ed-w.de/ | https://www.ed-w.de/kontakt/ | https://www.ed-w.de/impressum/,no_generic_email
Ausbildung - Elektrobildungs- und Technologiezentrum e. V. - ebz.de,Dresden,(Elektriker OR Gebäudetechnik OR Sicherheitstechnik OR Rohrreinigung) Dresden,https://www.ebz.de/ausbildung/,ebz.de,,https://www.ebz.de/ausbildung/ | https://www.ebz.de/ihr-ebz/kontakt/ | https://www.ebz.de/fileadmin/user_upload/_content/ausbildung/Rueckmeldeformular_Notfallkontakt.pdf,no_generic_email
"Ausbildung - Heizungs-, Sanitär- und Elektroservice - Ullrich-Dresden",Dresden,(Elektriker OR Gebäudetechnik OR Sicherheitstechnik OR Rohrreinigung) Dresden,https://www.ullrich-gt.de/karriere/ausbildung,ullrich-gt.de,info@mae-systems.de; info@ullrich-gt.de,https://www.ullrich-gt.de/karriere/ausbildung | https://www.ullrich-gt.de/kontakt | https://www.ullrich-gt.de/impressum,found
EGA Elektroanlagenbau GmbH – Ihr Fachbetrieb für Elektrotechnik,Dresden,(Elektriker OR Gebäudetechnik OR Sicherheitstechnik OR Rohrreinigung) Dresden,https://www.ega-elektroanlagenbau.de/,ega-elektroanlagenbau.de,info@ega-elektroanlagenbau.de,https://www.ega-elektroanlagenbau.de/,found
Netzwerk- & Sicherheitstechnik - Dresden - Karsten Eißner,Dresden,(Elektriker OR Gebäudetechnik OR Sicherheitstechnik OR Rohrreinigung) Dresden,https://www.elt-eissner.de/leistungen/netzwerk-und-sicherheitstechnik,elt-eissner.de,info@elt-eissner.de,https://www.elt-eissner.de/leistungen/netzwerk-und-sicherheitstechnik | https://www.elt-eissner.de/ueber-uns | https://www.elt-eissner.de/kontakt,found
Weber Haustechnik Dresden,Dresden,(Elektriker OR Gebäudetechnik OR Sicherheitstechnik OR Rohrreinigung) Dresden,https://www.weber-dresden.de/,weber-dresden.de,mail@verbraucher-schlichter.de,https://www.weber-dresden.de/ | https://www.weber-dresden.de/impressum | https://www.weber-dresden.de/impressum/zertifikate-weber-haustechnik-dresden,found
10 Dresden jobs - Work from home | Glassdoor,Dresden,(Elektriker OR Gebäudetechnik OR Sicherheitstechnik OR Rohrreinigung) Dresden,"https://www.glassdoor.co.in/Job/dresden-sachsen-energie-quereinsteiger-jobs-SRCH_IL.0,7_IC2610266_KW8,38.htm",glassdoor.co.in,,,fetch_error:HTTPError
Hegewaldt,Dresden,(Elektriker OR Gebäudetechnik OR Sicherheitstechnik OR Rohrreinigung) Dresden,https://www.reinigungstechnik-dresden.de/,reinigungstechnik-dresden.de,,https://www.reinigungstechnik-dresden.de/,no_generic_email
Über Uns - Wir sind die Meisterwerke Dresden,Dresden,(Elektriker OR Gebäudetechnik OR Sicherheitstechnik OR Rohrreinigung) Dresden,https://meisterwerke-dresden.de/ueber-uns,meisterwerke-dresden.de,info@meisterwerke-dresden.de,https://meisterwerke-dresden.de/ueber-uns | https://meisterwerke-dresden.de/kontakt | https://meisterwerke-dresden.de/ueber-uns,found
Innungsbetriebe - Elektro-Innung Dresden,Dresden,(Elektriker OR Gebäudetechnik OR Sicherheitstechnik OR Rohrreinigung) Dresden,https://www.elektroinnung-dresden.de/innungsbetriebe.html,elektroinnung-dresden.de,,,fetch_error:HTTPError
"Elektro Förster | Elektrotechnik, Luft- und Klimatechnik in Dresden",Dresden,(Elektriker OR Gebäudetechnik OR Sicherheitstechnik OR Rohrreinigung) Dresden,https://elektrofoerster.com/,elektrofoerster.com,,https://elektrofoerster.com/ | https://elektrofoerster.com/impressum.html,no_generic_email
Sedat Özgeç Sanitär-Heizung-Klima – Bad & Heizung in Hannover,Hannover,(Sanitärinstallateur OR Heizungsinstallateur OR Kältetechnik) Hannover,https://sanitaer-oezgec.de/,sanitaer-oezgec.de,,https://sanitaer-oezgec.de/,no_generic_email
Fachkraft Elektronik/Mechatronik (m/w/d) - Berndt Rohr,Dresden,(Elektriker OR Gebäudetechnik OR Sicherheitstechnik OR Rohrreinigung) Dresden,https://www.rks-berndt.de/meine-zukunft/stellenangebote/elektroniker-mechatroniker/,rks-berndt.de,info@rks-berndt.de,https://www.rks-berndt.de/meine-zukunft/stellenangebote/elektroniker-mechatroniker/ | https://www.rks-berndt.de/unternehmen/ueber-uns/ | https://www.rks-berndt.de/kontakt/,found
Gebäudetechnik bundesweit,Dresden,(Elektriker OR Gebäudetechnik OR Sicherheitstechnik OR Rohrreinigung) Dresden,https://www.biermann-haustechnik.de/,biermann-haustechnik.de,,https://www.biermann-haustechnik.de/ | https://www.biermann-haustechnik.de/ueber-uns/ | https://www.biermann-haustechnik.de/ueber-uns/team/,no_generic_email
Seibel365 Dresden ❤️ Gebäudetechnik für Hausverwaltungen,Dresden,(Elektriker OR Gebäudetechnik OR Sicherheitstechnik OR Rohrreinigung) Dresden,https://seibel-dresden.de/,seibel-dresden.de,service@gmbh-seibel.de,https://seibel-dresden.de/ | https://seibel-dresden.de/ueber-uns/ | https://seibel-dresden.de/impressum/,found
Rauchabzugsanlagen Dr. Grundke eK - Fachfirmendetail - BHE,Dresden,(Elektriker OR Gebäudetechnik OR Sicherheitstechnik OR Rohrreinigung) Dresden,https://www.bhe.de/fachfirmendetail?fid=14277,bhe.de,info@dr-grundke.de,https://www.bhe.de/fachfirmendetail?fid=14277 | https://www.bhe.de/der-bhe/uber-uns/der-verband | https://www.bhe.de/der-bhe/uber-uns/aufgaben-leistungen-und-aktivitaeten-des-bhe,found
ELEKTRO-SCHWEISSTECHNIK-DRESDEN GmbH – est-dresden ...,Dresden,(Elektriker OR Gebäudetechnik OR Sicherheitstechnik OR Rohrreinigung) Dresden,https://www.est-dresden.de/,est-dresden.de,info@est-dresden.de,https://www.est-dresden.de/ | https://www.est-dresden.de/kontakt/ | https://www.est-dresden.de/kontakt/,found
Heymeier Haustechnik: Sanitär Heizung Elektro | Hannover,Hannover,(Sanitärinstallateur OR Heizungsinstallateur OR Kältetechnik) Hannover,https://www.heymeier.de/,heymeier.de,info@heymeier.de,https://www.heymeier.de/ | https://www.heymeier.de/scripts/kontakt/mail.aspx | https://www.heymeier.de/unternehmen/shk/kontakt,found
"Installateur Sanitär Heizung | Ernst Martin & Co., Hannover",Hannover,(Sanitärinstallateur OR Heizungsinstallateur OR Kältetechnik) Hannover,https://www.ernst-martin-haustechnik.de/,ernst-martin-haustechnik.de,info@ernst-martin-haustechnik.de,https://www.ernst-martin-haustechnik.de/ | https://www.ernst-martin-haustechnik.de/scripts/kontakt/mail.aspx | https://www.ernst-martin-haustechnik.de/unternehmen/shk/kontakt,found
Hagemann & Sohn: Heizung und Klimatechnik aus Hannover,Hannover,(Sanitärinstallateur OR Heizungsinstallateur OR Kältetechnik) Hannover,https://www.shk-hagemann.de/,shk-hagemann.de,info@shk-hagemann.de,https://www.shk-hagemann.de/ | https://www.shk-hagemann.de/kontakt/ | https://www.shk-hagemann.de/impressum/,found
Sanitär-Fachbetrieb für Großprojekte: RohrTechnik Pro,Dresden,(Elektriker OR Gebäudetechnik OR Sicherheitstechnik OR Rohrreinigung) Dresden,https://rohrtechnikpro.de/,rohrtechnikpro.de,info@rohrtechnikpro.de; kontakt@rohrtechnikpro.de,https://rohrtechnikpro.de/ | https://rohrtechnikpro.de/uber-uns/ | https://rohrtechnikpro.de/kontakt/,found
Kälte- & Klimatechnik Hannover: Experten für effiziente Lösungen,Hannover,(Sanitärinstallateur OR Heizungsinstallateur OR Kältetechnik) Hannover,https://www.roter-kaeltetechnik.de/,roter-kaeltetechnik.de,info@roter-kaeltetechnik.de,https://www.roter-kaeltetechnik.de/ | https://www.roter-kaeltetechnik.de/kontakt/ | https://www.roter-kaeltetechnik.de/impressum/,found
Kältech - Home,Hannover,(Sanitärinstallateur OR Heizungsinstallateur OR Kältetechnik) Hannover,https://www.kaeltech.de/,kaeltech.de,info@kaeltech.de; service@kaeltech.de,https://www.kaeltech.de/ | https://www.kaeltech.de/Unternehmen/Kontakt-Hannover | https://www.kaeltech.de/Unternehmen/Impressum-und-Datenschutzerklaerung,found
Heizung & Sanitär | Henry Völzer - Homepage,Hannover,(Sanitärinstallateur OR Heizungsinstallateur OR Kältetechnik) Hannover,https://heizung-sanitaer-hannover.de/,heizung-sanitaer-hannover.de,info@heizung-sanitaer-hannover.de,https://heizung-sanitaer-hannover.de/,found
Klempner | Heizungs- und Sanitärinstallateur in Hannover,Hannover,(Sanitärinstallateur OR Heizungsinstallateur OR Kältetechnik) Hannover,https://www.winfriedneumann.de/,winfriedneumann.de,mail@domain.de,https://www.winfriedneumann.de/ | https://www.winfriedneumann.de/unternehmen/ueber-uns | https://www.winfriedneumann.de/kontakt/,found
Heitefuß Haustechnik aus Hannover - Heizung | Sanitär | Bad ...,Hannover,(Sanitärinstallateur OR Heizungsinstallateur OR Kältetechnik) Hannover,https://www.heitefuss-hannover.de/,heitefuss-hannover.de,info@heitefuss-hannover.de,https://www.heitefuss-hannover.de/ | https://www.heitefuss-hannover.de/kontakt/ | https://www.heitefuss-hannover.de/impressum/,found
Herden & Köllner Haustechnik GmbH & Co. KG | Hannover,Hannover,(Sanitärinstallateur OR Heizungsinstallateur OR Kältetechnik) Hannover,https://www.hk-haustechnik.de/,hk-haustechnik.de,info@hk-haustechnik.de,https://www.hk-haustechnik.de/ | https://www.hk-haustechnik.de/scripts/kontakt/mail.aspx | https://www.hk-haustechnik.de/unternehmen/shk/kontakt,found
"Sanitär- , Heizungs- und Lüftungs- / Klimatechnik in Hannover ...",Hannover,(Sanitärinstallateur OR Heizungsinstallateur OR Kältetechnik) Hannover,https://www.grossmann-gmbh.de/,grossmann-gmbh.de,info@grossmann-gmbh.de,https://www.grossmann-gmbh.de/ | https://www.grossmann-gmbh.de/kontakt,found
"Demir Sanitärtechnik GmbH | Sanitär, Heizung & Klima in Hannover",Hannover,(Sanitärinstallateur OR Heizungsinstallateur OR Kältetechnik) Hannover,https://demir-sani.de/,demir-sani.de,,,fetch_error:URLError
GIRSCHNER Hannover - Girschner | Kälte Klima Lüftungstechnik,Hannover,(Sanitärinstallateur OR Heizungsinstallateur OR Kältetechnik) Hannover,https://www.girschner.de/girschner-hannover,girschner.de,info@girschner.de,https://www.girschner.de/girschner-hannover | https://www.girschner.de/unternehmen/ueber-uns | https://www.girschner.de/kontakt,found
Brauner Sanitär | Gas. Wasser. Heizung. | Hannover Nordstadt,Hannover,(Sanitärinstallateur OR Heizungsinstallateur OR Kältetechnik) Hannover,https://www.brauner-sanitaer.de/,brauner-sanitaer.de,info@brauner-sanitaer.de,https://www.brauner-sanitaer.de/ | https://www.brauner-sanitaer.de/impressum/,found
Hanno Diekmann GmbH - Sanitär & Heizungsbau Hannover,Hannover,(Sanitärinstallateur OR Heizungsinstallateur OR Kältetechnik) Hannover,https://www.hanno-diekmann.de/,hanno-diekmann.de,info@hanno-diekmann.de,https://www.hanno-diekmann.de/,found
Hildebrandt Heizung Sanitär GmbH - Moderne Heiztechnik und ...,Hannover,(Sanitärinstallateur OR Heizungsinstallateur OR Kältetechnik) Hannover,https://www.hildebrandt-gmbh.de/,hildebrandt-gmbh.de,info@hildebrandt-gmbh.de,https://www.hildebrandt-gmbh.de/,found
Sanitär- und Wärmetechnik Klaus Nause GmbH in Hannover,Hannover,(Sanitärinstallateur OR Heizungsinstallateur OR Kältetechnik) Hannover,https://www.nause-sanitaer.de/,nause-sanitaer.de,,https://www.nause-sanitaer.de/ | https://www.nause-sanitaer.de/ueber-uns | https://www.nause-sanitaer.de/kontakt/,no_generic_email
Sanitär Heizung Klima Bäder in Hannover Laatzen,Hannover,(Sanitärinstallateur OR Heizungsinstallateur OR Kältetechnik) Hannover,https://www.aktherm-sh.de/,aktherm-sh.de,,https://www.aktherm-sh.de/,no_generic_email
Leine Haustechnik GmbH - Die Experten für Sanitäre Anlagen,Hannover,(Sanitärinstallateur OR Heizungsinstallateur OR Kältetechnik) Hannover,https://leine-haustechnik.de/,leine-haustechnik.de,info@leine-haustechnik.de,https://leine-haustechnik.de/ | https://leine-haustechnik.de/impressum/,found
"Ihr Experte für Kälte-, Klima- & Wärmetechnik – HBH-Kälte GmbH ...",Hannover,(Sanitärinstallateur OR Heizungsinstallateur OR Kältetechnik) Hannover,https://www.hbh-kaelte.de/,hbh-kaelte.de,info@hbh-kaelte.de,https://www.hbh-kaelte.de/ | https://www.hbh-kaelte.de/uber-uns | https://www.hbh-kaelte.de/kontakt,found
Zimmermann | Elektrotechnik und Kältetechnik für Hannover,Hannover,(Sanitärinstallateur OR Heizungsinstallateur OR Kältetechnik) Hannover,https://www.kkez.de/,kkez.de,info@zimmermann-im-netz.de,https://www.kkez.de/ | https://www.kkez.de/kontakt/ | https://www.kkez.de/impressum/,found
Schlimme GmbH und Co KG | Ihr Meister für Heizung in Hannover,Hannover,(Sanitärinstallateur OR Heizungsinstallateur OR Kältetechnik) Hannover,https://schlimme.de/,schlimme.de,,https://schlimme.de/,no_generic_email
Firma Hottenrott - Sanitär Heizung Klima hannover klempner ...,Hannover,(Sanitärinstallateur OR Heizungsinstallateur OR Kältetechnik) Hannover,https://www.hottenrott.de/,hottenrott.de,info@fvshk-nds.de; info@hannover.ihk.de; info@hottenrott.de,https://www.hottenrott.de/ | https://www.hottenrott.de/impressum.htm,found
Thies Gebäudetechnik GmbH in Hannover,Hannover,(Sanitärinstallateur OR Heizungsinstallateur OR Kältetechnik) Hannover,https://thies-hannover.de/,thies-hannover.de,info@thies-hannover.de,https://thies-hannover.de/ | https://thies-hannover.de/kontakt/ | https://thies-hannover.de/impressum/,found
Klimaanlagen & Kältetechnik Hannover - WESER Kälte-Klima GmbH,Hannover,(Sanitärinstallateur OR Heizungsinstallateur OR Kältetechnik) Hannover,https://weser-kaelte.de/standort-hannover/,weser-kaelte.de,info@weser-kaelte.de,https://weser-kaelte.de/standort-hannover/ | https://weser-kaelte.de/kontakt/ | https://weser-kaelte.de/impressum/,found
"Sanitär Heizung Klima | Heizimpuls, Hannover",Hannover,(Sanitärinstallateur OR Heizungsinstallateur OR Kältetechnik) Hannover,https://www.heizimpuls.de/,heizimpuls.de,info@heizimpuls.de,https://www.heizimpuls.de/ | https://www.heizimpuls.de/scripts/kontakt/mail.aspx | https://www.heizimpuls.de/unternehmen/shk/kontakt,found
"Sanitär Hannover - preiswert, schnell und problemlos - Sanitär ...",Hannover,(Sanitärinstallateur OR Heizungsinstallateur OR Kältetechnik) Hannover,http://heymeier-hannover.de/,heymeier-hannover.de,,http://heymeier-hannover.de/,no_generic_email
Klimatherm GmbH & Co KG - Fachbetrieb für Heizungs- und ...,Hannover,(Sanitärinstallateur OR Heizungsinstallateur OR Kältetechnik) Hannover,https://klimatherm.com/,klimatherm.com,info@klimatherm.com; kontakt@klimatherm.com,https://klimatherm.com/ | https://klimatherm.com/kontakt/ | https://klimatherm.com/impressum-datenschutzhinweise/,found
Kälte- & Klimatechnik Hannover: Anbieter im Überblick - DEWEZET,Hannover,(Sanitärinstallateur OR Heizungsinstallateur OR Kältetechnik) Hannover,https://www.dewezet.de/themenwelten/unternehmen/kaelte-klimatechnik/hannover,dewezet.de,,,fetch_error:HTTPError
Firmenverzeichnis - Heizung und Sanitär - Hannover.de,Hannover,(Sanitärinstallateur OR Heizungsinstallateur OR Kältetechnik) Hannover,https://www.hannover.de/Service/Werbung-Firmenverzeichnis/Haus-und-Garten/Heizung-und-Sanit%C3%A4r,hannover.de,info@kyberio.com,https://www.hannover.de/Service/Werbung-Firmenverzeichnis/Haus-und-Garten/Heizung-und-Sanit%C3%A4r | https://www.hannover.de/Impressum | https://www.hannover.de/Kontakt,found
B&H Gewerbe- u. Klimakälte GmbH,Hannover,(Sanitärinstallateur OR Heizungsinstallateur OR Kältetechnik) Hannover,https://www.b-hkaelte.de/,b-hkaelte.de,info@b-hkaelte.de,https://www.b-hkaelte.de/ | https://www.b-hkaelte.de/kontakt | https://www.b-hkaelte.de/impressum,found
Elektriker Hannover für Installation & Service | Elektro-Service ...,Hannover,(Elektriker OR Gebäudetechnik OR Sicherheitstechnik OR Rohrreinigung) Hannover,https://www.elektro-service-hannover.de/,elektro-service-hannover.de,,https://www.elektro-service-hannover.de/,no_generic_email
"Kügler Installateure | Sanitär | Hannover, Deutschland",Hannover,(Sanitärinstallateur OR Heizungsinstallateur OR Kältetechnik) Hannover,https://www.kuegler-installateure-hannover.de/,kuegler-installateure-hannover.de,kuegler-heizung@gmx.de,https://www.kuegler-installateure-hannover.de/ | https://www.kuegler-installateure-hannover.de/about-6 | https://www.kuegler-installateure-hannover.de/about-6-1,found
heiztec-hannover,Hannover,(Sanitärinstallateur OR Heizungsinstallateur OR Kältetechnik) Hannover,https://www.heiztec-hannover.de/,heiztec-hannover.de,kontakt@heiztec-hannover.de,https://www.heiztec-hannover.de/ | https://www.heiztec-hannover.de/kontakt/ | https://www.heiztec-hannover.de/impressum/,found
"Tom Carter, Hannover: Heizung Sanitär",Hannover,(Sanitärinstallateur OR Heizungsinstallateur OR Kältetechnik) Hannover,https://www.carter-shk.de/,carter-shk.de,info@carter-shk.de,https://www.carter-shk.de/ | https://www.carter-shk.de/scripts/kontakt/mail.aspx | https://www.carter-shk.de/unternehmen/shk/kontakt,found
Hartzsch GmbH - Ihr Profi für Badsanierung & Heizungsbau in ...,Hannover,(Sanitärinstallateur OR Heizungsinstallateur OR Kältetechnik) Hannover,https://hartzschgmbh.de/,hartzschgmbh.de,,https://hartzschgmbh.de/ | https://hartzschgmbh.de/uber-uns/ | https://hartzschgmbh.de/kontakt/,no_generic_email
Voelkel Haustechnik – Hannover,Hannover,(Sanitärinstallateur OR Heizungsinstallateur OR Kältetechnik) Hannover,https://voelkel-haustechnik.de/,voelkel-haustechnik.de,info@voelkel-haustechnik.de,https://voelkel-haustechnik.de/ | https://voelkel-haustechnik.de/kontakt/ | https://voelkel-haustechnik.de/impressum/,found
EGEBA GmbH Gebäudetechnik in Hannover,Hannover,(Elektriker OR Gebäudetechnik OR Sicherheitstechnik OR Rohrreinigung) Hannover,https://www.egeba.de/,egeba.de,info@egeba.de,https://www.egeba.de/ | https://www.egeba.de/kontakt-egeba.html | https://www.egeba.de/impressum.html,found
Elektrotechnik Zeiser | Ihr Elektriker aus Hannover - Kirchrode,Hannover,(Elektriker OR Gebäudetechnik OR Sicherheitstechnik OR Rohrreinigung) Hannover,https://elektrotechnik-zeiser.de/,elektrotechnik-zeiser.de,info@elektrotechnik-zeiser.de,https://elektrotechnik-zeiser.de/,found
KG-Gebäudetechnik,Hannover,(Elektriker OR Gebäudetechnik OR Sicherheitstechnik OR Rohrreinigung) Hannover,https://www.kg-gebaeudetechnik.de/,kg-gebaeudetechnik.de,info@kg-gebaeudetechnik.de,https://www.kg-gebaeudetechnik.de/ | https://www.kg-gebaeudetechnik.de/impressum,found
"ST Sanitär Fischer GmbH • Partner für Heizung, Sanitär ...",Hannover,(Sanitärinstallateur OR Heizungsinstallateur OR Kältetechnik) Hannover,https://st-sanitaer.de/,st-sanitaer.de,info@hwk-hannover.de,https://st-sanitaer.de/ | https://st-sanitaer.de/kontaktformular/ | https://st-sanitaer.de/impressum/,found
Heizungsbau - Jokiel Haustechnik GmbH,Hannover,(Sanitärinstallateur OR Heizungsinstallateur OR Kältetechnik) Hannover,https://heizungsanitaer-hannover.de/index.php/heizungsbau/,heizungsanitaer-hannover.de,info@heizungsanitaer-hannover.de,https://heizungsanitaer-hannover.de/index.php/heizungsbau/ | https://heizungsanitaer-hannover.de/index.php/kontakt/ | https://heizungsanitaer-hannover.de/index.php/ueber-uns/,found
Elektroniker/in der Fachrichtungen Energie- und Gebäudetechnik ...,Hannover,(Elektriker OR Gebäudetechnik OR Sicherheitstechnik OR Rohrreinigung) Hannover,"https://www.hwk-hannover.de/artikel/elektroniker-in-der-fachrichtungen-energie-und-gebaeudetechnik-sowie-automatisierungs-und-systemtechnik-23,0,937.html",hwk-hannover.de,info@hwk-hannover.de,"https://www.hwk-hannover.de/artikel/elektroniker-in-der-fachrichtungen-energie-und-gebaeudetechnik-sowie-automatisierungs-und-systemtechnik-23,0,937.html | https://www.hwk-hannover.de/artikel/pressekontakt-23,0,5028.html | https://www.hwk-hannover.de/artikel/impressum-datenschutzerklaerung-23,622,3815.html",found
Ausbildung als Elektroniker:in Energie- und Gebäudetechnik (m/w/d),Hannover,(Elektriker OR Gebäudetechnik OR Sicherheitstechnik OR Rohrreinigung) Hannover,https://www.rks.info/ausbildung/elektroniker-energie-gebaeudetechnik,rks.info,service@rks.info,https://www.rks.info/ausbildung/elektroniker-energie-gebaeudetechnik | https://www.rks.info/rechtliches/impressum,found
Smart Home: EuS-tec GmbH Elektro- und Sicherheitstechnik in ...,Hannover,(Elektriker OR Gebäudetechnik OR Sicherheitstechnik OR Rohrreinigung) Hannover,https://www.eus-tec-hannover.de/,eus-tec-hannover.de,,https://www.eus-tec-hannover.de/ | https://www.eus-tec-hannover.de/ueber-uns | https://www.eus-tec-hannover.de/kontakt/,no_generic_email
Ihr Elektromeisterbetrieb in Hannover | Elektro-Elite Hannover ...,Hannover,(Elektriker OR Gebäudetechnik OR Sicherheitstechnik OR Rohrreinigung) Hannover,https://elektroelite.de/?srsltid=AfmBOor2gnpL9tAQcv2R_r0R3BJkZI6nbE3J7qrqN0utq-uDK4bmCwVV,elektroelite.de,info@elektroelite.de,https://elektroelite.de/?srsltid=AfmBOor2gnpL9tAQcv2R_r0R3BJkZI6nbE3J7qrqN0utq-uDK4bmCwVV | https://elektroelite.de/blogs/uber-uns/uber-uns | https://elektroelite.de/pages/kontakt,found
Elektro Bergmann GmbH Hannover - Sanitärtechnik - e-masters,Hannover,(Elektriker OR Gebäudetechnik OR Sicherheitstechnik OR Rohrreinigung) Hannover,https://www.bergmann-elektro.de/,bergmann-elektro.de,,https://www.bergmann-elektro.de/ | https://www.bergmann-elektro.de/wir-ueber-uns.html | https://www.bergmann-elektro.de/wir-ueber-uns/ansprechpartner.html,no_generic_email
Jobs & Karriere - Hannover - Rohrreinigungs-Eildienst Uecker GmbH,Hannover,(Elektriker OR Gebäudetechnik OR Sicherheitstechnik OR Rohrreinigung) Hannover,https://rohrreinigungseildienst-uecker.de/ueber-uns/jobs,rohrreinigungseildienst-uecker.de,,https://rohrreinigungseildienst-uecker.de/ueber-uns/jobs | https://rohrreinigungseildienst-uecker.de/ | https://rohrreinigungseildienst-uecker.de/ueber-uns/jobs,no_generic_email
Stellenangebote - Hannover - Anita Hartmann Elektrotechnik,Hannover,(Elektriker OR Gebäudetechnik OR Sicherheitstechnik OR Rohrreinigung) Hannover,https://www.hartmann-elektrotechnik.de/wir-ueber-uns/stellenangebote.html,hartmann-elektrotechnik.de,,https://www.hartmann-elektrotechnik.de/wir-ueber-uns/stellenangebote.html | https://www.hartmann-elektrotechnik.de/wir-ueber-uns/stellenangebote.html | https://www.hartmann-elektrotechnik.de/wir-ueber-uns.html,no_generic_email
Hannover - WISAG,Hannover,(Elektriker OR Gebäudetechnik OR Sicherheitstechnik OR Rohrreinigung) Hannover,https://www.wisag.de/standorte/hannover/,wisag.de,,https://www.wisag.de/standorte/hannover/ | https://www.wisag.de/kontakt/ | https://www.wisag.de/impressum/,no_generic_email
Innungsbetriebe - Elektro-Innung Hannover,Hannover,(Elektriker OR Gebäudetechnik OR Sicherheitstechnik OR Rohrreinigung) Hannover,https://www.elektroinnung.de/innungsbetriebe.html,elektroinnung.de,b.e.technik@gmail.com; buero@emb-hannover.de; e-service-sterling@gmx.de; info.dwe@web.de; info@ammtech.de; info@arc-elektrotechnik.de; info@b-k-elektro.de; info@bau-grand.de; info@baumats.net; info@begro-elektro.de; info@bfwkom.de; info@bilgin-elektro.de; info@bnhautomation.de; info@bock-elektrik.de; info@bonnes-boxhorn.de; info@buderus-elektro.de; info@carloettinger.de; info@cuki.de; info@dietmar-moeller-elektromeister.de; info@e-bechem.de; info@ef-h.com; info@eickelbaum-online.de; info@elbu-elektro.de; info@elektra-kellenter.de; info@elektro-andresen.de; info@elektro-avance.de; info@elektro-bargmann.de; info@elektro-borges.de; info@elektro-brendler.de; info@elektro-hardel.de; info@elektro-held.de; info@elektro-hoefer.de; info@elektro-hsk.de; info@elektro-leitsmann.de; info@elektro-mahrholdt.de; info@elektro-plus-sicherheit.de; info@elektro-re--re.de; info@elektro-rieger.de; info@elektro-schwemin.de; info@elektro-severin.de; info@elektro-stiller.de; info@elektro-strecker.de; info@elektro-thorns.de; info@elektro-werk.com; info@elektroehg.de; info@elektroelite.de; info@elektroinnung.de; info@elektroloesungen.de; info@elektroschulz.de; info@elektrotechnik-guenther.de; info@elektrotechnik-ladwig.de; info@elektrotechnik-lattmann.de; info@elektrotechnik-schaefer.de; info@elektrotechnik-wiebeck.de; info@elektrotechnik-zeiser.de; info@elektrotechnikgk.de; info@elektrotheobald.de; info@eltec24.de; info@es-hannover.de; info@esgmbh.com; info@felloworx.de; info@fistikci-bau.de; info@fitztec.de; info@glen-neuling.de; info@griese-etech.de; info@grove-elektro.de; info@hartmann-elektrotechnik.de; info@heisko-elektro.de; info@henschel-elektroanlagen.de; info@heymeier.de; info@hfie-energy.de; info@hoefer-elektro.de; info@k-b-elektro.de; info@kiene-elektrotechnik.de; info@klr-energie.de; info@krull-elektromotoren.de; info@liedtke-lindau.com; info@malektrio.de; info@marco-rohde.com; info@mfm.energy; info@mi-elektro.de; info@mira-elektro.de; info@opitz-elektro.de; info@pacht-elektroanlagen.de; info@ph-elektrotechnik.de; info@qore-elektro.de; info@roehler-elektrotechnik.de; info@rr-mein-elektromeister.de; info@rs-elektrotechnik-gmbh.de; info@sanctum-hannover.de; info@steinlen.de; info@sueda-elektro.de; info@termath.de; info@ulbrichs.de; info@vapo-hannover.de; info@vesterling-haustechnik.de; info@wallus.net; info@weiss-fietje.de; info@werners-multi-service.de; info@wesemann-elektrotechnik.de; info@wuhrmann.de; info@zimmermann-im-netz.de; kontakt@b-bbau.de; kontakt@bg-elektrotechnik.de; kontakt@bienepohlmann.de; kontakt@elektricom.de; kontakt@elektro-heitmueller.de; kontakt@elektro-zobel.de; kontakt@solarfreunde.de; mail@dd-projekt.com; mail@elektroboerger.de; mail@elektrotechnik-sass.de; mail@michaelis-elektrotechnik.de; mail@telemedia-netzwerkservice.de; office@wohnen-mit-funktion.de; serrano.e-technik@gmx.de,https://www.elektroinnung.de/innungsbetriebe.html | https://www.elektroinnung.de/impressum.html | https://www.elektroinnung.de/kontakt.html,found
Elektrotechnik GK | Meisterbetrieb aus Hannover,Hannover,(Elektriker OR Gebäudetechnik OR Sicherheitstechnik OR Rohrreinigung) Hannover,https://www.elektrotechnikgk.de/,elektrotechnikgk.de,info@elektrotechnikgk.de,https://www.elektrotechnikgk.de/ | https://www.elektrotechnikgk.de/ueber-uns/ | https://www.elektrotechnikgk.de/kontakt/,found
Netzwerktechnik - Elektro-Bau-Hannover,Hannover,(Elektriker OR Gebäudetechnik OR Sicherheitstechnik OR Rohrreinigung) Hannover,https://elektro-bau-hannover.de/netzwerktechnik/,elektro-bau-hannover.de,zentrale@elektro-bau-hannover.de,https://elektro-bau-hannover.de/netzwerktechnik/ | https://elektro-bau-hannover.de/ueber-uns/ | https://elektro-bau-hannover.de/impressum/,found
Elektrotechnik Günther GmbH – Elektriker Elektroinstallationsbetrieb,Hannover,(Elektriker OR Gebäudetechnik OR Sicherheitstechnik OR Rohrreinigung) Hannover,https://elektrotechnik-guenther.de/,elektrotechnik-guenther.de,info@elektrotechnik-guenther.de,https://elektrotechnik-guenther.de/ | https://elektrotechnik-guenther.de/kontakt/ | https://elektrotechnik-guenther.de/impressum/,found
Smart Home & Building in Hannover - Elektro Werk,Hannover,(Elektriker OR Gebäudetechnik OR Sicherheitstechnik OR Rohrreinigung) Hannover,https://www.elektro-werk.com/smart-home-hannover/,elektro-werk.com,info@elektro-werk.com,https://www.elektro-werk.com/smart-home-hannover/ | https://www.elektro-werk.com/impressum/,found
Gebäudetechnik in Hannover | Smart Home und mehr,Hannover,(Elektriker OR Gebäudetechnik OR Sicherheitstechnik OR Rohrreinigung) Hannover,https://www.bonnes-boxhorn.de/unsere-leistungen/gebaeudetechnik,bonnes-boxhorn.de,,https://www.bonnes-boxhorn.de/unsere-leistungen/gebaeudetechnik | https://www.bonnes-boxhorn.de/ueber-uns/ | https://www.bonnes-boxhorn.de/ueber-uns/historie,no_generic_email
Elektro Rieger GmbH: Home,Hannover,(Elektriker OR Gebäudetechnik OR Sicherheitstechnik OR Rohrreinigung) Hannover,https://www.elektro-rieger.de/,elektro-rieger.de,,https://www.elektro-rieger.de/ | https://www.elektro-rieger.de/wir-ueber-uns.html | https://www.elektro-rieger.de/wir-ueber-uns/mitarbeitersuche.html,no_generic_email
"HKH Hannover – Rohrleitungsbau, Heizung & Sanitär",Hannover,(Elektriker OR Gebäudetechnik OR Sicherheitstechnik OR Rohrreinigung) Hannover,https://www.hkhannover.de/,hkhannover.de,info@hkhannover.de,https://www.hkhannover.de/ | https://www.hkhannover.de/kontakt/ | https://www.hkhannover.de/impressum/,found
Hannover | K & B Elektroanlagen: Elektro Licht Smart Home,Hannover,(Elektriker OR Gebäudetechnik OR Sicherheitstechnik OR Rohrreinigung) Hannover,https://www.k-b-elektro.de/,k-b-elektro.de,info@k-b-elektro.de,https://www.k-b-elektro.de/ | https://www.k-b-elektro.de/scripts/kontakt/mail.aspx | https://www.k-b-elektro.de/unternehmen/elektro/kontakt,found
Elektrotechnik Sass GmbH - Ihr kompetenter Fachbetrieb in Hannover,Hannover,(Elektriker OR Gebäudetechnik OR Sicherheitstechnik OR Rohrreinigung) Hannover,https://www.elektrotechnik-sass.de/,elektrotechnik-sass.de,mail@elektrotechnik-sass.de,https://www.elektrotechnik-sass.de/ | https://www.elektrotechnik-sass.de/unternehmen-ueber-uns | https://www.elektrotechnik-sass.de/impressum,found
Jobs für Anlagenmechaniker in Hannover - Wir suchen!,Hannover,(Elektriker OR Gebäudetechnik OR Sicherheitstechnik OR Rohrreinigung) Hannover,http://www.rohrreinigungsdienst-sucht-mitarbeiter.de/anlagenmechaniker-hannover.html,rohrreinigungsdienst-sucht-mitarbeiter.de,info@dsa-marketing.ag; info@rohrreinigungsdienst-ihlau.de,https://www.rohrreinigungsdienst-sucht-mitarbeiter.de/anlagenmechaniker-hannover.html | https://www.rohrreinigungsdienst-sucht-mitarbeiter.de/impressum.html,found
Elektroniker Energie- und Gebäudetechnik Hannover (m/w/d),Hannover,(Elektriker OR Gebäudetechnik OR Sicherheitstechnik OR Rohrreinigung) Hannover,https://jobs.atgermany.de/elektroniker-energie-gebaeudetechnik-hannover-ladeinfrastruktur-gewerbe-energieverteilung,jobs.atgermany.de,info@at-germany.com,https://jobs.atgermany.de/elektroniker-energie-gebaeudetechnik-hannover-ladeinfrastruktur-gewerbe-energieverteilung | https://jobs.atgermany.de/kontakt | https://jobs.atgermany.de/impressum,found
Elektro - B&B Bau,Hannover,(Elektriker OR Gebäudetechnik OR Sicherheitstechnik OR Rohrreinigung) Hannover,https://b-bbau.de/elektro-2/,b-bbau.de,,,fetch_error:RemoteDisconnected
Seibel365 Hannover ❤️ Gebäudetechnik für Hausverwaltungen,Hannover,(Elektriker OR Gebäudetechnik OR Sicherheitstechnik OR Rohrreinigung) Hannover,https://seibel-hannover.de/,seibel-hannover.de,service@gmbh-seibel.de,https://seibel-hannover.de/ | https://seibel-hannover.de/ueber-uns/ | https://seibel-hannover.de/impressum/,found
enercity profipartner e.V.,Hannover,(Elektriker OR Gebäudetechnik OR Sicherheitstechnik OR Rohrreinigung) Hannover,https://www.enercity-profipartner.de/profipartner/,enercity-profipartner.de,info@enercity-profipartner.de,https://www.enercity-profipartner.de/profipartner/ | https://www.enercity-profipartner.de/impressum/,found
Schweer Elektrotechnik: Home,Hannover,(Elektriker OR Gebäudetechnik OR Sicherheitstechnik OR Rohrreinigung) Hannover,https://www.schweer-elektro.de/,schweer-elektro.de,kontakt@schweer-elektro.de,https://www.schweer-elektro.de/ | https://www.schweer-elektro.de/impressum.html,found
Home | Ingenieurbüro Eletan GmbH,Hannover,(Elektriker OR Gebäudetechnik OR Sicherheitstechnik OR Rohrreinigung) Hannover,https://www.eletan.de/,eletan.de,,,fetch_error:HTTPError
Leitsmann - Startseite,Hannover,(Elektriker OR Gebäudetechnik OR Sicherheitstechnik OR Rohrreinigung) Hannover,https://www.elektro-leitsmann.de/,elektro-leitsmann.de,,https://www.elektro-leitsmann.de/ | https://www.elektro-leitsmann.de/Ueber-uns/ | https://www.elektro-leitsmann.de/Kontakt-Impressum/,no_generic_email
System-Technik - Branchenbuch Hannover,Hannover,(Elektriker OR Gebäudetechnik OR Sicherheitstechnik OR Rohrreinigung) Hannover,https://hannover.branchen-info.net/systemtechnik-1656-1.php,hannover.branchen-info.net,,https://hannover.branchen-info.net/branche/systemtechnik/1656/,no_generic_email
"Gasleitung Sanierung, Rohrreinigung und mehr im Raum Hannover",Hannover,(Elektriker OR Gebäudetechnik OR Sicherheitstechnik OR Rohrreinigung) Hannover,https://www.komarek-haustechnik.de/sonstige-leistungen/,komarek-haustechnik.de,kundendienst@komarek-haustechnik.de,https://www.komarek-haustechnik.de/sonstige-leistungen/ | https://www.komarek-haustechnik.de/ueber-uns/ | https://www.komarek-haustechnik.de/ueber-uns/jobs/,found
e-masters - Hannover: Elektroinstallation - Elektro Heese,Hannover,(Elektriker OR Gebäudetechnik OR Sicherheitstechnik OR Rohrreinigung) Hannover,https://www.elektro-heese.de/unsere-leistungen/elektroinstallation.html,elektro-heese.de,,https://www.elektro-heese.de/unsere-leistungen/elektroinstallation.html | https://www.elektro-heese.de/wir-ueber-uns.html | https://www.elektro-heese.de/wir-ueber-uns/stellenangebote.html,no_generic_email
MR ELEKTRO – MR ELEKTRO GmbH & Co. KG,Hannover,(Elektriker OR Gebäudetechnik OR Sicherheitstechnik OR Rohrreinigung) Hannover,https://macht-an.de/,macht-an.de,,https://macht-an.de/ | https://macht-an.de/kontakt/ | https://macht-an.de/impressum/,no_generic_email
Elektro Tekkal | Wir verstehen Technik!,Hannover,(Elektriker OR Gebäudetechnik OR Sicherheitstechnik OR Rohrreinigung) Hannover,https://www.elektro-tekkal.de/,elektro-tekkal.de,info@elektro-tekkal.de,https://www.elektro-tekkal.de/ | https://www.elektro-tekkal.de/kontakt/ | https://www.elektro-tekkal.de/uber-uns/,found
Elektriker/in für Automatisierungstechnik oder für Energie,Hannover,(Elektriker OR Gebäudetechnik OR Sicherheitstechnik OR Rohrreinigung) Hannover,https://www.industrie-electric.de/elektriker-in-fur-automatisierungstechnik-und-energie-und-gebaudetechnik/,industrie-electric.de,info@industrie-electric.de,https://www.industrie-electric.de/elektriker-in-fur-automatisierungstechnik-und-energie-und-gebaudetechnik/ | https://www.industrie-electric.de/kontakt/ | https://www.industrie-electric.de/impressum/,found
Börger Elektrotechnik GmbH,Hannover,(Elektriker OR Gebäudetechnik OR Sicherheitstechnik OR Rohrreinigung) Hannover,https://boergerelektrotechnik.de/,boergerelektrotechnik.de,mail@boergerelektrotechnik.de; mail@boergerelektrotechnik.deinternet,https://boergerelektrotechnik.de/ | https://boergerelektrotechnik.de/kontakt/ | https://boergerelektrotechnik.de/impressum/,found
Die besten Lösungen für Ihr Gewerbe - Köthe Sanitär + Heizungsbau,Hannover,(Elektriker OR Gebäudetechnik OR Sicherheitstechnik OR Rohrreinigung) Hannover,https://www.koethe-gmbh.de/shk/gewerbekunden,koethe-gmbh.de,info@koethe-gmbh.de,https://www.koethe-gmbh.de/shk/gewerbekunden | https://www.koethe-gmbh.de/scripts/kontakt/mail.aspx | https://www.koethe-gmbh.de/unternehmen/shk/kontakt,found
Niederlassung Hannover - Josef Beermann GmbH & CO.KG,Hannover,(Elektriker OR Gebäudetechnik OR Sicherheitstechnik OR Rohrreinigung) Hannover,https://www.beermann.de/niederlassungen/hannover/,beermann.de,info@beermann.de,https://www.beermann.de/niederlassungen/hannover/ | https://www.beermann.de/kontakt/ | https://www.beermann.de/kontakt/anfahrt/,found
Lucinski Heizung + Sanitär GmbH Nürnberg: Home,Nürnberg,(Sanitärinstallateur OR Heizungsinstallateur OR Kältetechnik) Nürnberg,https://lucinski.de/,lucinski.de,info@lucinski.de,https://lucinski.de/ | https://lucinski.de/ueber-uns/ | https://lucinski.de/kontakt/,found
Heizungs-Sanitärtechnik Kraus: Sanitär Heizung | Nürnberg,Nürnberg,(Sanitärinstallateur OR Heizungsinstallateur OR Kältetechnik) Nürnberg,https://www.kraus-shk.de/,kraus-shk.de,info@kraus-shk.de,https://www.kraus-shk.de/ | https://www.kraus-shk.de/scripts/kontakt/mail.aspx | https://www.kraus-shk.de/unternehmen/shk/kontakt,found
"Rainer Rossmann – Heizung, Sanitär & Bad in Nürnberg",Nürnberg,(Sanitärinstallateur OR Heizungsinstallateur OR Kältetechnik) Nürnberg,https://rossmann-heizung.de/,rossmann-heizung.de,,https://rossmann-heizung.de/,no_generic_email
Gebäudeautomation für Firmen – Ihre Experten in Hannover,Hannover,(Elektriker OR Gebäudetechnik OR Sicherheitstechnik OR Rohrreinigung) Hannover,https://elektriker-homann.de/gebaeudeautomation-firmen/,elektriker-homann.de,,https://elektriker-homann.de/gebaeudeautomation-firmen/ | https://elektriker-homann.de/ueber-uns/ | https://elektriker-homann.de/impressum/,no_generic_email
Elektro - Harte Haustechnik GmbH,Hannover,(Elektriker OR Gebäudetechnik OR Sicherheitstechnik OR Rohrreinigung) Hannover,https://harte-haustechnik.de/elektro/,harte-haustechnik.de,info@harte-haustechnik.de; info@hwk-hannover.de,https://harte-haustechnik.de/elektro/ | https://harte-haustechnik.de/impressum/,found
Hofmann Haustechnik aus Nürnberg - Heizung | Bad | Klima | Lüftung,Nürnberg,(Sanitärinstallateur OR Heizungsinstallateur OR Kältetechnik) Nürnberg,https://www.hofmann-haustechnik.de/,hofmann-haustechnik.de,service@hofman-haustechnik.de; service@hofmann-haustechnik.de,https://www.hofmann-haustechnik.de/ | https://www.hofmann-haustechnik.de/kontakt/ | https://www.hofmann-haustechnik.de/impressum/,found
Schmoll + Sohn GmbH aus Nürnberg - Heizung | Bad | Klima | Lüftung,Nürnberg,(Sanitärinstallateur OR Heizungsinstallateur OR Kältetechnik) Nürnberg,https://www.schmoll-sohn.de/,schmoll-sohn.de,info@schmoll-sohn.de,https://www.schmoll-sohn.de/ | https://www.schmoll-sohn.de/kontakt/ | https://www.schmoll-sohn.de/impressum/,found
J. Riegel GmbH: Heizung & Bad | Nürnberg,Nürnberg,(Sanitärinstallateur OR Heizungsinstallateur OR Kältetechnik) Nürnberg,https://www.jriegel-gmbh.de/,jriegel-gmbh.de,info@jriegel-gmbh.de,https://www.jriegel-gmbh.de/ | https://www.jriegel-gmbh.de/impressum,found
GFZ George KG: Klima- und Kältetechnik | Nürnberg,Nürnberg,(Sanitärinstallateur OR Heizungsinstallateur OR Kältetechnik) Nürnberg,https://www.gfz-george.de/,gfz-george.de,info@gfz-george.de,https://www.gfz-george.de/ | https://www.gfz-george.de/ueber-uns | https://www.gfz-george.de/kontakt,found
ZIMMERMANN Kälte- und Klimatechnik in Nürnberg,Nürnberg,(Sanitärinstallateur OR Heizungsinstallateur OR Kältetechnik) Nürnberg,https://www.klima-zimmermann.de/,klima-zimmermann.de,info@klima-zimmermann.de,https://www.klima-zimmermann.de/ | https://www.klima-zimmermann.de/kontakt/ | https://www.klima-zimmermann.de/wir-ueber-uns/,found
Heizung- und Sanitärtechnik aus Nürnberg: Roland Fischer ...,Nürnberg,(Sanitärinstallateur OR Heizungsinstallateur OR Kältetechnik) Nürnberg,https://www.sanitaer-fischer-nuernberg.de/,sanitaer-fischer-nuernberg.de,info@sanitaer-fischer-nuernberg.de,https://www.sanitaer-fischer-nuernberg.de/ | https://www.sanitaer-fischer-nuernberg.de/ueber-uns/ | https://www.sanitaer-fischer-nuernberg.de/kontakt/,found
Der Felsner: Homepage,Nürnberg,(Sanitärinstallateur OR Heizungsinstallateur OR Kältetechnik) Nürnberg,https://www.der-felsner.de/,der-felsner.de,info@der-felsner.de,https://www.der-felsner.de/ | https://www.der-felsner.de/ueber-uns/ | https://www.der-felsner.de/kontakt/,found
Sanitär Heizung Nürnberg | Loos Sanitär- und Heizungstechnik,Nürnberg,(Sanitärinstallateur OR Heizungsinstallateur OR Kältetechnik) Nürnberg,https://www.sanitaer-loos.de/,sanitaer-loos.de,info@sanitaer-loos.de,https://www.sanitaer-loos.de/ | https://www.sanitaer-loos.de/scripts/kontakt/mail.aspx | https://www.sanitaer-loos.de/unternehmen/proweb-plus/kontakt,found
A.K. Haustechnik: Sanitär Heizung Nürnberg,Nürnberg,(Sanitärinstallateur OR Heizungsinstallateur OR Kältetechnik) Nürnberg,https://www.ak-haustechnik.de/,ak-haustechnik.de,info@ak-haustechnik.de,https://www.ak-haustechnik.de/ | https://www.ak-haustechnik.de/scripts/kontakt/mail.aspx | https://www.ak-haustechnik.de/unternehmen/proweb-plus/kontakt,found
Sinan Erkol Haustechnik - Bad- und Heizungssanierung in Nürnberg,Nürnberg,(Sanitärinstallateur OR Heizungsinstallateur OR Kältetechnik) Nürnberg,https://sinan-erkol-haustechnik.de/,sinan-erkol-haustechnik.de,info@sinan-erkol-haustechnik.de,https://sinan-erkol-haustechnik.de/ | https://sinan-erkol-haustechnik.de/kontaktformular/ | https://sinan-erkol-haustechnik.de/impressum/,found
Ihr Experte für Sanitär & Heizung Nürnberg - Koller Haustechnik,Nürnberg,(Sanitärinstallateur OR Heizungsinstallateur OR Kältetechnik) Nürnberg,https://koller-ht.de/nuernberg.html,koller-ht.de,info@koller-ht.de,https://koller-ht.de/nuernberg.html | https://koller-ht.de/ueber-uns.html | https://koller-ht.de/kontakt.html,found
"Firma Henning - Ihr Partner für Heizung, Sanitär und Solar in ...",Nürnberg,(Sanitärinstallateur OR Heizungsinstallateur OR Kältetechnik) Nürnberg,http://www.firmahenning.de/,firmahenning.de,mail@firmahenning.de,http://www.firmahenning.de/ | http://www.firmahenning.de/kontakt.php | http://www.firmahenning.de/impressum.html,found
Gericke GmbH: Sanitär Heizung Nürnberg,Nürnberg,(Sanitärinstallateur OR Heizungsinstallateur OR Kältetechnik) Nürnberg,https://www.gericke-gmbh.com/,gericke-gmbh.com,,https://www.gericke-gmbh.com/ | https://www.gericke-gmbh.com/scripts/kontakt/mail.aspx | https://www.gericke-gmbh.com/unternehmen/proweb-plus/kontakt,no_generic_email
H-Tech Franken GmbH | Experten für Heizung und Bad,Nürnberg,(Sanitärinstallateur OR Heizungsinstallateur OR Kältetechnik) Nürnberg,https://htech-franken.de/,htech-franken.de,info@htech-franken.de,https://htech-franken.de/ | https://htech-franken.de/kontaktformular/ | https://htech-franken.de/impressum/,found
Kollischon Sanitär- und Heizungstechnik | Nürnberg,Nürnberg,(Sanitärinstallateur OR Heizungsinstallateur OR Kältetechnik) Nürnberg,https://www.kollischon-sht.de/,kollischon-sht.de,,https://www.kollischon-sht.de/ | https://www.kollischon-sht.de/scripts/kontakt/mail.aspx | https://www.kollischon-sht.de/unternehmen/proweb-advanced/kontakt,no_generic_email
Huber Sanitär Technik: Home,Nürnberg,(Sanitärinstallateur OR Heizungsinstallateur OR Kältetechnik) Nürnberg,https://hubersanitaer.de/,hubersanitaer.de,info@hubersanitaer.de,https://hubersanitaer.de/ | https://hubersanitaer.de/ueber-uns/ | https://hubersanitaer.de/kontakt/,found
Nürnberg Fürth Heizung Sanitär Kundendienst Badsanierung ...,Nürnberg,(Sanitärinstallateur OR Heizungsinstallateur OR Kältetechnik) Nürnberg,https://www.vp-installationen.de/,vp-installationen.de,,https://www.vp-installationen.de/ | https://www.vp-installationen.de/kontakt-1/ | https://www.vp-installationen.de/impressum/,no_generic_email
Home - NIKO Sanitär- u. Heizungstechnik,Nürnberg,(Sanitärinstallateur OR Heizungsinstallateur OR Kältetechnik) Nürnberg,https://xn--niko-heizung-sanitr-xwb.de/,xn--niko-heizung-sanitr-xwb.de,,https://xn--niko-heizung-sanitr-xwb.de/ | https://xn--niko-heizung-sanitr-xwb.de/kontaktformular/ | https://xn--niko-heizung-sanitr-xwb.de/impressum/,no_generic_email
C.Ortmann - Nürnberg,Nürnberg,(Sanitärinstallateur OR Heizungsinstallateur OR Kältetechnik) Nürnberg,https://www.bad-heizung-nbg.de/,bad-heizung-nbg.de,info@bad-heizung-nbg.de,https://www.bad-heizung-nbg.de/ | https://www.bad-heizung-nbg.de/ueber-uns-2/ | https://www.bad-heizung-nbg.de/kontakt-2/,found
Sanitär Heizung | Nürnberg | Zecha Sanitär und Heizungstechnik,Nürnberg,(Sanitärinstallateur OR Heizungsinstallateur OR Kältetechnik) Nürnberg,https://www.zecha-nuernberg.de/,zecha-nuernberg.de,,,fetch_error:timeout
Sanitär in Nürnberg | 2026,Nürnberg,(Sanitärinstallateur OR Heizungsinstallateur OR Kältetechnik) Nürnberg,https://www.jobs-in-nuernberg.de/branchenbuch/sanitaer,jobs-in-nuernberg.de,,https://www.jobs-in-nuernberg.de/branchenbuch/sanitaer | https://www.jobs-in-nuernberg.de/impressum.html,no_generic_email
Thomas Schmidt Sanitär und Heizung UG | Nürnberg,Nürnberg,(Sanitärinstallateur OR Heizungsinstallateur OR Kältetechnik) Nürnberg,http://nuernberg-schmidt.de/,nuernberg-schmidt.de,info@nuernberg-schmidt.de,http://nuernberg-schmidt.de/,found
Kurt Wälzlein GmbH - Ihr Partner für moderne Haustechnik,Nürnberg,(Sanitärinstallateur OR Heizungsinstallateur OR Kältetechnik) Nürnberg,https://www.waelzlein-gmbh.de/,waelzlein-gmbh.de,,https://www.waelzlein-gmbh.de/,no_generic_email
"Innung Sanitär-, Heizungs- und Klimatechnik, Flaschnerei Nürnberg ...",Nürnberg,(Sanitärinstallateur OR Heizungsinstallateur OR Kältetechnik) Nürnberg,https://www.innung-shk.de/,innung-shk.de,info@innung-shk.de,https://www.innung-shk.de/ | https://www.innung-shk.de/innung/ueber-uns,found
"Uwe Holzhey GmbH, Nürnberg, DE",Nürnberg,(Sanitärinstallateur OR Heizungsinstallateur OR Kältetechnik) Nürnberg,https://www.haustechnik-holzhey.de/,haustechnik-holzhey.de,info@haustechnik-holzhey.de,https://www.haustechnik-holzhey.de/ | https://www.haustechnik-holzhey.de/ueber-uns | https://www.haustechnik-holzhey.de/kontakt,found
Dreyer Nürnberg | Ihr Spezialist für Bad & Heizung,Nürnberg,(Sanitärinstallateur OR Heizungsinstallateur OR Kältetechnik) Nürnberg,https://dreyer-gmbh.de/,dreyer-gmbh.de,info@dreyer-gmbh.de,https://dreyer-gmbh.de/ | https://dreyer-gmbh.de/impressum/,found
Ihr Installateur in Nürnberg - BROCHIER BADWERK,Nürnberg,(Sanitärinstallateur OR Heizungsinstallateur OR Kältetechnik) Nürnberg,https://www.brochier-badwerk.de/installateur-nuernberg/,brochier-badwerk.de,,https://www.brochier-badwerk.de/installateur-nuernberg/ | https://www.brochier-badwerk.de/kontakt/,no_generic_email
Kraiter Haustechnik - Sanitär Heizung Solar,Nürnberg,(Sanitärinstallateur OR Heizungsinstallateur OR Kältetechnik) Nürnberg,https://kraiter-haustechnik.de/,kraiter-haustechnik.de,info@kraiter-haustechnik.de,https://kraiter-haustechnik.de/ | https://kraiter-haustechnik.de/kontakt/,found
Kassapis Heizungsservice GmbH | Heizungs- und Sanitäranlagen ...,Nürnberg,(Sanitärinstallateur OR Heizungsinstallateur OR Kältetechnik) Nürnberg,https://www.kassapis-heizungsservice.de/,kassapis-heizungsservice.de,kundendienst@kassapis-heizungsservice.de; mail@kassapis-heizungsservice.de,https://www.kassapis-heizungsservice.de/ | https://www.kassapis-heizungsservice.de/kontakt,found
https://www.heizung-sanitaer-nuernberg.de/,Nürnberg,(Sanitärinstallateur OR Heizungsinstallateur OR Kältetechnik) Nürnberg,https://www.heizung-sanitaer-nuernberg.de/,heizung-sanitaer-nuernberg.de,,https://p2-1.afp24.net/true1.php?id=hei1f10v5x045fq6&sv=1,no_generic_email
Bader-Scholz: Home,Nürnberg,(Sanitärinstallateur OR Heizungsinstallateur OR Kältetechnik) Nürnberg,https://bader-scholz.de/,bader-scholz.de,service@bader-scholz.de,https://bader-scholz.de/ | https://bader-scholz.de/impressum/,found
"installateur-nuernberg.de - Heizung, Installation, Reparatur, Wasser ...",Nürnberg,(Sanitärinstallateur OR Heizungsinstallateur OR Kältetechnik) Nürnberg,https://www.installateur-nuernberg.de/,installateur-nuernberg.de,,https://www.installateur-nuernberg.de/ | https://www.installateur-nuernberg.de/info/impressum,no_generic_email
Sanitär Heizung Klimatechnik in 90473 Nürnberg - finde.de,Nürnberg,(Sanitärinstallateur OR Heizungsinstallateur OR Kältetechnik) Nürnberg,https://www.finde.de/branchen/Sanitaer-Heizung-Klimatechnik--36/90473-Nuernberg/,finde.de,info@finde.de,https://www.finde.de/branchen/Sanitaer-Heizung-Klimatechnik--36/90473-Nuernberg/ | https://www.finde.de/impressum/ | https://www.finde.de/ueber-uns/,found
"Klimaanlage Nürnberg | Planung, Einbau & Service",Nürnberg,(Sanitärinstallateur OR Heizungsinstallateur OR Kältetechnik) Nürnberg,https://www.kaeltetechnik-wanninger.de/klimaanlage-nuernberg,kaeltetechnik-wanninger.de,info@kaeltetechnik-wanninger.de,https://www.kaeltetechnik-wanninger.de/klimaanlage-nuernberg | https://www.kaeltetechnik-wanninger.de/ueber-uns/unternehmen | https://www.kaeltetechnik-wanninger.de/ueber-uns/news,found
ARS Rohrreinigung Pauschalpreis 138€ • Nürnberg · Fürth · Erlangen,Nürnberg,(Elektriker OR Gebäudetechnik OR Sicherheitstechnik OR Rohrreinigung) Nürnberg,https://ars-rohrreinigungsservice.de/,ars-rohrreinigungsservice.de,,https://ars-rohrreinigungsservice.de/,no_generic_email
Suchergebnisse für Kältetechnik in Nürnberg - Firmeneintrag,Nürnberg,(Sanitärinstallateur OR Heizungsinstallateur OR Kältetechnik) Nürnberg,https://firmeneintrag.de/search/K%C3%A4ltetechnik/N%C3%BCrnberg/2,firmeneintrag.de,info@excelsea.de,https://firmeneintrag.de/search/K%C3%A4ltetechnik/N%C3%BCrnberg/2/ | https://firmeneintrag.de/impressum/,found
BACHMANN KANAL+ROHR: Reinigung & Sanierung - Nürnberg ...,Nürnberg,(Elektriker OR Gebäudetechnik OR Sicherheitstechnik OR Rohrreinigung) Nürnberg,https://www.bachmann-kanal.de/,bachmann-kanal.de,info@bachmann-kanal.de,https://www.bachmann-kanal.de/ | https://www.bachmann-kanal.de/impressum/,found
Die Innung für Elektro- und Informationstechnik Nürnberg-Fürth,Nürnberg,(Elektriker OR Gebäudetechnik OR Sicherheitstechnik OR Rohrreinigung) Nürnberg,https://elektroinnung-nuernberg.de/,elektroinnung-nuernberg.de,info@auctores.de; info@elektroinnung-nuernberg.de; info@innung-shk.de,https://elektroinnung-nuernberg.de/ | https://elektroinnung-nuernberg.de/kontakt/ | https://elektroinnung-nuernberg.de/impressum/,found
Heizung/Sanitär - Elkom Nord,Nürnberg,(Sanitärinstallateur OR Heizungsinstallateur OR Kältetechnik) Nürnberg,https://www.elkom-nord.de/heizung/sanitaer,elkom-nord.de,info@elkom-nord.de,https://www.elkom-nord.de/heizung/sanitaer | https://www.elkom-nord.de/wir-ueber-uns | https://www.elkom-nord.de/wir-ueber-uns/karriere,found
Startseite - BROCHIER Gebäudetechnik Nürnberg,Nürnberg,(Elektriker OR Gebäudetechnik OR Sicherheitstechnik OR Rohrreinigung) Nürnberg,https://www.brochier-gebaeudetechnik.de/,brochier-gebaeudetechnik.de,info@brochier-gebaeudetechnik.de,https://www.brochier-gebaeudetechnik.de/ | https://www.brochier-gebaeudetechnik.de/ueber-uns/ | https://www.brochier-gebaeudetechnik.de/kontakt/,found
Elektroniker/in Fachrichtung Energie- und Gebäudetechnik,Nürnberg,(Elektriker OR Gebäudetechnik OR Sicherheitstechnik OR Rohrreinigung) Nürnberg,https://leuchte-gesucht.de/ausbildungsberufe/elektroniker-in-fachrichtung-energie-und-gebaeudetechnik/,leuchte-gesucht.de,info@auctores.de; info@elektroinnung-nuernberg.de,https://leuchte-gesucht.de/ausbildungsberufe/elektroniker-in-fachrichtung-energie-und-gebaeudetechnik/ | https://leuchte-gesucht.de/kontakt/ | https://leuchte-gesucht.de/impressum/,found
Herrmann Haustechnik • Herrmann Haustechnik Nürnberg,Nürnberg,(Sanitärinstallateur OR Heizungsinstallateur OR Kältetechnik) Nürnberg,https://herrmann-haustechnik.de/,herrmann-haustechnik.de,info@herrmann-haustechnik.de,https://herrmann-haustechnik.de/ | https://herrmann-haustechnik.de/kontakt/ | https://herrmann-haustechnik.de/kontakt/sanierungscheck/,found
"Home - GÖRLACH – Elektro-, Sicherheits- und Gebäudetechnik",Nürnberg,(Elektriker OR Gebäudetechnik OR Sicherheitstechnik OR Rohrreinigung) Nürnberg,https://goerlach-esg.de/,goerlach-esg.de,info@goerlach-esg.de,https://goerlach-esg.de/ | https://goerlach-esg.de/kontakt/ | https://goerlach-esg.de/impressum/,found
Rohrreinigungs-Service RRS GmbH: Startseite,Nürnberg,(Elektriker OR Gebäudetechnik OR Sicherheitstechnik OR Rohrreinigung) Nürnberg,https://www.rrs.de/,rrs.de,,https://www.rrs.de/ | https://www.rrs.de/ueber-uns/ | https://www.rrs.de/kontakt/,no_generic_email
Berufsbereich Elektroniker für Energie- und Gebäudetechnik • EFE,Nürnberg,(Elektriker OR Gebäudetechnik OR Sicherheitstechnik OR Rohrreinigung) Nürnberg,https://www.nuernberg.de/internet/berufsschule_1/etechnikhandwerk.html,nuernberg.de,,https://www.nuernberg.de/internet/berufsschule_1/etechnikhandwerk.html | https://www.nuernberg.de/global/ajax_kontaktformular.html?cfid=17619 | https://www.nuernberg.de/internet/berufsschule_1/kontakt.html,no_generic_email
HannesBau – Elektrotechnik - Ihr Elektriker in Nürnberg,Nürnberg,(Elektriker OR Gebäudetechnik OR Sicherheitstechnik OR Rohrreinigung) Nürnberg,https://hannesbau.de/,hannesbau.de,kontakt@hannesbau.de,https://hannesbau.de/ | https://hannesbau.de/impressum/,found
Elektroniker Gebäudetechnik Jobs und Stellenangebote in Nürnberg,Nürnberg,(Elektriker OR Gebäudetechnik OR Sicherheitstechnik OR Rohrreinigung) Nürnberg,https://talents.studysmarter.de/companies/r-s-group-gmbh/elektroniker-gebaeudetechnik-jobs-und-stellenangebote-in-nuernberg-5669942/,talents.studysmarter.de,,https://talents.studysmarter.de/companies/r-s-group-gmbh/elektroniker-gebaeudetechnik-jobs-und-stellenangebote-in-nuernberg-5669942/,no_generic_email
Rohrtechnik / Kanaltechnik Nürnberg Fürth Erlangen 24-h-Service,Nürnberg,(Elektriker OR Gebäudetechnik OR Sicherheitstechnik OR Rohrreinigung) Nürnberg,https://www.rohrreinigung-nuernberg-fuerth-erlangen.de/,rohrreinigung-nuernberg-fuerth-erlangen.de,mail@en-rohr-kanaltechnik.de,https://www.rohrreinigung-nuernberg-fuerth-erlangen.de/ | https://www.rohrreinigung-nuernberg-fuerth-erlangen.de/impressum/,found
Gebrüder Hofmann Haustechnik GmbH | Ihr Partner in Nürnberg,Nürnberg,(Elektriker OR Gebäudetechnik OR Sicherheitstechnik OR Rohrreinigung) Nürnberg,https://www.elektro-gebr-hofmann.de/,elektro-gebr-hofmann.de,,,fetch_error:HTTPError
Elektro Baader GmbH | Nürnberg,Nürnberg,(Elektriker OR Gebäudetechnik OR Sicherheitstechnik OR Rohrreinigung) Nürnberg,https://www.elektro-baader.com/,elektro-baader.com,,https://www.elektro-baader.com/ | https://www.elektro-baader.com/impressum.html,no_generic_email
Jobs Energie- und Gebäudetechnik Nürnberg - jobs.nordbayern.de,Nürnberg,(Elektriker OR Gebäudetechnik OR Sicherheitstechnik OR Rohrreinigung) Nürnberg,https://jobs.nordbayern.de/jobs/energie-und-geb%C3%A4udetechnik-in-n%C3%BCrnberg,jobs.nordbayern.de,,https://jobs.nordbayern.de/jobs/energie-und-geb%C3%A4udetechnik-in-n%C3%BCrnberg | https://jobs.nordbayern.de/kontaktformular,no_generic_email
Ausbildung: Elektroniker/-in (m/w/d) – Energie- und Gebäudetechnik,Nürnberg,(Elektriker OR Gebäudetechnik OR Sicherheitstechnik OR Rohrreinigung) Nürnberg,https://www.e-engelhardt.de/unternehmen/elektro/recruiting/jobdetail?jobid=16105&mode=jobdetail,e-engelhardt.de,info@e-engelhardt.de; info@ieq-systems-elektro.de,https://www.e-engelhardt.de/unternehmen/elektro/recruiting/jobdetail?jobid=16105&mode=jobdetail | https://www.e-engelhardt.de/scripts/kontakt/mail.aspx | https://www.e-engelhardt.de/impressum,found
Rohrreinigung Nürnberg - 24h Notdienst vom Fachbetrieb,Nürnberg,(Elektriker OR Gebäudetechnik OR Sicherheitstechnik OR Rohrreinigung) Nürnberg,https://www.baier-rohrreinigung.de/,baier-rohrreinigung.de,info@baier-rohrreinigung.de,https://www.baier-rohrreinigung.de/ | https://www.baier-rohrreinigung.de/kontakt/ | https://www.baier-rohrreinigung.de/kontakt/,found
Elektro Stiel - Nürnberg,Nürnberg,(Elektriker OR Gebäudetechnik OR Sicherheitstechnik OR Rohrreinigung) Nürnberg,https://www.elektro-stiel.de/,elektro-stiel.de,info@elektro-stiel.de,https://www.elektro-stiel.de/ | https://www.elektro-stiel.de/kontakt | https://www.elektro-stiel.de/impressum,found
HR Gebäudetechnik GmbH: Home,Nürnberg,(Elektriker OR Gebäudetechnik OR Sicherheitstechnik OR Rohrreinigung) Nürnberg,https://www.hr-gebaeudetechnik.de/,hr-gebaeudetechnik.de,info@hr-gebaeudetechnik.de,https://www.hr-gebaeudetechnik.de/ | https://www.hr-gebaeudetechnik.de/ueber-uns/ | https://www.hr-gebaeudetechnik.de/kontakt,found
Ausbildung zum Elektroniker für Energie- und Gebäudetechnik (m/w ...,Nürnberg,(Elektriker OR Gebäudetechnik OR Sicherheitstechnik OR Rohrreinigung) Nürnberg,https://www.brochier-gruppe.de/karriere/stellenangebote/jobdetails/ausbildung-zum-elektroniker-fuer-energie-und-gebaeudetechnik-nuernberg_318951_etech-elektroservice/,brochier-gruppe.de,info@brochier-gruppe.de,https://www.brochier-gruppe.de/karriere/stellenangebote/jobdetails/ausbildung-zum-elektroniker-fuer-energie-und-gebaeudetechnik-nuernberg_318951_etech-elektroservice/ | https://www.brochier-gruppe.de/ueber-uns/ | https://www.brochier-gruppe.de/kontakt/,found
SAT Elektrotechnik GmbH - Nürnberg,Nürnberg,(Elektriker OR Gebäudetechnik OR Sicherheitstechnik OR Rohrreinigung) Nürnberg,https://sat-elektro.de/,sat-elektro.de,,https://sat-elektro.de/ | https://sat-elektro.de/ueber-uns | https://sat-elektro.de/kontakt,no_generic_email
Weber Elektrotechnik,Nürnberg,(Elektriker OR Gebäudetechnik OR Sicherheitstechnik OR Rohrreinigung) Nürnberg,https://weberelektrotechnik.de/,weberelektrotechnik.de,info@weberelektrotechnik.de,https://weberelektrotechnik.de/ | https://weberelektrotechnik.de/kontakt/ | https://weberelektrotechnik.de/kontakt/,found
OH Haustechnik – Elektroinstallation & Netzwerkverkabelung ...,Nürnberg,(Elektriker OR Gebäudetechnik OR Sicherheitstechnik OR Rohrreinigung) Nürnberg,https://oh-haustechnik.de/,oh-haustechnik.de,,https://oh-haustechnik.de/ | https://oh-haustechnik.de/ueber-uns.php | https://oh-haustechnik.de/kontakt.php,no_generic_email
ges Gebäudetechnik und Elektroservice GmbH in Nürnberg - Sellwerk,Nürnberg,(Elektriker OR Gebäudetechnik OR Sicherheitstechnik OR Rohrreinigung) Nürnberg,https://sellwerk.de/firmenprofil/ges-gebaeudetechnik-und-elektroservice,sellwerk.de,info@ges-nuernberg.de,https://sellwerk.de/firmenprofil/ges-gebaeudetechnik-und-elektroservice | https://sellwerk.de/aboutus | https://sellwerk.de/help/kontakt,found
e-masters - Nürnberg: Elektroinstallation - Elektro Service Korn,Nürnberg,(Elektriker OR Gebäudetechnik OR Sicherheitstechnik OR Rohrreinigung) Nürnberg,https://www.korn-elektro.com/unsere-leistungen/elektroinstallation.html,korn-elektro.com,,https://www.korn-elektro.com/unsere-leistungen/elektroinstallation.html | https://www.korn-elektro.com/wir-ueber-uns.html | https://www.korn-elektro.com/wir-ueber-uns/ansprechpartner.html,no_generic_email
Elektrotechnik - Fürth - SLS-Netzwerktechnik GmbH,Nürnberg,(Elektriker OR Gebäudetechnik OR Sicherheitstechnik OR Rohrreinigung) Nürnberg,https://www.slsn.de/elektrotechnik/,slsn.de,info@slsn.de,https://www.slsn.de/elektrotechnik/ | https://www.slsn.de/ueber-uns/ | https://www.slsn.de/impressum/,found
Elektroinstallationen Turban | Ihr Meisterbetrieb in Nürnberg,Nürnberg,(Elektriker OR Gebäudetechnik OR Sicherheitstechnik OR Rohrreinigung) Nürnberg,https://www.elektro-turban.de/,elektro-turban.de,,https://www.elektro-turban.de/ | https://www.elektro-turban.de/wir-ueber-uns | https://www.elektro-turban.de/kontakt/kontaktformular,no_generic_email
Gebäudetechnik - Nürnberg - Franck Elektrotechnik GmbH,Nürnberg,(Elektriker OR Gebäudetechnik OR Sicherheitstechnik OR Rohrreinigung) Nürnberg,https://www.franck-elektrotechnik.de/service/gebaeudetechnik,franck-elektrotechnik.de,info@franck-elektrotechnik.de,https://www.franck-elektrotechnik.de/service/gebaeudetechnik | https://www.franck-elektrotechnik.de/ueber-uns/chronik | https://www.franck-elektrotechnik.de/ueber-uns/team,found
S.Scheid Elektroanlagentechnik GmbH in Nürnberg,Nürnberg,(Elektriker OR Gebäudetechnik OR Sicherheitstechnik OR Rohrreinigung) Nürnberg,https://www.elektro-scheid.de/,elektro-scheid.de,mail@elektro-scheid.de,https://www.elektro-scheid.de/ | https://www.elektro-scheid.de/wir-ueber-uns | https://www.elektro-scheid.de/wir-ueber-uns/team,found
Rohrreinigung | Haustechnik: Joh. u Joh. Baumgärtner GmbH,Nürnberg,(Elektriker OR Gebäudetechnik OR Sicherheitstechnik OR Rohrreinigung) Nürnberg,https://baumgaertner-sanitaer.de/rohrreinigung/,baumgaertner-sanitaer.de,,,fetch_error:HTTPError
Elektrik & Sanitär Nürnberg | JM Bau GmbH,Nürnberg,(Elektriker OR Gebäudetechnik OR Sicherheitstechnik OR Rohrreinigung) Nürnberg,https://www.jmbau-gmbh.de/elektrik---sanitar,jmbau-gmbh.de,info@jmbau-gmbh.de,https://www.jmbau-gmbh.de/elektrik---sanitar | https://www.jmbau-gmbh.de/kontakt | https://www.jmbau-gmbh.de/impressum,found
Seibel365 Nürnberg ❤️ Gebäudetechnik für Hausverwaltungen,Nürnberg,(Elektriker OR Gebäudetechnik OR Sicherheitstechnik OR Rohrreinigung) Nürnberg,https://seibel-nuernberg.de/,seibel-nuernberg.de,service@gmbh-seibel.de,https://seibel-nuernberg.de/ | https://seibel-nuernberg.de/ueber-uns/ | https://seibel-nuernberg.de/impressum/,found
ESS Elektrische Anlagen GmbH,Nürnberg,(Elektriker OR Gebäudetechnik OR Sicherheitstechnik OR Rohrreinigung) Nürnberg,https://esselektro.com/,esselektro.com,info@ess-elektro.com,https://esselektro.com/ | https://esselektro.com/impressum,found
Elektrotechnik Schuster - Nürnberg,Nürnberg,(Elektriker OR Gebäudetechnik OR Sicherheitstechnik OR Rohrreinigung) Nürnberg,https://www.elektrotechnik-schuster.de/,elektrotechnik-schuster.de,,,fetch_error:URLError
Installation von Sprech- / Telefonanlagen in und um Nürnberg,Nürnberg,(Elektriker OR Gebäudetechnik OR Sicherheitstechnik OR Rohrreinigung) Nürnberg,https://www.stuehler-elektrotechnik.de/elektroinstallation/netzwerktechnik,stuehler-elektrotechnik.de,,https://www.stuehler-elektrotechnik.de/elektroinstallation/netzwerktechnik | https://www.stuehler-elektrotechnik.de/ueber-uns/unternehmen | https://www.stuehler-elektrotechnik.de/ueber-uns/sachverstaendiger,no_generic_email
Deine Ausbildung - e:tech Elektroservice Nürnberg,Nürnberg,(Elektriker OR Gebäudetechnik OR Sicherheitstechnik OR Rohrreinigung) Nürnberg,https://etech-elektroservice.de/karriere/deine-ausbildung/,etech-elektroservice.de,info@etech-elektroservice.de,https://etech-elektroservice.de/karriere/deine-ausbildung/ | https://etech-elektroservice.de/kontakt/ | https://etech-elektroservice.de/impressum/,found
https://nuernberg.branchen-info.net/fp_3388280.php,Nürnberg,(Elektriker OR Gebäudetechnik OR Sicherheitstechnik OR Rohrreinigung) Nürnberg,https://nuernberg.branchen-info.net/fp_3388280.php,nuernberg.branchen-info.net,,https://nuernberg.branchen-info.net/schlagberger-gerhard-sanitaerinstallation/3388280/,no_generic_email
Technik Seminare und Lehrgänge - Nürnberg - Grundig Akademie,Nürnberg,(Elektriker OR Gebäudetechnik OR Sicherheitstechnik OR Rohrreinigung) Nürnberg,https://www.grundig-akademie.de/technik,grundig-akademie.de,,https://www.grundig-akademie.de/technik | https://www.grundig-akademie.de/contact-general | https://www.grundig-akademie.de/kontakt,no_generic_email
elektromechanische Rohrreinigung | Rapid Rohr,Nürnberg,(Elektriker OR Gebäudetechnik OR Sicherheitstechnik OR Rohrreinigung) Nürnberg,https://www.rapid-kanal.de/elektromechanische-rohrreinigung/,rapid-kanal.de,info@rapid-kanal.de,https://www.rapid-kanal.de/elektromechanische-rohrreinigung/ | https://www.rapid-kanal.de/ueber-uns/ | https://www.rapid-kanal.de/impressum/,found
Elektroinstallation - Erlangen - MIRSCHBERGER Haustechnik GmbH,Nürnberg,(Elektriker OR Gebäudetechnik OR Sicherheitstechnik OR Rohrreinigung) Nürnberg,https://mirschberger.de/leistungen/elektro/,mirschberger.de,,https://mirschberger.de/leistungen/elektro/ | https://mirschberger.de/unternehmen/ueber-uns/ | https://mirschberger.de/kontakt/,no_generic_email
Gesundheit- und Körperpflege / Reinigung,Nürnberg,(Elektriker OR Gebäudetechnik OR Sicherheitstechnik OR Rohrreinigung) Nürnberg,https://www.khw-nuernberg.de/mitglieder/innungen/gesundheit-und-koerperpflege-reinigung/,khw-nuernberg.de,info@augenoptikerinnung.de; info@friseur-rossmann.de; info@friseurinnung-nbg.de; info@gebaeudedienstleister-nordbayern.de; info@khw-nuernberg.de; info@nbzi.de; mail@rapid-textilpflge.de,https://www.khw-nuernberg.de/mitglieder/innungen/gesundheit-und-koerperpflege-reinigung/ | https://www.khw-nuernberg.de/kontakt-khw-nuernberg.html | https://www.khw-nuernberg.de/kontakt/kontaktformular/,found
Scheckel Haustechnik GmbH & Co. KG – Dienstleister Rund um ...,Nürnberg,(Elektriker OR Gebäudetechnik OR Sicherheitstechnik OR Rohrreinigung) Nürnberg,https://scheckel-haustechnik.de/,scheckel-haustechnik.de,info@scheckel-haustechnik.de,https://scheckel-haustechnik.de/ | https://scheckel-haustechnik.de/about/ | https://scheckel-haustechnik.de/contact/,found
"Elektroinstallation im Raum Nürnberg, Fürth und in Erlangen",Nürnberg,(Elektriker OR Gebäudetechnik OR Sicherheitstechnik OR Rohrreinigung) Nürnberg,https://schmidt-pohl-haustechnik.de/elektroinstallationen/,schmidt-pohl-haustechnik.de,info@schmidt-pohl-haustechnik.de,https://schmidt-pohl-haustechnik.de/elektroinstallationen/ | https://schmidt-pohl-haustechnik.de/ueber-uns/ | https://schmidt-pohl-haustechnik.de/kontakt/,found
Julius Schöbel aus Duisburg und Essen – Heizung | Sanitär | Bad ...,Duisburg,(Sanitärinstallateur OR Heizungsinstallateur OR Kältetechnik) Duisburg,https://www.schoebel.de/,schoebel.de,info@bad-becker.de,https://www.schoebel.de/ | https://www.schoebel.de/unternehmen/ueber-uns/bad-becker/ | https://www.schoebel.de/unternehmen/ueber-uns/,found
BROCHIER Energie- und Anlagentechnik: Startseite,Nürnberg,(Elektriker OR Gebäudetechnik OR Sicherheitstechnik OR Rohrreinigung) Nürnberg,https://www.brochier-energie-anlagentechnik.de/,brochier-energie-anlagentechnik.de,info@brochier-energie-anlagentechnik.de,https://www.brochier-energie-anlagentechnik.de/ | https://www.brochier-energie-anlagentechnik.de/ueber-uns/ | https://www.brochier-energie-anlagentechnik.de/kontakt/,found
"Hubert Schneider, Heizung, Sanitär und Klima in Duisburg",Duisburg,(Sanitärinstallateur OR Heizungsinstallateur OR Kältetechnik) Duisburg,https://www.hubert-schneider.de/,hubert-schneider.de,info@hubert-schneider.de,https://www.hubert-schneider.de/ | https://www.hubert-schneider.de/scripts/kontakt/mail.aspx | https://www.hubert-schneider.de/unternehmen/shk/kontakt,found
Herbert Grings: Sanitär Heizung Klima | Duisburg,Duisburg,(Sanitärinstallateur OR Heizungsinstallateur OR Kältetechnik) Duisburg,https://www.gringsgmbh.de/,gringsgmbh.de,,https://www.gringsgmbh.de/ | https://www.gringsgmbh.de/scripts/kontakt/mail.aspx | https://www.gringsgmbh.de/unternehmen/shk/kontakt,no_generic_email
Rainer Czisch: Sanitär Heizung Gebäudeenergieberater Duisburg,Duisburg,(Sanitärinstallateur OR Heizungsinstallateur OR Kältetechnik) Duisburg,https://www.heizungsbau-czisch.de/,heizungsbau-czisch.de,info@czisch.com,https://www.heizungsbau-czisch.de/ | https://www.heizungsbau-czisch.de/scripts/kontakt/mail.aspx | https://www.heizungsbau-czisch.de/unternehmen/shk/kontakt,found
"Heisantec – Heizung, Sanitär, Klima & Notdienst in Duisburg ...",Duisburg,(Sanitärinstallateur OR Heizungsinstallateur OR Kältetechnik) Duisburg,https://www.heisantec.com/,heisantec.com,info@heisantec.com,https://www.heisantec.com/ | https://www.heisantec.com/kontakt/ | https://www.heisantec.com/impressum/,found
"Schulz Sanitär - Heizung - Klima | Installateur, Duisburg",Duisburg,(Sanitärinstallateur OR Heizungsinstallateur OR Kältetechnik) Duisburg,https://www.schulz-haustechnik.de/,schulz-haustechnik.de,info@schulz-haustechnik.de,https://www.schulz-haustechnik.de/ | https://www.schulz-haustechnik.de/scripts/kontakt/mail.aspx | https://www.schulz-haustechnik.de/unternehmen/shk/kontakt,found
Kälte- und Klimatechnik Reiner Kadzidroga | Duisburg,Duisburg,(Sanitärinstallateur OR Heizungsinstallateur OR Kältetechnik) Duisburg,https://www.reiner-kadzidroga.de/,reiner-kadzidroga.de,kontakt@reiner-kadzidroga.de,https://www.reiner-kadzidroga.de/ | https://www.reiner-kadzidroga.de/ueber-uns | https://www.reiner-kadzidroga.de/kontakt,found
Sanitär- und Heizungstechnik Rüsen aus Duisburg - Willkommen,Duisburg,(Sanitärinstallateur OR Heizungsinstallateur OR Kältetechnik) Duisburg,https://www.ruesen.net/,ruesen.net,,https://www.ruesen.net/ | https://www.ruesen.net/kontakt | https://www.ruesen.net/impressum,no_generic_email
Service & Wartung - Rainer Decker Elektrotechnik,Nürnberg,(Elektriker OR Gebäudetechnik OR Sicherheitstechnik OR Rohrreinigung) Nürnberg,https://www.rainer-decker-elektrotechnik.de/unsere-leistungen/service-wartung.html,rainer-decker-elektrotechnik.de,,https://www.rainer-decker-elektrotechnik.de/unsere-leistungen/service-wartung.html | https://www.rainer-decker-elektrotechnik.de/wir-ueber-uns.html | https://www.rainer-decker-elektrotechnik.de/wir-ueber-uns/ansprechpartner.html,no_generic_email
[PDF] Auszug aus dem Installateurverzeichnis der Netze Duisburg GmbH ...,Duisburg,(Sanitärinstallateur OR Heizungsinstallateur OR Kältetechnik) Duisburg,https://www.netze-duisburg.de/fileadmin/user_upload/Servicewelt/26.05_GW_Verzeichnis.pdf,netze-duisburg.de,,https://www.netze-duisburg.de/fileadmin/user_upload/Servicewelt/26.05_GW_Verzeichnis.pdf,no_generic_email
Thermo Rhein West – Meisterbetrieb für Heizung & Sanitär,Duisburg,(Sanitärinstallateur OR Heizungsinstallateur OR Kältetechnik) Duisburg,https://www.thermo-rheinwest.de/,thermo-rheinwest.de,,https://www.thermo-rheinwest.de/,no_generic_email
Wallhorn Haustechnik Sanitär Heizung | Meisterbetrieb aus Duisburg,Duisburg,(Sanitärinstallateur OR Heizungsinstallateur OR Kältetechnik) Duisburg,https://www.wallhorn-haustechnik.de/,wallhorn-haustechnik.de,info@wallhorn-haustechnik.de,https://www.wallhorn-haustechnik.de/ | https://www.wallhorn-haustechnik.de/scripts/kontakt/mail.aspx | https://www.wallhorn-haustechnik.de/unternehmen/shk/kontakt,found
Körner GmbH & Co KG – Ihr Partner für Haustechnik aus Duisburg,Duisburg,(Sanitärinstallateur OR Heizungsinstallateur OR Kältetechnik) Duisburg,https://walter-koerner.de/,walter-koerner.de,info@walter-koerner.de,https://walter-koerner.de/ | https://walter-koerner.de/ueber-uns/ | https://walter-koerner.de/kontakt/,found
Eisblock - Ihr Kälte und Klima Meisterbetrieb in Duisburg Rheinhausen,Duisburg,(Sanitärinstallateur OR Heizungsinstallateur OR Kältetechnik) Duisburg,https://www.eis-block.de/,eis-block.de,info@eis-block.de,https://www.eis-block.de/ | https://www.eis-block.de/impressumseite.html,found
"Dirk Demant, Heizung, Sanitär & Solar | Installateur, Duisburg",Duisburg,(Sanitärinstallateur OR Heizungsinstallateur OR Kältetechnik) Duisburg,https://www.demant.de/,demant.de,info@demant.de,https://www.demant.de/ | https://www.demant.de/scripts/kontakt/mail.aspx | https://www.demant.de/unternehmen/shk/kontakt,found
Ernst Schenk und Sohn GmbH Sanitär- und Heizungstechnik,Duisburg,(Sanitärinstallateur OR Heizungsinstallateur OR Kältetechnik) Duisburg,https://schenk-sohn.de/,schenk-sohn.de,info@schenk-sohn.de,https://schenk-sohn.de/ | https://schenk-sohn.de/kontakt/ | https://schenk-sohn.de/kontakt/,found
Michael Beyer - Sanitär Heizung Klima,Duisburg,(Sanitärinstallateur OR Heizungsinstallateur OR Kältetechnik) Duisburg,https://sanitaer-beyer.de/,sanitaer-beyer.de,info@shk-beyer.de,https://sanitaer-beyer.de/,found
"Klimaanlage Duisburg – Montage, Wartung & Beratung | INOWEST",Duisburg,(Sanitärinstallateur OR Heizungsinstallateur OR Kältetechnik) Duisburg,https://inowest.de/klimatechnik/klimaanlagen-duisburg/,inowest.de,,,fetch_error:URLError
Maßberg: Startseite,Duisburg,(Sanitärinstallateur OR Heizungsinstallateur OR Kältetechnik) Duisburg,https://www.massberg-shk.de/,massberg-shk.de,,https://www.massberg-shk.de/ | https://www.massberg-shk.de/impressum/,no_generic_email
Verweyen GmbH: Sanitär Heizung Duisburg,Duisburg,(Sanitärinstallateur OR Heizungsinstallateur OR Kältetechnik) Duisburg,https://www.verweyen-duisburg.de/,verweyen-duisburg.de,info@verweyen-duisburg.de,https://www.verweyen-duisburg.de/ | https://www.verweyen-duisburg.de/scripts/kontakt/mail.aspx | https://www.verweyen-duisburg.de/unternehmen/shk/kontakt,found
Nico Sowa // Sanitär • Heizung,Duisburg,(Sanitärinstallateur OR Heizungsinstallateur OR Kältetechnik) Duisburg,https://www.nicosowa.de/,nicosowa.de,,https://www.nicosowa.de/,no_generic_email
Senel Sanitär Heizung GmbH – Sanitär & Heizung Duisburg | 24/7 ...,Duisburg,(Sanitärinstallateur OR Heizungsinstallateur OR Kältetechnik) Duisburg,https://heizung-ts.com/,heizung-ts.com,info@heizung-ts.com,https://heizung-ts.com/ | https://heizung-ts.com/contact,found
Haustechnik Duisburg - Sanitär Heizung Energieberatung,Duisburg,(Sanitärinstallateur OR Heizungsinstallateur OR Kältetechnik) Duisburg,https://www.haustechnik-duisburg.com/,haustechnik-duisburg.com,info@haustechnik-duisburg.com,https://www.haustechnik-duisburg.com/ | https://www.haustechnik-duisburg.com/kontakt/ | https://www.haustechnik-duisburg.com/impressum/,found
Karl Wilhelm Jeske GmbH: Home,Duisburg,(Sanitärinstallateur OR Heizungsinstallateur OR Kältetechnik) Duisburg,https://www.jeske.de/,jeske.de,info@jeske.de,https://www.jeske.de/ | https://www.jeske.de/kontakt.html | https://www.jeske.de/impressum.html,found
MISMAHL aus Duisburg Duissern Heizung - Sanitär - Klempner ...,Duisburg,(Sanitärinstallateur OR Heizungsinstallateur OR Kältetechnik) Duisburg,https://mismahl.de/,mismahl.de,info@mismahl.de,https://mismahl.de/ | https://mismahl.de/ueber-uns/ | https://mismahl.de/kontaktdaten/,found
"A+M Heizungs-Sanitärtechnik GmbH, Duisburg | Firmenschau",Duisburg,(Sanitärinstallateur OR Heizungsinstallateur OR Kältetechnik) Duisburg,https://firmenschau.com/firmen/czo3OiIxOTUyOTAzIjs=/,firmenschau.com,,https://firmenschau.com/firmen/czo3OiIxOTUyOTAzIjs=/,no_generic_email
Yannick Meyer Heizungs- und Kältetechnik,Duisburg,(Sanitärinstallateur OR Heizungsinstallateur OR Kältetechnik) Duisburg,https://heizung-kaelte.de/,heizung-kaelte.de,info@heizung-kaelte.de,https://heizung-kaelte.de/ | https://heizung-kaelte.de/impressum/ | https://heizung-kaelte.de/impressum/,found
Hein Klimatechnik GmbH - Damit Ihnen nicht die Luft ausgeht,Duisburg,(Sanitärinstallateur OR Heizungsinstallateur OR Kältetechnik) Duisburg,https://www.hein-klimatechnik.de/,hein-klimatechnik.de,mail@hein-klimatechnik.de,https://www.hein-klimatechnik.de/ | https://www.hein-klimatechnik.de/ueber-uns/ | https://www.hein-klimatechnik.de/impressum/,found
"Haustechnik Duisburg: Elektrik, Heizung, Bad, Sanitär & Klima",Duisburg,(Sanitärinstallateur OR Heizungsinstallateur OR Kältetechnik) Duisburg,https://www.a-i-haustechnik.de/,a-i-haustechnik.de,//outlook.office.com/book/aihaustechnik@netorgft19511939.onmicrosoft.com; info@a-i-haustechnik.de; info@a-i-haustechnik.deweb,https://www.a-i-haustechnik.de/ | https://www.a-i-haustechnik.de/kontakt/ | https://www.a-i-haustechnik.de/impressum/,found
Axel Schepers Fliesen – Sanitär – Heizung - Click-ocean.net,Duisburg,(Sanitärinstallateur OR Heizungsinstallateur OR Kältetechnik) Duisburg,https://www.click-ocean.net/video/show/video_id/2302,click-ocean.net,,https://www.click-ocean.net/video/show/video_id/2302 | https://www.click-ocean.net/page/show/page/about | https://www.click-ocean.net/contact/,no_generic_email
Elektro Horn GmbH - e-masters - Duisburg,Duisburg,(Elektriker OR Gebäudetechnik OR Sicherheitstechnik OR Rohrreinigung) Duisburg,https://www.elektrohorn-gmbh.de/,elektrohorn-gmbh.de,,https://www.elektrohorn-gmbh.de/ | https://www.elektrohorn-gmbh.de/wir-ueber-uns.html | https://www.elektrohorn-gmbh.de/wir-ueber-uns/historie.html,no_generic_email
"Badsanierung & Heizungsbau in und um Duisburg, Düsseldorf",Duisburg,(Sanitärinstallateur OR Heizungsinstallateur OR Kältetechnik) Duisburg,https://dsa-duisburg.de/,dsa-duisburg.de,info@dsa-duisburg.de,https://dsa-duisburg.de/ | https://dsa-duisburg.de/ueber-uns/ | https://dsa-duisburg.de/kontakt/,found
K & M Elektrotechnik Duisburg,Duisburg,(Elektriker OR Gebäudetechnik OR Sicherheitstechnik OR Rohrreinigung) Duisburg,https://www.km-elektro.info/,km-elektro.info,office@km-elektro.info,https://www.km-elektro.info/ | https://www.km-elektro.info/kontaktaufnahme | https://www.km-elektro.info/impressum,found
Ausbildungsplätze Energie- und Gebäudetechnik Duisburg,Duisburg,(Elektriker OR Gebäudetechnik OR Sicherheitstechnik OR Rohrreinigung) Duisburg,https://www.jobs-in-duisburg.com/ausbildung/energie-und-gebaeudetechnik-duisburg,jobs-in-duisburg.com,,https://www.jobs-in-duisburg.com/ausbildung/energie-und-gebaeudetechnik-duisburg | https://www.jobs-in-duisburg.com/impressum.html,no_generic_email
Elektriker Duisburg | BakirConnect Meisterbetrieb,Duisburg,(Elektriker OR Gebäudetechnik OR Sicherheitstechnik OR Rohrreinigung) Duisburg,https://www.bakirconnect.de/,bakirconnect.de,info@bakirconnect.de; mail@example.com,https://www.bakirconnect.de/ | https://www.bakirconnect.de/ueber-uns/ | https://www.bakirconnect.de/kontakt/,found
"Haustechnik Taher: Sanitär, Heizung & Klima In Duisburg",Duisburg,(Sanitärinstallateur OR Heizungsinstallateur OR Kältetechnik) Duisburg,https://haustechniktaher.de/,haustechniktaher.de,info@haustechniktaher.de,https://haustechniktaher.de/ | https://haustechniktaher.de/kontakt/ | https://haustechniktaher.de/impressum/,found
Kontakt - KLAßEN Sanitär & Heizungstechnik e.K,Duisburg,(Sanitärinstallateur OR Heizungsinstallateur OR Kältetechnik) Duisburg,https://heizungstechnik-duisburg.de/kontakt/,heizungstechnik-duisburg.de,info@sanitaer-heizung-klassen.de,https://heizungstechnik-duisburg.de/kontakt/ | https://heizungstechnik-duisburg.de/kontakt/ | https://heizungstechnik-duisburg.de/uber-uns/,found
Ausbildung Ausbildung Elektroniker (m/w/d) Energie,Duisburg,(Elektriker OR Gebäudetechnik OR Sicherheitstechnik OR Rohrreinigung) Duisburg,https://www.elomech-gruppe.de/blog/jobs/ausbildung-elektroniker-m-w-d-energie-und-gebaeudetechnik/,elomech-gruppe.de,info@bgp-emedia.de; info@elomech.de; kontakt@neugebauer.net,https://www.elomech-gruppe.de/blog/jobs/ausbildung-elektroniker-m-w-d-energie-und-gebaeudetechnik/ | https://www.elomech-gruppe.de/kontakt/ | https://www.elomech-gruppe.de/impressum/,found
GS Elektrotechnik GmbH & Co. KG - Duisburg: Stellenangebote,Duisburg,(Elektriker OR Gebäudetechnik OR Sicherheitstechnik OR Rohrreinigung) Duisburg,https://www.gs-et.de/wir-ueber-uns/stellenangebote.html,gs-et.de,,https://www.gs-et.de/wir-ueber-uns/stellenangebote.html | https://www.gs-et.de/wir-ueber-uns/stellenangebote.html | https://www.gs-et.de/wir-ueber-uns.html,no_generic_email
Mohrmann-Elektrotechnik | In den Bänden 50 | 47229 Duisburg,Duisburg,(Elektriker OR Gebäudetechnik OR Sicherheitstechnik OR Rohrreinigung) Duisburg,http://www.mohrmann-elektrotechnik.de/,mohrmann-elektrotechnik.de,,http://www.mohrmann-elektrotechnik.de/ | http://www.mohrmann-elektrotechnik.de/kontakt.html | http://www.mohrmann-elektrotechnik.de/imprint.html,no_generic_email
Elektro Schröder Meisterbetrieb e. K. - Duisburg - e-masters -,Duisburg,(Elektriker OR Gebäudetechnik OR Sicherheitstechnik OR Rohrreinigung) Duisburg,https://www.e-schroeder.de/,e-schroeder.de,,https://www.e-schroeder.de/ | https://www.e-schroeder.de/wir-ueber-uns.html | https://www.e-schroeder.de/wir-ueber-uns/stellenangebote.html,no_generic_email
Innungsbetriebe - Elektro-Innung Duisburg,Duisburg,(Elektriker OR Gebäudetechnik OR Sicherheitstechnik OR Rohrreinigung) Duisburg,https://www.elektro-innung-duisburg.de/innungsbetriebe.html,elektro-innung-duisburg.de,,,fetch_error:HTTPError
Elektrotechniker Gebäudetechnik Jobs in Duisburg - vollzeitjobs.de,Duisburg,(Elektriker OR Gebäudetechnik OR Sicherheitstechnik OR Rohrreinigung) Duisburg,https://www.vollzeitjobs.de/elektrotechniker-gebaeudetechnik-jobs-duisburg,vollzeitjobs.de,,https://www.vollzeitjobs.de/elektrotechniker-gebaeudetechnik-jobs-duisburg | https://www.vollzeitjobs.de/ueber-uns.html | https://www.vollzeitjobs.de/impressum.html,no_generic_email
- Home,Duisburg,(Elektriker OR Gebäudetechnik OR Sicherheitstechnik OR Rohrreinigung) Duisburg,https://ruhrelektro1.de/Home,ruhrelektro1.de,info@ruhrelektro1.de,https://ruhrelektro1.de/Home | https://ruhrelektro1.de/Kontakt | https://ruhrelektro1.de/Ueber-uns,found
"47 Gebäude-, Versorgungs-, Sicherheitstechnik Jobs in Duisburg ...",Duisburg,(Elektriker OR Gebäudetechnik OR Sicherheitstechnik OR Rohrreinigung) Duisburg,https://www.ruhr24jobs.de/jobs/gebaeude-versorgungs-sicherheitstechnik/duisburg?page=4,ruhr24jobs.de,info@ruhr24jobs.de,https://www.ruhr24jobs.de/jobs/gebaeude-versorgungs-sicherheitstechnik/duisburg?page=4,found
Gebäudetechnik Schneider aus Duisburg - Heizung - Sanitär ...,Duisburg,(Elektriker OR Gebäudetechnik OR Sicherheitstechnik OR Rohrreinigung) Duisburg,https://gebaeude-industrietechnik.de/,gebaeude-industrietechnik.de,info@gebaeudetechnik-duisburg.de,https://gebaeude-industrietechnik.de/ | https://gebaeude-industrietechnik.de/ueber-uns/ | https://gebaeude-industrietechnik.de/kontakt/,found
Elektro Schilitz in Duisburg - Gebäudetechnik - Antennenanlagen ...,Duisburg,(Elektriker OR Gebäudetechnik OR Sicherheitstechnik OR Rohrreinigung) Duisburg,https://elektro-duisburg.de/,elektro-duisburg.de,info@elektro-schilitz.de; service@elektro-schilitz.de,https://elektro-duisburg.de/ | https://elektro-duisburg.de/ueber-uns/ | https://elektro-duisburg.de/kontakt/,found
"Elektrotechnik Metallbau Rhein-Ruhr, Start, 47269 Duisburg",Duisburg,(Elektriker OR Gebäudetechnik OR Sicherheitstechnik OR Rohrreinigung) Duisburg,https://www.elektrik-metall.de/,elektrik-metall.de,info@elektrik-metall.de; service@w4pro.de,https://www.elektrik-metall.de/,found
Elektrotechnik - Dezernat Gebäudemanagement,Duisburg,(Elektriker OR Gebäudetechnik OR Sicherheitstechnik OR Rohrreinigung) Duisburg,https://www.uni-due.de/verwaltung/gebaeudemanagement/elektrotechnik_du.php,uni-due.de,,https://www.uni-due.de/verwaltung/gebaeudemanagement/elektrotechnik_du.php | https://www.uni-due.de/person.php?id=49359 | https://www.uni-due.de/person.php?id=56302,no_generic_email
"Elektrotechnik Kluba, Ihr starker Partner für die Elektrotechnik und ...",Duisburg,(Elektriker OR Gebäudetechnik OR Sicherheitstechnik OR Rohrreinigung) Duisburg,https://www.elektro-kluba.de/,elektro-kluba.de,info@elektro-kluba.de,https://www.elektro-kluba.de/ | https://www.elektro-kluba.de/Ueber-uns/ | https://www.elektro-kluba.de/Kontakt/,found
Elektro Kuperski,Duisburg,(Elektriker OR Gebäudetechnik OR Sicherheitstechnik OR Rohrreinigung) Duisburg,https://www.elektro-kuperski.de/,elektro-kuperski.de,info@elektro-kuperski.de,https://www.elektro-kuperski.de/ | https://www.elektro-kuperski.de/contact.php | https://www.elektro-kuperski.de/impressum.html,found
Elektriker Duisburg » die 254 besten Adressen,Duisburg,(Elektriker OR Gebäudetechnik OR Sicherheitstechnik OR Rohrreinigung) Duisburg,https://www.11880-elektriker.com/elektriker/duisburg?utm_source=portal_searchresult&source=portal_searchresult,11880-elektriker.com,info@egi-elektro.de; info@ges-mo.de; info@hausgeraete-favora.de; info@roth-haustechnik.de; kontakt@abas-brandschutz.de; kontakt@mga-elektrotechnik.de,https://www.11880-elektriker.com/elektriker/duisburg?utm_source=portal_searchresult&source=portal_searchresult | https://www.11880-elektriker.com/impressum,found
"Greve Elektrotechnik in Duisburg, Nordrhein-Westfalen",Duisburg,(Elektriker OR Gebäudetechnik OR Sicherheitstechnik OR Rohrreinigung) Duisburg,https://www.greve-elektrotechnik.de/,greve-elektrotechnik.de,info@greve-elektrotechnik.de,https://www.greve-elektrotechnik.de/ | https://www.greve-elektrotechnik.de/ueber-uns/ | https://www.greve-elektrotechnik.de/kontakt/,found
Elektro E.S.A.D. GmbH: Elektro – Sicherheits – Antennen ...,Duisburg,(Elektriker OR Gebäudetechnik OR Sicherheitstechnik OR Rohrreinigung) Duisburg,https://www.elektro-esad.de/,elektro-esad.de,info@elektro-esad.de,https://www.elektro-esad.de/ | https://www.elektro-esad.de/ueber-uns/ | https://www.elektro-esad.de/kontakt/,found
Haustechnik - ELEKTRO MA Meisterbetrieb - Elektriker Duisburg,Duisburg,(Elektriker OR Gebäudetechnik OR Sicherheitstechnik OR Rohrreinigung) Duisburg,https://www.elektro-ma24.de/leistungen/haustechnik,elektro-ma24.de,info@elektro-ma24.de,https://www.elektro-ma24.de/leistungen/haustechnik | https://www.elektro-ma24.de/impressum,found
Rohrreinigung Duisburg – RKT-NRW GmbH,Duisburg,(Elektriker OR Gebäudetechnik OR Sicherheitstechnik OR Rohrreinigung) Duisburg,https://rkt-nrw.de/rohrreinigung-duisburg/,rkt-nrw.de,mail@rkt.nrw,https://rkt-nrw.de/rohrreinigung-duisburg/ | https://rkt-nrw.de/Kontakt/ | https://rkt-nrw.de/kontakt/,found
Ausbildung / Lehrgänge (ÜBL) - shk-duisburg.de,Duisburg,(Elektriker OR Gebäudetechnik OR Sicherheitstechnik OR Rohrreinigung) Duisburg,https://shk-duisburg.de/uebl.php,shk-duisburg.de,info@hwk-duesseldorf.de; info@shk-duisburg.de,https://shk-duisburg.de/uebl.php | https://shk-duisburg.de/impressum.php | https://shk-duisburg.de/kontakt.php,found
Umschulung Elektro - Bildungszentrum Handwerk Duisburg,Duisburg,(Elektriker OR Gebäudetechnik OR Sicherheitstechnik OR Rohrreinigung) Duisburg,https://www.bildungszentrum-duisburg.de/projekte/umschulungen/umschulung-elektro/,bildungszentrum-duisburg.de,,https://www.bildungszentrum-duisburg.de/projekte/umschulungen/umschulung-elektro/ | https://www.bildungszentrum-duisburg.de/ueber-uns/ | https://www.bildungszentrum-duisburg.de/kontakt/,no_generic_email
Elektro Bieniek Installation - Duisburg,Duisburg,(Elektriker OR Gebäudetechnik OR Sicherheitstechnik OR Rohrreinigung) Duisburg,https://www.elektro-bieniek-installation.de/,elektro-bieniek-installation.de,mail@elektro-bieniek.de,https://www.elektro-bieniek-installation.de/ | https://www.elektro-bieniek-installation.de/kontakt/ | https://www.elektro-bieniek-installation.de/impressum/,found
Elektroniker für Energie- und Gebäudetechnik (w/m/d) - Mäurer GmbH,Duisburg,(Elektriker OR Gebäudetechnik OR Sicherheitstechnik OR Rohrreinigung) Duisburg,https://www.maeurer-gmbh.de/de/karriere/elektroniker-fuer-energie-und-gebaeudetechnik,maeurer-gmbh.de,info@maeurer-gmbh.de,https://www.maeurer-gmbh.de/de/karriere/elektroniker-fuer-energie-und-gebaeudetechnik | https://www.maeurer-gmbh.de/de/unternehmen/ueber-uns | https://www.maeurer-gmbh.de/de/kontakt,found
Elektro Sangmeister GmbH | Ihr Elektroinstallatuer | Duisburg ...,Duisburg,(Elektriker OR Gebäudetechnik OR Sicherheitstechnik OR Rohrreinigung) Duisburg,https://elektro-sangmeister.de/startseite/,elektro-sangmeister.de,info@elektro-sangmeister.de,https://elektro-sangmeister.de/startseite/ | https://elektro-sangmeister.de/ueber-uns/ | https://elektro-sangmeister.de/kontakt/,found
Die-Handwerksmeister,Duisburg,(Elektriker OR Gebäudetechnik OR Sicherheitstechnik OR Rohrreinigung) Duisburg,https://www.diehandwerksmeister.de/,diehandwerksmeister.de,,https://ts.domainname.de/diehandwerksmeister.de,no_generic_email
Seibel365 Duisburg ❤️ Gebäudetechnik für Hausverwaltungen,Duisburg,(Elektriker OR Gebäudetechnik OR Sicherheitstechnik OR Rohrreinigung) Duisburg,https://seibel-duisburg.de/,seibel-duisburg.de,service@gmbh-seibel.de,https://seibel-duisburg.de/ | https://seibel-duisburg.de/ueber-uns/ | https://seibel-duisburg.de/impressum/,found
Elektrotechnik - Lux Elektro,Duisburg,(Elektriker OR Gebäudetechnik OR Sicherheitstechnik OR Rohrreinigung) Duisburg,https://www.lux-elektro.com/elektrotechnik/,lux-elektro.com,info@lux-elektro.com,https://www.lux-elektro.com/elektrotechnik/ | https://www.lux-elektro.com/kontakt/ | https://www.lux-elektro.com/impressum/,found
E-Technik - BBBK Duisburg,Duisburg,(Elektriker OR Gebäudetechnik OR Sicherheitstechnik OR Rohrreinigung) Duisburg,https://www.bbbk.de/index.php/e-technik.html,bbbk.de,info@stadt-duisburg.de,https://www.bbbk.de/index.php/e-technik.html | https://www.bbbk.de/index.php/index.php/ueber-uns.html | https://www.bbbk.de/index.php/index.php/impressum.html,found
Elektroinstallation Sicherheit - Paul Düppe Elektro-Anlagen GmbH,Duisburg,(Elektriker OR Gebäudetechnik OR Sicherheitstechnik OR Rohrreinigung) Duisburg,https://www.elektro-dueppe.de/unsere-leistungen/intelligent-modernisieren/sicherheit-und-funktionalitaet/elektroinstallation-sicherheit.html,elektro-dueppe.de,,https://www.elektro-dueppe.de/unsere-leistungen/intelligent-modernisieren/sicherheit-und-funktionalitaet/elektroinstallation-sicherheit.html | https://www.elektro-dueppe.de/wir-ueber-uns.html | https://www.elektro-dueppe.de/wir-ueber-uns/ansprechpartner.html,no_generic_email
Duisburg: Sicherheit und Funktionalität - EHH Elektrotechnik GmbH,Duisburg,(Elektriker OR Gebäudetechnik OR Sicherheitstechnik OR Rohrreinigung) Duisburg,https://www.ehh-gmbh.de/unsere-leistungen/intelligent-modernisieren/sicherheit-und-funktionalitaet.html,ehh-gmbh.de,,https://www.ehh-gmbh.de/unsere-leistungen/intelligent-modernisieren/sicherheit-und-funktionalitaet.html | https://www.ehh-gmbh.de/wir-ueber-uns.html | https://www.ehh-gmbh.de/kontakt.html,no_generic_email
Elektroabteilung - Duisburg - Robert-Bosch-Berufskolleg,Duisburg,(Elektriker OR Gebäudetechnik OR Sicherheitstechnik OR Rohrreinigung) Duisburg,https://rbbk-duisburg.de/bildungsangebot/elektroabteilung/,rbbk-duisburg.de,,https://rbbk-duisburg.de/bildungsangebot/elektroabteilung/ | https://rbbk-duisburg.de/kontakt/ | https://rbbk-duisburg.de/impressum/,no_generic_email
